<?xml version="1.0" encoding="UTF-8"?>

<FLOW VERSION="3.0" CLEANUP="true">
  <COMMENT></COMMENT>

  <!-- nodes -->

<INVOKE TIMEOUT="" SERVICE="wm.EDIINT.doc:checkResubmit" VALIDATE-IN="$none" VALIDATE-OUT="$none">
  <COMMENT></COMMENT>

  <!-- nodes -->

<MAP MODE="INPUT">
</MAP>

<MAP MODE="OUTPUT">
</MAP>
</INVOKE>

<BRANCH TIMEOUT="" LABELEXPRESSIONS="true">
  <COMMENT></COMMENT>

  <!-- nodes -->

<EXIT NAME="%errorMessage% != null" FROM="$flow" SIGNAL="FAILURE" FAILURE-MESSAGE="%errorMessage%">
  <COMMENT></COMMENT>
</EXIT>
</BRANCH>

<INVOKE TIMEOUT="" SERVICE="wm.EDIINT.util:getContentPartStream" VALIDATE-IN="$none" VALIDATE-OUT="$none">
  <COMMENT></COMMENT>

  <!-- nodes -->

<MAP MODE="INPUT">
  <MAPTARGET>

<Values version="2.0">
  <record name="xml" javaclass="com.wm.util.Values">
    <value name="node_type">record</value>
    <value name="field_type">record</value>
    <value name="field_dim">0</value>
    <value name="nillable">true</value>
    <array name="rec_fields" type="record" depth="1">
      <record javaclass="com.wm.util.Values">
        <value name="node_type">record</value>
        <value name="field_name">bizdoc</value>
        <value name="field_type">recref</value>
        <value name="field_dim">0</value>
        <value name="nillable">true</value>
        <value name="rec_ref">wm.tn.rec:BizDocEnvelope</value>
      </record>
      <record javaclass="com.wm.util.Values">
        <value name="node_type">unknown</value>
        <value name="field_name">partName</value>
        <value name="field_type">string</value>
        <value name="field_dim">0</value>
        <value name="nillable">true</value>
      </record>
    </array>
  </record>
</Values>
</MAPTARGET>
  <MAPSOURCE>

<Values version="2.0">
  <record name="xml" javaclass="com.wm.util.Values">
    <value name="node_type">record</value>
    <value name="field_type">record</value>
    <value name="field_dim">0</value>
    <value name="nillable">true</value>
    <array name="rec_fields" type="record" depth="1">
      <record javaclass="com.wm.util.Values">
        <value name="node_type">record</value>
        <value name="node_comment"></value>
        <record name="node_hints" javaclass="com.wm.util.Values">
          <value name="field_largerEditor">false</value>
          <value name="field_password">false</value>
        </record>
        <value name="field_name">originalDoc</value>
        <value name="field_type">recref</value>
        <value name="field_dim">0</value>
        <value name="nillable">true</value>
        <value name="rec_closed">true</value>
        <value name="rec_ref">wm.tn.rec:BizDocEnvelope</value>
      </record>
    </array>
  </record>
</Values>
</MAPSOURCE>

  <!-- nodes -->

<MAPCOPY NAME="Link" FROM="/originalDoc;4;0;wm.tn.rec:BizDocEnvelope" TO="/bizdoc;4;0;wm.tn.rec:BizDocEnvelope">
</MAPCOPY>

<MAPSET NAME="Setter" OVERWRITE="true" VARIABLES="false" FIELD="/partName;1;0">
  <DATA ENCODING="XMLValues" I18N="true">

<Values version="2.0">
  <value name="xml">payload</value>
  <record name="type" javaclass="com.wm.util.Values">
    <value name="node_type">unknown</value>
    <value name="field_name">partName</value>
    <value name="field_type">string</value>
    <value name="field_dim">0</value>
    <value name="nillable">true</value>
  </record>
</Values>
</DATA>
</MAPSET>
</MAP>

<MAP MODE="OUTPUT">
  <MAPTARGET>

<Values version="2.0">
  <record name="xml" javaclass="com.wm.util.Values">
    <value name="node_type">record</value>
    <value name="field_type">record</value>
    <value name="field_dim">0</value>
    <value name="nillable">true</value>
    <array name="rec_fields" type="record" depth="1">
      <record javaclass="com.wm.util.Values">
        <value name="node_type">record</value>
        <value name="field_name">bizdoc</value>
        <value name="field_type">recref</value>
        <value name="field_dim">0</value>
        <value name="nillable">true</value>
        <value name="rec_ref">wm.tn.rec:BizDocEnvelope</value>
      </record>
      <record javaclass="com.wm.util.Values">
        <value name="node_type">unknown</value>
        <value name="field_name">partName</value>
        <value name="field_type">string</value>
        <value name="field_dim">0</value>
        <value name="nillable">true</value>
      </record>
      <record javaclass="com.wm.util.Values">
        <value name="node_type">record</value>
        <value name="node_comment"></value>
        <record name="node_hints" javaclass="com.wm.util.Values">
          <value name="field_largerEditor">false</value>
          <value name="field_password">false</value>
        </record>
        <value name="field_name">originalDoc</value>
        <value name="field_type">recref</value>
        <value name="field_dim">0</value>
        <value name="nillable">true</value>
        <value name="rec_closed">true</value>
        <value name="rec_ref">wm.tn.rec:BizDocEnvelope</value>
      </record>
      <record javaclass="com.wm.util.Values">
        <value name="node_type">unknown</value>
        <value name="field_name">stream</value>
        <value name="field_type">object</value>
        <value name="field_dim">0</value>
        <value name="nillable">true</value>
      </record>
      <record javaclass="com.wm.util.Values">
        <value name="node_type">record</value>
        <value name="field_name">contentType</value>
        <value name="field_type">string</value>
        <value name="field_dim">0</value>
        <value name="nillable">true</value>
      </record>
      <record javaclass="com.wm.util.Values">
        <value name="node_type">record</value>
        <value name="node_comment"></value>
        <record name="node_hints" javaclass="com.wm.util.Values">
          <value name="field_largerEditor">false</value>
          <value name="field_password">false</value>
        </record>
        <value name="field_name">reservation</value>
        <value name="field_type">object</value>
        <value name="field_dim">0</value>
        <value name="field_opt">true</value>
        <value name="nillable">true</value>
      </record>
      <record javaclass="com.wm.util.Values">
        <value name="node_type">unknown</value>
        <value name="field_name">payloadStream</value>
        <value name="field_type">object</value>
        <value name="field_dim">0</value>
        <value name="nillable">true</value>
      </record>
    </array>
  </record>
</Values>
</MAPTARGET>
  <MAPSOURCE>

<Values version="2.0">
  <record name="xml" javaclass="com.wm.util.Values">
    <value name="node_type">record</value>
    <value name="field_type">record</value>
    <value name="field_dim">0</value>
    <value name="nillable">true</value>
    <array name="rec_fields" type="record" depth="1">
      <record javaclass="com.wm.util.Values">
        <value name="node_type">unknown</value>
        <value name="field_name">stream</value>
        <value name="field_type">object</value>
        <value name="field_dim">0</value>
        <value name="nillable">true</value>
      </record>
      <record javaclass="com.wm.util.Values">
        <value name="node_type">record</value>
        <value name="field_name">contentType</value>
        <value name="field_type">string</value>
        <value name="field_dim">0</value>
        <value name="nillable">true</value>
      </record>
      <record javaclass="com.wm.util.Values">
        <value name="node_type">record</value>
        <value name="node_comment"></value>
        <record name="node_hints" javaclass="com.wm.util.Values">
          <value name="field_largerEditor">false</value>
          <value name="field_password">false</value>
        </record>
        <value name="field_name">reservation</value>
        <value name="field_type">object</value>
        <value name="field_dim">0</value>
        <value name="field_opt">true</value>
        <value name="nillable">true</value>
      </record>
    </array>
  </record>
</Values>
</MAPSOURCE>

  <!-- nodes -->

<MAPDELETE NAME="Dropper" FIELD="/contentType;1;0">
</MAPDELETE>

<MAPDELETE NAME="Dropper" FIELD="/reservation;3;0">
</MAPDELETE>

<MAPDELETE NAME="Dropper" FIELD="/partName;1;0">
</MAPDELETE>

<MAPDELETE NAME="Dropper" FIELD="/bizdoc;4;0;wm.tn.rec:BizDocEnvelope">
</MAPDELETE>

<MAPCOPY NAME="Link" FROM="/stream;3;0" TO="/payloadStream;3;0">
</MAPCOPY>

<MAPDELETE NAME="Dropper" FIELD="/stream;3;0">
</MAPDELETE>
</MAP>
</INVOKE>

<INVOKE TIMEOUT="" SERVICE="wm.EDIINT.util:getContentPartStream" VALIDATE-IN="$none" VALIDATE-OUT="$none">
  <COMMENT></COMMENT>

  <!-- nodes -->

<MAP MODE="INPUT">
  <MAPTARGET>

<Values version="2.0">
  <record name="xml" javaclass="com.wm.util.Values">
    <value name="node_type">record</value>
    <value name="field_type">record</value>
    <value name="field_dim">0</value>
    <value name="nillable">true</value>
    <array name="rec_fields" type="record" depth="1">
      <record javaclass="com.wm.util.Values">
        <value name="node_type">record</value>
        <value name="field_name">bizdoc</value>
        <value name="field_type">recref</value>
        <value name="field_dim">0</value>
        <value name="nillable">true</value>
        <value name="rec_ref">wm.tn.rec:BizDocEnvelope</value>
      </record>
      <record javaclass="com.wm.util.Values">
        <value name="node_type">unknown</value>
        <value name="field_name">partName</value>
        <value name="field_type">string</value>
        <value name="field_dim">0</value>
        <value name="nillable">true</value>
      </record>
    </array>
  </record>
</Values>
</MAPTARGET>
  <MAPSOURCE>

<Values version="2.0">
  <record name="xml" javaclass="com.wm.util.Values">
    <value name="node_type">record</value>
    <value name="field_type">record</value>
    <value name="field_dim">0</value>
    <value name="nillable">true</value>
    <array name="rec_fields" type="record" depth="1">
      <record javaclass="com.wm.util.Values">
        <value name="node_type">record</value>
        <value name="node_comment"></value>
        <record name="node_hints" javaclass="com.wm.util.Values">
          <value name="field_largerEditor">false</value>
          <value name="field_password">false</value>
        </record>
        <value name="field_name">originalDoc</value>
        <value name="field_type">recref</value>
        <value name="field_dim">0</value>
        <value name="nillable">true</value>
        <value name="rec_closed">true</value>
        <value name="rec_ref">wm.tn.rec:BizDocEnvelope</value>
      </record>
      <record javaclass="com.wm.util.Values">
        <value name="node_type">unknown</value>
        <value name="field_name">payloadStream</value>
        <value name="field_type">object</value>
        <value name="field_dim">0</value>
        <value name="nillable">true</value>
      </record>
    </array>
  </record>
</Values>
</MAPSOURCE>

  <!-- nodes -->

<MAPCOPY NAME="Link" FROM="/originalDoc;4;0;wm.tn.rec:BizDocEnvelope" TO="/bizdoc;4;0;wm.tn.rec:BizDocEnvelope">
</MAPCOPY>

<MAPSET NAME="Setter" OVERWRITE="true" VARIABLES="false" FIELD="/partName;1;0">
  <DATA ENCODING="XMLValues" I18N="true">

<Values version="2.0">
  <value name="xml">inputs</value>
  <record name="type" javaclass="com.wm.util.Values">
    <value name="node_type">unknown</value>
    <value name="field_name">partName</value>
    <value name="field_type">string</value>
    <value name="field_dim">0</value>
    <value name="nillable">true</value>
  </record>
</Values>
</DATA>
</MAPSET>
</MAP>

<MAP MODE="OUTPUT">
  <MAPTARGET>

<Values version="2.0">
  <record name="xml" javaclass="com.wm.util.Values">
    <value name="node_type">record</value>
    <value name="field_type">record</value>
    <value name="field_dim">0</value>
    <value name="nillable">true</value>
    <array name="rec_fields" type="record" depth="1">
      <record javaclass="com.wm.util.Values">
        <value name="node_type">record</value>
        <value name="field_name">bizdoc</value>
        <value name="field_type">recref</value>
        <value name="field_dim">0</value>
        <value name="nillable">true</value>
        <value name="rec_ref">wm.tn.rec:BizDocEnvelope</value>
      </record>
      <record javaclass="com.wm.util.Values">
        <value name="node_type">unknown</value>
        <value name="field_name">partName</value>
        <value name="field_type">string</value>
        <value name="field_dim">0</value>
        <value name="nillable">true</value>
      </record>
      <record javaclass="com.wm.util.Values">
        <value name="node_type">record</value>
        <value name="node_comment"></value>
        <record name="node_hints" javaclass="com.wm.util.Values">
          <value name="field_largerEditor">false</value>
          <value name="field_password">false</value>
        </record>
        <value name="field_name">originalDoc</value>
        <value name="field_type">recref</value>
        <value name="field_dim">0</value>
        <value name="nillable">true</value>
        <value name="rec_closed">true</value>
        <value name="rec_ref">wm.tn.rec:BizDocEnvelope</value>
      </record>
      <record javaclass="com.wm.util.Values">
        <value name="node_type">unknown</value>
        <value name="field_name">payloadStream</value>
        <value name="field_type">object</value>
        <value name="field_dim">0</value>
        <value name="nillable">true</value>
      </record>
      <record javaclass="com.wm.util.Values">
        <value name="node_type">unknown</value>
        <value name="field_name">stream</value>
        <value name="field_type">object</value>
        <value name="field_dim">0</value>
        <value name="nillable">true</value>
      </record>
      <record javaclass="com.wm.util.Values">
        <value name="node_type">record</value>
        <value name="field_name">contentType</value>
        <value name="field_type">string</value>
        <value name="field_dim">0</value>
        <value name="nillable">true</value>
      </record>
      <record javaclass="com.wm.util.Values">
        <value name="node_type">record</value>
        <value name="node_comment"></value>
        <record name="node_hints" javaclass="com.wm.util.Values">
          <value name="field_largerEditor">false</value>
          <value name="field_password">false</value>
        </record>
        <value name="field_name">reservation</value>
        <value name="field_type">object</value>
        <value name="field_dim">0</value>
        <value name="field_opt">true</value>
        <value name="nillable">true</value>
      </record>
    </array>
  </record>
</Values>
</MAPTARGET>
  <MAPSOURCE>

<Values version="2.0">
  <record name="xml" javaclass="com.wm.util.Values">
    <value name="node_type">record</value>
    <value name="field_type">record</value>
    <value name="field_dim">0</value>
    <value name="nillable">true</value>
    <array name="rec_fields" type="record" depth="1">
      <record javaclass="com.wm.util.Values">
        <value name="node_type">unknown</value>
        <value name="field_name">stream</value>
        <value name="field_type">object</value>
        <value name="field_dim">0</value>
        <value name="nillable">true</value>
      </record>
      <record javaclass="com.wm.util.Values">
        <value name="node_type">record</value>
        <value name="field_name">contentType</value>
        <value name="field_type">string</value>
        <value name="field_dim">0</value>
        <value name="nillable">true</value>
      </record>
      <record javaclass="com.wm.util.Values">
        <value name="node_type">record</value>
        <value name="node_comment"></value>
        <record name="node_hints" javaclass="com.wm.util.Values">
          <value name="field_largerEditor">false</value>
          <value name="field_password">false</value>
        </record>
        <value name="field_name">reservation</value>
        <value name="field_type">object</value>
        <value name="field_dim">0</value>
        <value name="field_opt">true</value>
        <value name="nillable">true</value>
      </record>
    </array>
  </record>
</Values>
</MAPSOURCE>

  <!-- nodes -->

<MAPDELETE NAME="Dropper" FIELD="/contentType;1;0">
</MAPDELETE>

<MAPDELETE NAME="Dropper" FIELD="/reservation;3;0">
</MAPDELETE>

<MAPDELETE NAME="Dropper" FIELD="/partName;1;0">
</MAPDELETE>

<MAPDELETE NAME="Dropper" FIELD="/bizdoc;4;0;wm.tn.rec:BizDocEnvelope">
</MAPDELETE>
</MAP>
</INVOKE>

<INVOKE TIMEOUT="" SERVICE="pub.io:streamToBytes" VALIDATE-IN="$none" VALIDATE-OUT="$none">
  <COMMENT></COMMENT>

  <!-- nodes -->

<MAP MODE="INPUT">
</MAP>

<MAP MODE="OUTPUT">
</MAP>
</INVOKE>

<INVOKE TIMEOUT="" SERVICE="wm.EDIINT.util:decodeFromBytes" VALIDATE-IN="$none" VALIDATE-OUT="$none">
  <COMMENT></COMMENT>

  <!-- nodes -->

<MAP MODE="INPUT">
</MAP>

<MAP MODE="OUTPUT">
  <MAPTARGET>

<Values version="2.0">
  <record name="xml" javaclass="com.wm.util.Values">
    <value name="node_type">record</value>
    <value name="field_type">record</value>
    <value name="field_dim">0</value>
    <value name="nillable">true</value>
    <array name="rec_fields" type="record" depth="1">
      <record javaclass="com.wm.util.Values">
        <value name="node_type">record</value>
        <value name="node_comment"></value>
        <record name="node_hints" javaclass="com.wm.util.Values">
          <value name="field_largerEditor">false</value>
          <value name="field_password">false</value>
        </record>
        <value name="field_name">originalDoc</value>
        <value name="field_type">recref</value>
        <value name="field_dim">0</value>
        <value name="nillable">true</value>
        <value name="rec_closed">true</value>
        <value name="rec_ref">wm.tn.rec:BizDocEnvelope</value>
      </record>
      <record javaclass="com.wm.util.Values">
        <value name="node_type">unknown</value>
        <value name="field_name">payloadStream</value>
        <value name="field_type">object</value>
        <value name="field_dim">0</value>
        <value name="nillable">true</value>
      </record>
      <record javaclass="com.wm.util.Values">
        <value name="node_type">unknown</value>
        <value name="field_name">stream</value>
        <value name="field_type">object</value>
        <value name="field_dim">0</value>
        <value name="nillable">true</value>
      </record>
      <record javaclass="com.wm.util.Values">
        <value name="node_type">unknown</value>
        <value name="field_name">bytes</value>
        <value name="field_type">object</value>
        <value name="field_dim">0</value>
        <value name="nillable">true</value>
      </record>
      <record javaclass="com.wm.util.Values">
        <value name="node_type">record</value>
        <value name="node_comment"></value>
        <record name="node_hints" javaclass="com.wm.util.Values">
          <value name="field_largerEditor">false</value>
          <value name="field_password">false</value>
        </record>
        <value name="field_name">outputs</value>
        <value name="field_type">record</value>
        <value name="field_dim">0</value>
        <value name="nillable">true</value>
        <array name="rec_fields" type="record" depth="1">
        </array>
        <value name="rec_closed">true</value>
      </record>
    </array>
  </record>
</Values>
</MAPTARGET>
  <MAPSOURCE>

<Values version="2.0">
  <record name="xml" javaclass="com.wm.util.Values">
    <value name="node_type">record</value>
    <value name="field_type">record</value>
    <value name="field_dim">0</value>
    <value name="nillable">true</value>
    <array name="rec_fields" type="record" depth="1">
    </array>
  </record>
</Values>
</MAPSOURCE>

  <!-- nodes -->

<MAPDELETE NAME="Dropper" FIELD="/stream;3;0">
</MAPDELETE>

<MAPDELETE NAME="Dropper" FIELD="/bytes;3;0">
</MAPDELETE>
</MAP>
</INVOKE>

<INVOKE TIMEOUT="" SERVICE="wm.EDIINT:send" VALIDATE-IN="$none" VALIDATE-OUT="$none">
  <COMMENT></COMMENT>

  <!-- nodes -->

<MAP MODE="INPUT">
  <MAPTARGET>

<Values version="2.0">
  <record name="xml" javaclass="com.wm.util.Values">
    <value name="node_type">record</value>
    <value name="field_type">record</value>
    <value name="field_dim">0</value>
    <value name="nillable">true</value>
    <array name="rec_fields" type="record" depth="1">
      <record javaclass="com.wm.util.Values">
        <value name="node_type">record</value>
        <value name="node_comment"></value>
        <record name="node_hints" javaclass="com.wm.util.Values">
          <value name="field_usereditable">false</value>
          <value name="field_largerEditor">false</value>
          <value name="field_password">false</value>
        </record>
        <value name="field_name">Type</value>
        <value name="field_type">string</value>
        <value name="field_dim">0</value>
        <array name="field_options" type="value" depth="1">
          <value>signed</value>
          <value>encrypted</value>
          <value>signedAndEncrypted</value>
          <value>plain</value>
          <value>getFromProfile</value>
        </array>
        <value name="nillable">true</value>
      </record>
      <record javaclass="com.wm.util.Values">
        <value name="node_type">record</value>
        <value name="node_comment"></value>
        <record name="node_hints" javaclass="com.wm.util.Values">
          <value name="field_usereditable">false</value>
          <value name="field_largerEditor">false</value>
          <value name="field_password">false</value>
        </record>
        <value name="field_name">compressed</value>
        <value name="field_type">string</value>
        <value name="field_dim">0</value>
        <array name="field_options" type="value" depth="1">
          <value>false</value>
          <value>true</value>
        </array>
        <value name="nillable">true</value>
      </record>
      <record javaclass="com.wm.util.Values">
        <value name="node_type">record</value>
        <value name="node_comment"></value>
        <record name="node_hints" javaclass="com.wm.util.Values">
          <value name="field_usereditable">false</value>
          <value name="field_largerEditor">false</value>
          <value name="field_password">false</value>
        </record>
        <value name="field_name">deliveryMethod</value>
        <value name="field_type">string</value>
        <value name="field_dim">0</value>
        <array name="field_options" type="value" depth="1">
          <value>PrimaryHTTP</value>
          <value>SecondaryHTTP</value>
          <value>PrimaryHTTPS</value>
          <value>SecondaryHTTPS</value>
          <value>PrimarySMTP</value>
          <value>SecondarySMTP</value>
          <value>AS3</value>
        </array>
        <value name="nillable">true</value>
      </record>
      <record javaclass="com.wm.util.Values">
        <value name="node_type">record</value>
        <value name="node_comment"></value>
        <record name="node_hints" javaclass="com.wm.util.Values">
          <value name="field_largerEditor">false</value>
          <value name="field_password">false</value>
        </record>
        <value name="field_name">data</value>
        <value name="field_type">record</value>
        <value name="field_dim">0</value>
        <value name="nillable">true</value>
        <array name="rec_fields" type="record" depth="1">
          <record javaclass="com.wm.util.Values">
            <value name="node_type">unknown</value>
            <value name="node_comment"></value>
            <record name="node_hints" javaclass="com.wm.util.Values">
              <null name="field_usereditable"/>
              <value name="field_largerEditor">false</value>
              <value name="field_password">false</value>
            </record>
            <value name="field_name">contentType</value>
            <value name="field_type">string</value>
            <value name="field_dim">0</value>
            <value name="nillable">true</value>
          </record>
          <record javaclass="com.wm.util.Values">
            <value name="node_type">record</value>
            <value name="node_comment"></value>
            <record name="node_hints" javaclass="com.wm.util.Values">
              <value name="field_largerEditor">false</value>
              <value name="field_password">false</value>
            </record>
            <value name="field_name">stream</value>
            <value name="field_type">object</value>
            <value name="field_dim">0</value>
            <value name="nillable">true</value>
          </record>
          <record javaclass="com.wm.util.Values">
            <value name="node_type">record</value>
            <value name="node_comment"></value>
            <record name="node_hints" javaclass="com.wm.util.Values">
              <value name="field_largerEditor">false</value>
              <value name="field_password">false</value>
            </record>
            <value name="field_name">otherHeaders</value>
            <value name="field_type">record</value>
            <value name="field_dim">0</value>
            <value name="field_opt">true</value>
            <value name="nillable">true</value>
            <array name="rec_fields" type="record" depth="1">
            </array>
            <value name="rec_closed">true</value>
          </record>
        </array>
      </record>
      <record javaclass="com.wm.util.Values">
        <value name="node_type">record</value>
        <value name="node_comment"></value>
        <record name="node_hints" javaclass="com.wm.util.Values">
          <value name="field_usereditable">false</value>
          <value name="field_largerEditor">false</value>
          <value name="field_password">false</value>
        </record>
        <value name="field_name">requestMDN</value>
        <value name="field_type">string</value>
        <value name="field_dim">0</value>
        <array name="field_options" type="value" depth="1">
          <value>none</value>
          <value>synchronousMDN</value>
          <value>asynchronousMDN</value>
        </array>
        <value name="nillable">true</value>
      </record>
      <record javaclass="com.wm.util.Values">
        <value name="node_type">record</value>
        <value name="node_comment"></value>
        <record name="node_hints" javaclass="com.wm.util.Values">
          <value name="field_usereditable">false</value>
          <value name="field_largerEditor">false</value>
          <value name="field_password">false</value>
        </record>
        <value name="field_name">requestSignedReceipt</value>
        <value name="field_type">string</value>
        <value name="field_dim">0</value>
        <array name="field_options" type="value" depth="1">
          <value>false</value>
          <value>true</value>
        </array>
        <value name="nillable">true</value>
      </record>
      <record javaclass="com.wm.util.Values">
        <value name="node_type">record</value>
        <value name="node_comment"></value>
        <record name="node_hints" javaclass="com.wm.util.Values">
          <value name="field_largerEditor">false</value>
          <value name="field_password">false</value>
        </record>
        <value name="field_name">senderID</value>
        <value name="field_type">record</value>
        <value name="field_dim">0</value>
        <value name="nillable">true</value>
        <array name="rec_fields" type="record" depth="1">
          <record javaclass="com.wm.util.Values">
            <value name="node_type">unknown</value>
            <value name="field_name">id</value>
            <value name="field_type">string</value>
            <value name="field_dim">0</value>
            <value name="nillable">true</value>
          </record>
          <record javaclass="com.wm.util.Values">
            <value name="node_type">unknown</value>
            <value name="node_comment"></value>
            <record name="node_hints" javaclass="com.wm.util.Values">
              <null name="field_usereditable"/>
              <value name="field_largerEditor">false</value>
              <value name="field_password">false</value>
            </record>
            <value name="field_name">idTypeDesc</value>
            <value name="field_type">string</value>
            <value name="field_dim">0</value>
            <value name="field_opt">true</value>
            <value name="nillable">true</value>
          </record>
        </array>
      </record>
      <record javaclass="com.wm.util.Values">
        <value name="node_type">record</value>
        <value name="field_name">receiverID</value>
        <value name="field_type">record</value>
        <value name="field_dim">0</value>
        <value name="nillable">true</value>
        <array name="rec_fields" type="record" depth="1">
          <record javaclass="com.wm.util.Values">
            <value name="node_type">unknown</value>
            <value name="field_name">id</value>
            <value name="field_type">string</value>
            <value name="field_dim">0</value>
            <value name="nillable">true</value>
          </record>
          <record javaclass="com.wm.util.Values">
            <value name="node_type">unknown</value>
            <value name="node_comment"></value>
            <record name="node_hints" javaclass="com.wm.util.Values">
              <null name="field_usereditable"/>
              <value name="field_largerEditor">false</value>
              <value name="field_password">false</value>
            </record>
            <value name="field_name">idTypeDesc</value>
            <value name="field_type">string</value>
            <value name="field_dim">0</value>
            <value name="field_opt">true</value>
            <value name="nillable">true</value>
          </record>
        </array>
      </record>
      <record javaclass="com.wm.util.Values">
        <value name="node_type">record</value>
        <value name="node_comment"></value>
        <record name="node_hints" javaclass="com.wm.util.Values">
          <null name="field_usereditable"/>
          <value name="field_largerEditor">false</value>
          <value name="field_password">false</value>
        </record>
        <value name="field_name">ConversationID</value>
        <value name="field_type">string</value>
        <value name="field_dim">0</value>
        <value name="field_opt">true</value>
        <value name="nillable">true</value>
      </record>
    </array>
  </record>
</Values>
</MAPTARGET>
  <MAPSOURCE>

<Values version="2.0">
  <record name="xml" javaclass="com.wm.util.Values">
    <value name="node_type">record</value>
    <value name="field_type">record</value>
    <value name="field_dim">0</value>
    <value name="nillable">true</value>
    <array name="rec_fields" type="record" depth="1">
      <record javaclass="com.wm.util.Values">
        <value name="node_type">record</value>
        <value name="node_comment"></value>
        <record name="node_hints" javaclass="com.wm.util.Values">
          <value name="field_largerEditor">false</value>
          <value name="field_password">false</value>
        </record>
        <value name="field_name">originalDoc</value>
        <value name="field_type">recref</value>
        <value name="field_dim">0</value>
        <value name="nillable">true</value>
        <value name="rec_closed">true</value>
        <value name="rec_ref">wm.tn.rec:BizDocEnvelope</value>
      </record>
      <record javaclass="com.wm.util.Values">
        <value name="node_type">unknown</value>
        <value name="field_name">errorMessage</value>
        <value name="field_type">string</value>
        <value name="field_dim">0</value>
        <value name="nillable">true</value>
      </record>
      <record javaclass="com.wm.util.Values">
        <value name="node_type">unknown</value>
        <value name="field_name">payloadStream</value>
        <value name="field_type">object</value>
        <value name="field_dim">0</value>
        <value name="nillable">true</value>
      </record>
      <record javaclass="com.wm.util.Values">
        <value name="node_type">record</value>
        <value name="field_name">outputs</value>
        <value name="field_type">record</value>
        <value name="field_dim">0</value>
        <value name="nillable">true</value>
        <array name="rec_fields" type="record" depth="1">
          <record javaclass="com.wm.util.Values">
            <value name="node_type">unknown</value>
            <value name="field_name">Type</value>
            <value name="field_type">string</value>
            <value name="field_dim">0</value>
            <value name="nillable">true</value>
          </record>
          <record javaclass="com.wm.util.Values">
            <value name="node_type">unknown</value>
            <value name="field_name">compressed</value>
            <value name="field_type">string</value>
            <value name="field_dim">0</value>
            <value name="nillable">true</value>
          </record>
          <record javaclass="com.wm.util.Values">
            <value name="node_type">unknown</value>
            <value name="field_name">deliveryMethod</value>
            <value name="field_type">string</value>
            <value name="field_dim">0</value>
            <value name="nillable">true</value>
          </record>
          <record javaclass="com.wm.util.Values">
            <value name="node_type">record</value>
            <value name="field_name">data</value>
            <value name="field_type">record</value>
            <value name="field_dim">0</value>
            <value name="nillable">true</value>
            <array name="rec_fields" type="record" depth="1">
              <record javaclass="com.wm.util.Values">
                <value name="node_type">unknown</value>
                <value name="field_name">contentType</value>
                <value name="field_type">string</value>
                <value name="field_dim">0</value>
                <value name="nillable">true</value>
              </record>
              <record javaclass="com.wm.util.Values">
                <value name="node_type">record</value>
                <value name="node_comment"></value>
                <record name="node_hints" javaclass="com.wm.util.Values">
                  <value name="field_largerEditor">false</value>
                  <value name="field_password">false</value>
                </record>
                <value name="field_name">otherHeaders</value>
                <value name="field_type">record</value>
                <value name="field_dim">0</value>
                <value name="field_opt">true</value>
                <value name="nillable">true</value>
                <array name="rec_fields" type="record" depth="1">
                </array>
                <value name="rec_closed">true</value>
              </record>
            </array>
          </record>
          <record javaclass="com.wm.util.Values">
            <value name="node_type">unknown</value>
            <value name="field_name">requestMDN</value>
            <value name="field_type">string</value>
            <value name="field_dim">0</value>
            <value name="nillable">true</value>
          </record>
          <record javaclass="com.wm.util.Values">
            <value name="node_type">unknown</value>
            <value name="field_name">requestSignedReceipt</value>
            <value name="field_type">string</value>
            <value name="field_dim">0</value>
            <value name="nillable">true</value>
          </record>
          <record javaclass="com.wm.util.Values">
            <value name="node_type">record</value>
            <value name="field_name">senderID</value>
            <value name="field_type">record</value>
            <value name="field_dim">0</value>
            <value name="nillable">true</value>
            <array name="rec_fields" type="record" depth="1">
            </array>
          </record>
          <record javaclass="com.wm.util.Values">
            <value name="node_type">record</value>
            <value name="field_name">receiverID</value>
            <value name="field_type">record</value>
            <value name="field_dim">0</value>
            <value name="nillable">true</value>
            <array name="rec_fields" type="record" depth="1">
            </array>
          </record>
          <record javaclass="com.wm.util.Values">
            <value name="node_type">unknown</value>
            <value name="field_name">ConversationID</value>
            <value name="field_type">string</value>
            <value name="field_dim">0</value>
            <value name="nillable">true</value>
          </record>
        </array>
      </record>
    </array>
  </record>
</Values>
</MAPSOURCE>

  <!-- nodes -->

<MAPCOPY NAME="Link" FROM="/outputs;2;0/Type;1;0" TO="/Type;1;0">
</MAPCOPY>

<MAPCOPY NAME="Link" FROM="/outputs;2;0/compressed;1;0" TO="/compressed;1;0">
</MAPCOPY>

<MAPCOPY NAME="Link" FROM="/outputs;2;0/deliveryMethod;1;0" TO="/deliveryMethod;1;0">
</MAPCOPY>

<MAPCOPY NAME="Link" FROM="/outputs;2;0/data;2;0/contentType;1;0" TO="/data;2;0/contentType;1;0">
</MAPCOPY>

<MAPCOPY NAME="Link" FROM="/payloadStream;3;0" TO="/data;2;0/stream;3;0">
</MAPCOPY>

<MAPCOPY NAME="Link" FROM="/outputs;2;0/requestMDN;1;0" TO="/requestMDN;1;0">
</MAPCOPY>

<MAPCOPY NAME="Link" FROM="/outputs;2;0/requestSignedReceipt;1;0" TO="/requestSignedReceipt;1;0">
</MAPCOPY>

<MAPCOPY NAME="Link" FROM="/outputs;2;0/senderID;2;0" TO="/senderID;2;0">
</MAPCOPY>

<MAPCOPY NAME="Link" FROM="/outputs;2;0/ConversationID;1;0" TO="/ConversationID;1;0">
</MAPCOPY>

<MAPCOPY NAME="Link" FROM="/outputs;2;0/receiverID;2;0" TO="/receiverID;2;0">
</MAPCOPY>

<MAPCOPY NAME="Link" FROM="/outputs;2;0/data;2;0/otherHeaders;2;0" TO="/data;2;0/otherHeaders;2;0">
</MAPCOPY>
</MAP>

<MAP MODE="OUTPUT">
</MAP>
</INVOKE>
</FLOW>
