<?xml version="1.0" encoding="UTF-8"?>
<!-- automatically generated by GEFEG.FX -->
<!-- http://www.gefeg.com -->
<FFSchema>
  <Delimiters/>
  <DocumentStructure>
    <Ordered>true</Ordered>
    <RecordStructure>
      <Ordered>true</Ordered>
      <RecordUsage>
        <RecordId>811</RecordId>
        <Mandatory>true</Mandatory>
        <MaxOccur>1</MaxOccur>
        <AllowUndefinedData>true</AllowUndefinedData>
        <Position>NoPosition</Position>
        <AreaId>NoArea</AreaId>
        <Record>
          <RecordDefinition>
            <CheckFields>false</CheckFields>
            <RecordElement>
              <FieldUsage>
                <FieldName>81101</FieldName>
                <Mandatory>true</Mandatory>
                <Field>
                  <FieldDefinition>
                    <LengthValidator>
                      <MinLength>3</MinLength>
                      <MaxLength>3</MaxLength>
                    </LengthValidator>
                    <DataType>N0,3,3</DataType>
                    <FormatService>wm.b2b.edi.util.formatServices:formatN0</FormatService>
                    <AlternateName>Satzart</AlternateName>
                    <Description>Konstant 811, muß einmal je DFÜ-Lauf "Rechnungsdaten"  vorhanden sein.</Description>
                    <IDCode>811_01</IDCode>
                  </FieldDefinition>
                </Field>
                <FixedPositionExtractor>
                  <StartPos>0</StartPos>
                  <EndPos>3</EndPos>
                </FixedPositionExtractor>
              </FieldUsage>
            </RecordElement>
            <RecordElement>
              <FieldUsage>
                <FieldName>81102</FieldName>
                <Mandatory>true</Mandatory>
                <Field>
                  <FieldDefinition>
                    <CodeListValidator>
                      <CodeList>03</CodeList>
                    </CodeListValidator>
                    <DataType>N0,2,2</DataType>
                    <FormatService>wm.b2b.edi.util.formatServices:formatN0</FormatService>
                    <AlternateName>Versions-Nummer</AlternateName>
                    <Description>
Kennzeichnung der Aktualität einer Satzart. Wird je Satzart lückenlos aufsteigend geführt und nach jeder vom VDA-AKVD "Vordruckwesen/Datenaustausch" beschlossenen Änderung einer Satzart jeweils um 1 erhöht.
zulässig 01-99
                    </Description>
                    <IDCode>811_02</IDCode>
                  </FieldDefinition>
                </Field>
                <FixedPositionExtractor>
                  <StartPos>3</StartPos>
                  <EndPos>5</EndPos>
                </FixedPositionExtractor>
              </FieldUsage>
            </RecordElement>
            <RecordElement>
              <FieldUsage>
                <FieldName>81103</FieldName>
                <Mandatory>true</Mandatory>
                <Field>
                  <FieldDefinition>
                    <LengthValidator>
                      <MinLength>9</MinLength>
                      <MaxLength>9</MaxLength>
                    </LengthValidator>
                    <DataType>AN,9,9</DataType>
                    <FormatService>wm.b2b.edi.util.formatServices:formatAN</FormatService>
                    <AlternateName>Kunden-Nummer</AlternateName>
                    <Description>Ident-Nummer, die der Lieferant einem Besteller zuteilt. Alle Daten einer Satzstruktur, die das Feld Lieferanten-Nummer enthält, unterliegen dem Datenschutz. Linksbündig eintragen.</Description>
                    <IDCode>811_03</IDCode>
                  </FieldDefinition>
                </Field>
                <FixedPositionExtractor>
                  <StartPos>5</StartPos>
                  <EndPos>14</EndPos>
                </FixedPositionExtractor>
              </FieldUsage>
            </RecordElement>
            <RecordElement>
              <FieldUsage>
                <FieldName>81104</FieldName>
                <Mandatory>true</Mandatory>
                <Field>
                  <FieldDefinition>
                    <LengthValidator>
                      <MinLength>9</MinLength>
                      <MaxLength>9</MaxLength>
                    </LengthValidator>
                    <DataType>AN,9,9</DataType>
                    <FormatService>wm.b2b.edi.util.formatServices:formatAN</FormatService>
                    <AlternateName>Lieferanten-Nummer</AlternateName>
                    <Description>
Ident-Nummer, die der Kunde einem Lieferanten (Vertragsnehmer) zuordnet. Alle Daten einer Satzstruktur, die das Feld Lieferanten-Nummer enthält, unterliegen dem Datenschutz.
Linksbündig eintragen.
                    </Description>
                    <IDCode>811_04</IDCode>
                  </FieldDefinition>
                </Field>
                <FixedPositionExtractor>
                  <StartPos>14</StartPos>
                  <EndPos>23</EndPos>
                </FixedPositionExtractor>
              </FieldUsage>
            </RecordElement>
            <RecordElement>
              <FieldUsage>
                <FieldName>81105</FieldName>
                <Mandatory>true</Mandatory>
                <Field>
                  <FieldDefinition>
                    <LengthValidator>
                      <MinLength>5</MinLength>
                      <MaxLength>5</MaxLength>
                    </LengthValidator>
                    <DataType>N0,5,5</DataType>
                    <FormatService>wm.b2b.edi.util.formatServices:formatN0</FormatService>
                    <AlternateName>Übertragung.-Nummer-Alt</AlternateName>
                    <Description>Erklärungen s. Übertragsnummer neu.</Description>
                    <IDCode>811_05</IDCode>
                  </FieldDefinition>
                </Field>
                <FixedPositionExtractor>
                  <StartPos>23</StartPos>
                  <EndPos>28</EndPos>
                </FixedPositionExtractor>
              </FieldUsage>
            </RecordElement>
            <RecordElement>
              <FieldUsage>
                <FieldName>81106</FieldName>
                <Mandatory>true</Mandatory>
                <Field>
                  <FieldDefinition>
                    <LengthValidator>
                      <MinLength>5</MinLength>
                      <MaxLength>5</MaxLength>
                    </LengthValidator>
                    <DataType>N0,5,5</DataType>
                    <FormatService>wm.b2b.edi.util.formatServices:formatN0</FormatService>
                    <AlternateName>Übertragungs-Nummer-Neu</AlternateName>
                    <Description>
Der Datenersteller vergibt innerhalb einer Anwendung (z.B. Rechnungs-DFÜ ) für jeden DFÜ-Erstellungslauf eine Übertragungs-Nummer (NEU). Der Wert '00000' darf im Feld "Neu" nicht verwendet werden. Datenersteller und Empfänger bewahren diese Nummer bis zur nächsten Übertragung derselben Anwendung auf. Da der Datenersteller jeweils zu der neuen Übertragungs-Nummer auch die des vorausgegangenen DFÜ-Erstellungslaufes innerhalb dieser Anwendung angibt (als Nummer "ALT"), kann der Empfänger die Vollständigkeit der DFÜ-Bestände je Anwendung gezielt kontrollieren. Daher ist keine lückenlos aufsteigende Nummernfolge erforderlich.
Rechtsbündiger Eintrag, mit füllenden Nullen.
Beispiele für Eintragungen in den beiden Übertragungs-Nr. "Alt" und "Neu".
Vorgang    Nummer    Nummer
           'Alt'     'Neu'
Start:     00000     00001
oder       00000     00017
Routine:   00019     00020
oder       88051     88061
Überlauf:  99999     00001
oder       89361     00011
                    </Description>
                    <IDCode>811_06</IDCode>
                  </FieldDefinition>
                </Field>
                <FixedPositionExtractor>
                  <StartPos>28</StartPos>
                  <EndPos>33</EndPos>
                </FixedPositionExtractor>
              </FieldUsage>
            </RecordElement>
            <RecordElement>
              <FieldUsage>
                <FieldName>81107</FieldName>
                <Mandatory>true</Mandatory>
                <Field>
                  <FieldDefinition>
                    <LengthValidator>
                      <MinLength>6</MinLength>
                      <MaxLength>6</MaxLength>
                    </LengthValidator>
                    <DataType>N0,6,6</DataType>
                    <FormatService>wm.b2b.edi.util.formatServices:formatN0</FormatService>
                    <AlternateName>Übertragungs-Datum</AlternateName>
                    <Description>
Format:
JJMMTT
                    </Description>
                    <IDCode>811_07</IDCode>
                  </FieldDefinition>
                </Field>
                <FixedPositionExtractor>
                  <StartPos>33</StartPos>
                  <EndPos>39</EndPos>
                </FixedPositionExtractor>
              </FieldUsage>
            </RecordElement>
            <RecordElement>
              <FieldUsage>
                <FieldName>81108</FieldName>
                <Mandatory>false</Mandatory>
                <Field>
                  <FieldDefinition>
                    <LengthValidator>
                      <MinLength>20</MinLength>
                      <MaxLength>20</MaxLength>
                    </LengthValidator>
                    <DataType>AN,20,20</DataType>
                    <FormatService>wm.b2b.edi.util.formatServices:formatAN</FormatService>
                    <AlternateName>USt - Identifikations - Nummer Empfänger(USt - IdNr.)</AlternateName>
                    <Description>
Ident Nummer der nationalen Steuerbehörde für den Empfänger. Muß-Feld bei Warenlieferungen innerhalb innerhalb der Europaischen Gemeinschaft.
Linksbündig eintragen.
                    </Description>
                    <IDCode>811_08</IDCode>
                  </FieldDefinition>
                </Field>
                <FixedPositionExtractor>
                  <StartPos>39</StartPos>
                  <EndPos>59</EndPos>
                </FixedPositionExtractor>
              </FieldUsage>
            </RecordElement>
            <RecordElement>
              <FieldUsage>
                <FieldName>81109</FieldName>
                <Mandatory>false</Mandatory>
                <Field>
                  <FieldDefinition>
                    <LengthValidator>
                      <MinLength>20</MinLength>
                      <MaxLength>20</MaxLength>
                    </LengthValidator>
                    <DataType>AN,20,20</DataType>
                    <FormatService>wm.b2b.edi.util.formatServices:formatAN</FormatService>
                    <AlternateName>USt - Identifikations - Nummer Versender(USt - IdNr.)</AlternateName>
                    <Description>
Ident - Nummer der nationalen Steuerbehörde für den Versender. Muß-Feld bei Warenlieferungen innerhalb innerhalb der Europäischen Gemeinschaft.
Linksbündig eintragen.
                    </Description>
                    <IDCode>811_09</IDCode>
                  </FieldDefinition>
                </Field>
                <FixedPositionExtractor>
                  <StartPos>59</StartPos>
                  <EndPos>79</EndPos>
                </FixedPositionExtractor>
              </FieldUsage>
            </RecordElement>
            <RecordElement>
              <FieldUsage>
                <FieldName>81110</FieldName>
                <Mandatory>false</Mandatory>
                <Field>
                  <FieldDefinition>
                    <LengthValidator>
                      <MinLength>15</MinLength>
                      <MaxLength>15</MaxLength>
                    </LengthValidator>
                    <DataType>AN,15,15</DataType>
                    <FormatService>wm.b2b.edi.util.formatServices:formatAN</FormatService>
                    <AlternateName>Steuernummer</AlternateName>
                    <Description></Description>
                    <IDCode>811_10</IDCode>
                  </FieldDefinition>
                </Field>
                <FixedPositionExtractor>
                  <StartPos>79</StartPos>
                  <EndPos>94</EndPos>
                </FixedPositionExtractor>
              </FieldUsage>
            </RecordElement>
            <RecordElement>
              <FieldUsage>
                <FieldName>81111</FieldName>
                <Mandatory>false</Mandatory>
                <Field>
                  <FieldDefinition>
                    <LengthValidator>
                      <MinLength>34</MinLength>
                      <MaxLength>34</MaxLength>
                    </LengthValidator>
                    <DataType>AN,34,34</DataType>
                    <FormatService>wm.b2b.edi.util.formatServices:formatAN</FormatService>
                    <AlternateName>Leer</AlternateName>
                    <Description>Reservestellen mit BLANKS gefüllt.</Description>
                    <IDCode>811_11</IDCode>
                  </FieldDefinition>
                </Field>
                <FixedPositionExtractor>
                  <StartPos>94</StartPos>
                  <EndPos>128</EndPos>
                </FixedPositionExtractor>
              </FieldUsage>
            </RecordElement>
            <AlternateName></AlternateName>
            <Description></Description>
          </RecordDefinition>
        </Record>
      </RecordUsage>
      <RecordStructure>
        <Ordered>true</Ordered>
        <RecordUsage>
          <RecordId>812</RecordId>
          <Mandatory>true</Mandatory>
          <MaxOccur>9999999</MaxOccur>
          <AllowUndefinedData>true</AllowUndefinedData>
          <Position>NoPosition</Position>
          <AreaId>NoArea</AreaId>
          <Record>
            <RecordDefinition>
              <CheckFields>false</CheckFields>
              <RecordElement>
                <FieldUsage>
                  <FieldName>81201</FieldName>
                  <Mandatory>true</Mandatory>
                  <Field>
                    <FieldDefinition>
                      <LengthValidator>
                        <MinLength>3</MinLength>
                        <MaxLength>3</MaxLength>
                      </LengthValidator>
                      <DataType>N0,3,3</DataType>
                      <FormatService>wm.b2b.edi.util.formatServices:formatN0</FormatService>
                      <AlternateName>Satzart</AlternateName>
                      <Description>Konstant 812</Description>
                      <IDCode>812_01</IDCode>
                    </FieldDefinition>
                  </Field>
                  <FixedPositionExtractor>
                    <StartPos>0</StartPos>
                    <EndPos>3</EndPos>
                  </FixedPositionExtractor>
                </FieldUsage>
              </RecordElement>
              <RecordElement>
                <FieldUsage>
                  <FieldName>81202</FieldName>
                  <Mandatory>true</Mandatory>
                  <Field>
                    <FieldDefinition>
                      <CodeListValidator>
                        <CodeList>02</CodeList>
                      </CodeListValidator>
                      <DataType>N0,2,2</DataType>
                      <FormatService>wm.b2b.edi.util.formatServices:formatN0</FormatService>
                      <AlternateName>Versions-Nummer</AlternateName>
                      <Description>Kennzeichnung der Aktualität dieser Satzart.</Description>
                      <IDCode>812_02</IDCode>
                    </FieldDefinition>
                  </Field>
                  <FixedPositionExtractor>
                    <StartPos>3</StartPos>
                    <EndPos>5</EndPos>
                  </FixedPositionExtractor>
                </FieldUsage>
              </RecordElement>
              <RecordElement>
                <FieldUsage>
                  <FieldName>81203</FieldName>
                  <Mandatory>true</Mandatory>
                  <Field>
                    <FieldDefinition>
                      <LengthValidator>
                        <MinLength>8</MinLength>
                        <MaxLength>8</MaxLength>
                      </LengthValidator>
                      <DataType>AN,8,8</DataType>
                      <FormatService>wm.b2b.edi.util.formatServices:formatAN</FormatService>
                      <AlternateName>Rechnungs-Nummer</AlternateName>
                      <Description>Ident-Nummer, die der Lieferant einer von ihm erstellten Handelsrechnung zuteilt. Rechtsbündig eintragen.</Description>
                      <IDCode>812_03</IDCode>
                    </FieldDefinition>
                  </Field>
                  <FixedPositionExtractor>
                    <StartPos>5</StartPos>
                    <EndPos>13</EndPos>
                  </FixedPositionExtractor>
                </FieldUsage>
              </RecordElement>
              <RecordElement>
                <FieldUsage>
                  <FieldName>81204</FieldName>
                  <Mandatory>true</Mandatory>
                  <Field>
                    <FieldDefinition>
                      <LengthValidator>
                        <MinLength>6</MinLength>
                        <MaxLength>6</MaxLength>
                      </LengthValidator>
                      <DataType>N0,6,6</DataType>
                      <FormatService>wm.b2b.edi.util.formatServices:formatN0</FormatService>
                      <AlternateName>Rechnungs-Datum</AlternateName>
                      <Description>
Format:
JJMMTT
                      </Description>
                      <IDCode>812_04</IDCode>
                    </FieldDefinition>
                  </Field>
                  <FixedPositionExtractor>
                    <StartPos>13</StartPos>
                    <EndPos>19</EndPos>
                  </FixedPositionExtractor>
                </FieldUsage>
              </RecordElement>
              <RecordElement>
                <FieldUsage>
                  <FieldName>81205</FieldName>
                  <Mandatory>true</Mandatory>
                  <Field>
                    <FieldDefinition>
                      <LengthValidator>
                        <MinLength>13</MinLength>
                        <MaxLength>13</MaxLength>
                      </LengthValidator>
                      <DataType>N2,13,13</DataType>
                      <FormatService>wm.b2b.edi.util.formatServices:formatN2</FormatService>
                      <AlternateName>Umsatz-Steuerbetrag</AlternateName>
                      <Description>
Summe der Produkte Entgelt x Umsatzsteuersatz: 100
100 aller Positionen (Satzart 814) derselben Rechnung. 2 Dezimalstellen rechtsbündig mit führenden Nullen eintragen.
                      </Description>
                      <IDCode>812_05</IDCode>
                    </FieldDefinition>
                  </Field>
                  <FixedPositionExtractor>
                    <StartPos>19</StartPos>
                    <EndPos>32</EndPos>
                  </FixedPositionExtractor>
                </FieldUsage>
              </RecordElement>
              <RecordElement>
                <FieldUsage>
                  <FieldName>81206</FieldName>
                  <Mandatory>true</Mandatory>
                  <Field>
                    <FieldDefinition>
                      <LengthValidator>
                        <MinLength>13</MinLength>
                        <MaxLength>13</MaxLength>
                      </LengthValidator>
                      <DataType>N2,13,13</DataType>
                      <FormatService>wm.b2b.edi.util.formatServices:formatN2</FormatService>
                      <AlternateName>Rechnungs-Endwert</AlternateName>
                      <Description>Summe der Gesamtpreise aller Rechnungs-Positionen, der Versand- und Verpackungskosten sowie der dazugehörenden Umsatzsteuer: 2 Dezimalstellen rechtsbündig mit führenden Nullen eintragen.</Description>
                      <IDCode>812_06</IDCode>
                    </FieldDefinition>
                  </Field>
                  <FixedPositionExtractor>
                    <StartPos>32</StartPos>
                    <EndPos>45</EndPos>
                  </FixedPositionExtractor>
                </FieldUsage>
              </RecordElement>
              <RecordElement>
                <FieldUsage>
                  <FieldName>81207</FieldName>
                  <Mandatory>true</Mandatory>
                  <Field>
                    <FieldDefinition>
                      <LengthValidator>
                        <MinLength>3</MinLength>
                        <MaxLength>3</MaxLength>
                      </LengthValidator>
                      <DataType>N0,3,3</DataType>
                      <FormatService>wm.b2b.edi.util.formatServices:formatN0</FormatService>
                      <AlternateName>Währungseinheit</AlternateName>
                      <Description>
Verschlüsselte Forn s. ISO-Norm 4217-1978
Siehe Codeliste 01.
                      </Description>
                      <IDCode>812_07</IDCode>
                    </FieldDefinition>
                  </Field>
                  <FixedPositionExtractor>
                    <StartPos>45</StartPos>
                    <EndPos>48</EndPos>
                  </FixedPositionExtractor>
                </FieldUsage>
              </RecordElement>
              <RecordElement>
                <FieldUsage>
                  <FieldName>81208</FieldName>
                  <Mandatory>true</Mandatory>
                  <Field>
                    <FieldDefinition>
                      <LengthValidator>
                        <MinLength>10</MinLength>
                        <MaxLength>10</MaxLength>
                      </LengthValidator>
                      <DataType>AN,10,10</DataType>
                      <FormatService>wm.b2b.edi.util.formatServices:formatAN</FormatService>
                      <AlternateName>Referenz-Nummer</AlternateName>
                      <Description>Normal: Konstant Blanks: Ausnahme: Definitionen müssen die DFÜ-Teiln. festlegen: linksbündig eintragen.</Description>
                      <IDCode>812_08</IDCode>
                    </FieldDefinition>
                  </Field>
                  <FixedPositionExtractor>
                    <StartPos>48</StartPos>
                    <EndPos>58</EndPos>
                  </FixedPositionExtractor>
                </FieldUsage>
              </RecordElement>
              <RecordElement>
                <FieldUsage>
                  <FieldName>81209</FieldName>
                  <Mandatory>true</Mandatory>
                  <Field>
                    <FieldDefinition>
                      <LengthValidator>
                        <MinLength>3</MinLength>
                        <MaxLength>3</MaxLength>
                      </LengthValidator>
                      <DataType>N1,3,3</DataType>
                      <FormatService>wm.b2b.edi.util.formatServices:formatN1</FormatService>
                      <AlternateName>Umsatz-Steuersatz</AlternateName>
                      <Description>
Der Umsatzsteuersatz muß für alle Positionen derselben Rechnung gleich sein: 1 Dezimalstelle.
rechtsb. eintragen mit führenden Nullen.
                      </Description>
                      <IDCode>812_09</IDCode>
                    </FieldDefinition>
                  </Field>
                  <FixedPositionExtractor>
                    <StartPos>58</StartPos>
                    <EndPos>61</EndPos>
                  </FixedPositionExtractor>
                </FieldUsage>
              </RecordElement>
              <RecordElement>
                <FieldUsage>
                  <FieldName>81210</FieldName>
                  <Mandatory>false</Mandatory>
                  <Field>
                    <FieldDefinition>
                      <LengthValidator>
                        <MinLength>3</MinLength>
                        <MaxLength>3</MaxLength>
                      </LengthValidator>
                      <DataType>AN,3,3</DataType>
                      <FormatService>wm.b2b.edi.util.formatServices:formatAN</FormatService>
                      <AlternateName>Werk-Kunde</AlternateName>
                      <Description>Werk des Kunden, an das geliefert werden soll. Kunde muß aus Werk-Nummern-Schlüssel zur Verfügung stellen bzw. aus Lieferabruf-DFÜ etc. zuordnen.</Description>
                      <IDCode>812_10</IDCode>
                    </FieldDefinition>
                  </Field>
                  <FixedPositionExtractor>
                    <StartPos>61</StartPos>
                    <EndPos>64</EndPos>
                  </FixedPositionExtractor>
                </FieldUsage>
              </RecordElement>
              <RecordElement>
                <FieldUsage>
                  <FieldName>81211</FieldName>
                  <Mandatory>true</Mandatory>
                  <Field>
                    <FieldDefinition>
                      <LengthValidator>
                        <MinLength>13</MinLength>
                        <MaxLength>13</MaxLength>
                      </LengthValidator>
                      <DataType>N2,13,13</DataType>
                      <FormatService>wm.b2b.edi.util.formatServices:formatN2</FormatService>
                      <AlternateName>Entgelt</AlternateName>
                      <Description>Summe der Gesamtpreise aller Rechnungs-Positionen sowie der Versand- und Verpackungskosten ohne Unsatzsteuer. 2 Dezimalstellen.</Description>
                      <IDCode>812_11</IDCode>
                    </FieldDefinition>
                  </Field>
                  <FixedPositionExtractor>
                    <StartPos>64</StartPos>
                    <EndPos>77</EndPos>
                  </FixedPositionExtractor>
                </FieldUsage>
              </RecordElement>
              <RecordElement>
                <FieldUsage>
                  <FieldName>81212</FieldName>
                  <Mandatory>false</Mandatory>
                  <Field>
                    <FieldDefinition>
                      <LengthValidator>
                        <MinLength>51</MinLength>
                        <MaxLength>51</MaxLength>
                      </LengthValidator>
                      <DataType>AN,51,51</DataType>
                      <FormatService>wm.b2b.edi.util.formatServices:formatAN</FormatService>
                      <AlternateName>Leer</AlternateName>
                      <Description>Reservestellen, mit BLANKS gefüllt.</Description>
                      <IDCode>812_12</IDCode>
                    </FieldDefinition>
                  </Field>
                  <FixedPositionExtractor>
                    <StartPos>77</StartPos>
                    <EndPos>128</EndPos>
                  </FixedPositionExtractor>
                </FieldUsage>
              </RecordElement>
              <AlternateName></AlternateName>
              <Description></Description>
            </RecordDefinition>
          </Record>
        </RecordUsage>
        <RecordStructure>
          <Ordered>true</Ordered>
          <RecordUsage>
            <RecordId>813</RecordId>
            <Mandatory>true</Mandatory>
            <MaxOccur>9999999</MaxOccur>
            <AllowUndefinedData>true</AllowUndefinedData>
            <Position>NoPosition</Position>
            <AreaId>NoArea</AreaId>
            <Record>
              <RecordDefinition>
                <CheckFields>false</CheckFields>
                <RecordElement>
                  <FieldUsage>
                    <FieldName>81301</FieldName>
                    <Mandatory>true</Mandatory>
                    <Field>
                      <FieldDefinition>
                        <LengthValidator>
                          <MinLength>3</MinLength>
                          <MaxLength>3</MaxLength>
                        </LengthValidator>
                        <DataType>N0,3,3</DataType>
                        <FormatService>wm.b2b.edi.util.formatServices:formatN0</FormatService>
                        <AlternateName>Satzart</AlternateName>
                        <Description>Konstant "813"</Description>
                        <IDCode>813_01</IDCode>
                      </FieldDefinition>
                    </Field>
                    <FixedPositionExtractor>
                      <StartPos>0</StartPos>
                      <EndPos>3</EndPos>
                    </FixedPositionExtractor>
                  </FieldUsage>
                </RecordElement>
                <RecordElement>
                  <FieldUsage>
                    <FieldName>81302</FieldName>
                    <Mandatory>true</Mandatory>
                    <Field>
                      <FieldDefinition>
                        <CodeListValidator>
                          <CodeList>01</CodeList>
                        </CodeListValidator>
                        <DataType>N0,2,2</DataType>
                        <FormatService>wm.b2b.edi.util.formatServices:formatN0</FormatService>
                        <AlternateName>Versions-Nummer</AlternateName>
                        <Description>
Kennzeichnung der Aktualität dieser Saatzart.
s. auch Satzart 811.
                        </Description>
                        <IDCode>813_02</IDCode>
                      </FieldDefinition>
                    </Field>
                    <FixedPositionExtractor>
                      <StartPos>3</StartPos>
                      <EndPos>5</EndPos>
                    </FixedPositionExtractor>
                  </FieldUsage>
                </RecordElement>
                <RecordElement>
                  <FieldUsage>
                    <FieldName>81303</FieldName>
                    <Mandatory>true</Mandatory>
                    <Field>
                      <FieldDefinition>
                        <LengthValidator>
                          <MinLength>8</MinLength>
                          <MaxLength>8</MaxLength>
                        </LengthValidator>
                        <DataType>AN,8,8</DataType>
                        <FormatService>wm.b2b.edi.util.formatServices:formatAN</FormatService>
                        <AlternateName>Liefersch.-Nummer</AlternateName>
                        <Description>
Ident-Nummer, die der Lieferant einem Lieferschein zuteilt.
Rechtsbündig eintragen.
                        </Description>
                        <IDCode>813_03</IDCode>
                      </FieldDefinition>
                    </Field>
                    <FixedPositionExtractor>
                      <StartPos>5</StartPos>
                      <EndPos>13</EndPos>
                    </FixedPositionExtractor>
                  </FieldUsage>
                </RecordElement>
                <RecordElement>
                  <FieldUsage>
                    <FieldName>81304</FieldName>
                    <Mandatory>true</Mandatory>
                    <Field>
                      <FieldDefinition>
                        <LengthValidator>
                          <MinLength>6</MinLength>
                          <MaxLength>6</MaxLength>
                        </LengthValidator>
                        <DataType>N0,6,6</DataType>
                        <FormatService>wm.b2b.edi.util.formatServices:formatN0</FormatService>
                        <AlternateName>Versand-Datum</AlternateName>
                        <Description>
Format:
JJMMTT
                        </Description>
                        <IDCode>813_04</IDCode>
                      </FieldDefinition>
                    </Field>
                    <FixedPositionExtractor>
                      <StartPos>13</StartPos>
                      <EndPos>19</EndPos>
                    </FixedPositionExtractor>
                  </FieldUsage>
                </RecordElement>
                <RecordElement>
                  <FieldUsage>
                    <FieldName>81305</FieldName>
                    <Mandatory>true</Mandatory>
                    <Field>
                      <FieldDefinition>
                        <LengthValidator>
                          <MinLength>5</MinLength>
                          <MaxLength>5</MaxLength>
                        </LengthValidator>
                        <DataType>AN,5,5</DataType>
                        <FormatService>wm.b2b.edi.util.formatServices:formatAN</FormatService>
                        <AlternateName>Ablade-Stelle</AlternateName>
                        <Description>Bezeichnet die Stelle im Werk Kunde, an die abgeladen wurde.</Description>
                        <IDCode>813_05</IDCode>
                      </FieldDefinition>
                    </Field>
                    <FixedPositionExtractor>
                      <StartPos>19</StartPos>
                      <EndPos>24</EndPos>
                    </FixedPositionExtractor>
                  </FieldUsage>
                </RecordElement>
                <RecordElement>
                  <FieldUsage>
                    <FieldName>81306</FieldName>
                    <Mandatory>true</Mandatory>
                    <Field>
                      <FieldDefinition>
                        <LengthValidator>
                          <MinLength>2</MinLength>
                          <MaxLength>2</MaxLength>
                        </LengthValidator>
                        <DataType>N0,2,2</DataType>
                        <FormatService>wm.b2b.edi.util.formatServices:formatN0</FormatService>
                        <AlternateName>Versandart</AlternateName>
                        <Description>Schlüssel 2stelling numerisch, Aufbau siehe Codeliste 02.</Description>
                        <IDCode>813_06</IDCode>
                      </FieldDefinition>
                    </Field>
                    <FixedPositionExtractor>
                      <StartPos>24</StartPos>
                      <EndPos>26</EndPos>
                    </FixedPositionExtractor>
                  </FieldUsage>
                </RecordElement>
                <RecordElement>
                  <FieldUsage>
                    <FieldName>81307</FieldName>
                    <Mandatory>true</Mandatory>
                    <Field>
                      <FieldDefinition>
                        <LengthValidator>
                          <MinLength>4</MinLength>
                          <MaxLength>4</MaxLength>
                        </LengthValidator>
                        <DataType>AN,4,4</DataType>
                        <FormatService>wm.b2b.edi.util.formatServices:formatAN</FormatService>
                        <AlternateName>Zeichen des Bestellers</AlternateName>
                        <Description>Aus Lieferabruf bzw. Auftragskopfdaten zugeordnet.</Description>
                        <IDCode>813_07</IDCode>
                      </FieldDefinition>
                    </Field>
                    <FixedPositionExtractor>
                      <StartPos>26</StartPos>
                      <EndPos>30</EndPos>
                    </FixedPositionExtractor>
                  </FieldUsage>
                </RecordElement>
                <RecordElement>
                  <FieldUsage>
                    <FieldName>81308</FieldName>
                    <Mandatory>true</Mandatory>
                    <Field>
                      <FieldDefinition>
                        <LengthValidator>
                          <MinLength>12</MinLength>
                          <MaxLength>12</MaxLength>
                        </LengthValidator>
                        <DataType>AN,12,12</DataType>
                        <FormatService>wm.b2b.edi.util.formatServices:formatAN</FormatService>
                        <AlternateName>Abschluß-Bestell-Nummer</AlternateName>
                        <Description>
Ident-Nummer, die der Besteller einer Bestellung bzw. einem Rahmenabschluß zuteilt.
Linksbündig in Druckform eintragen.
                        </Description>
                        <IDCode>813_08</IDCode>
                      </FieldDefinition>
                    </Field>
                    <FixedPositionExtractor>
                      <StartPos>30</StartPos>
                      <EndPos>42</EndPos>
                    </FixedPositionExtractor>
                  </FieldUsage>
                </RecordElement>
                <RecordElement>
                  <FieldUsage>
                    <FieldName>81309</FieldName>
                    <Mandatory>true</Mandatory>
                    <Field>
                      <FieldDefinition>
                        <LengthValidator>
                          <MinLength>13</MinLength>
                          <MaxLength>13</MaxLength>
                        </LengthValidator>
                        <DataType>N2,13,13</DataType>
                        <FormatService>wm.b2b.edi.util.formatServices:formatN2</FormatService>
                        <AlternateName>Versandkosten</AlternateName>
                        <Description>Für die betreffende Lieferung, 2 Dezimalstellen. Mit führenden Nullen rechtsbündig eintragen.</Description>
                        <IDCode>813_09</IDCode>
                      </FieldDefinition>
                    </Field>
                    <FixedPositionExtractor>
                      <StartPos>42</StartPos>
                      <EndPos>55</EndPos>
                    </FixedPositionExtractor>
                  </FieldUsage>
                </RecordElement>
                <RecordElement>
                  <FieldUsage>
                    <FieldName>81310</FieldName>
                    <Mandatory>true</Mandatory>
                    <Field>
                      <FieldDefinition>
                        <LengthValidator>
                          <MinLength>13</MinLength>
                          <MaxLength>13</MaxLength>
                        </LengthValidator>
                        <DataType>N2,13,13</DataType>
                        <FormatService>wm.b2b.edi.util.formatServices:formatN2</FormatService>
                        <AlternateName>Verpackungskosten</AlternateName>
                        <Description>Für die betreffende Lieferung, 2 Dezimalstellen. Mit führenden Nullen rechtsbündig eintragen.</Description>
                        <IDCode>813_10</IDCode>
                      </FieldDefinition>
                    </Field>
                    <FixedPositionExtractor>
                      <StartPos>55</StartPos>
                      <EndPos>68</EndPos>
                    </FixedPositionExtractor>
                  </FieldUsage>
                </RecordElement>
                <RecordElement>
                  <FieldUsage>
                    <FieldName>81311</FieldName>
                    <Mandatory>false</Mandatory>
                    <Field>
                      <FieldDefinition>
                        <LengthValidator>
                          <MinLength>60</MinLength>
                          <MaxLength>60</MaxLength>
                        </LengthValidator>
                        <DataType>AN,60,60</DataType>
                        <FormatService>wm.b2b.edi.util.formatServices:formatAN</FormatService>
                        <AlternateName>Leer</AlternateName>
                        <Description>Reservestellen, mit BLANKS gefüllt.</Description>
                        <IDCode>813_11</IDCode>
                      </FieldDefinition>
                    </Field>
                    <FixedPositionExtractor>
                      <StartPos>68</StartPos>
                      <EndPos>128</EndPos>
                    </FixedPositionExtractor>
                  </FieldUsage>
                </RecordElement>
                <AlternateName></AlternateName>
                <Description></Description>
              </RecordDefinition>
            </Record>
          </RecordUsage>
          <RecordStructure>
            <Ordered>true</Ordered>
            <RecordUsage>
              <RecordId>814</RecordId>
              <Mandatory>true</Mandatory>
              <MaxOccur>9999999</MaxOccur>
              <AllowUndefinedData>true</AllowUndefinedData>
              <Position>NoPosition</Position>
              <AreaId>NoArea</AreaId>
              <Record>
                <RecordDefinition>
                  <CheckFields>false</CheckFields>
                  <RecordElement>
                    <FieldUsage>
                      <FieldName>81401</FieldName>
                      <Mandatory>true</Mandatory>
                      <Field>
                        <FieldDefinition>
                          <LengthValidator>
                            <MinLength>3</MinLength>
                            <MaxLength>3</MaxLength>
                          </LengthValidator>
                          <DataType>N0,3,3</DataType>
                          <FormatService>wm.b2b.edi.util.formatServices:formatN0</FormatService>
                          <AlternateName>Satzart</AlternateName>
                          <Description>Konstant "814"</Description>
                          <IDCode>814_01</IDCode>
                        </FieldDefinition>
                      </Field>
                      <FixedPositionExtractor>
                        <StartPos>0</StartPos>
                        <EndPos>3</EndPos>
                      </FixedPositionExtractor>
                    </FieldUsage>
                  </RecordElement>
                  <RecordElement>
                    <FieldUsage>
                      <FieldName>81402</FieldName>
                      <Mandatory>true</Mandatory>
                      <Field>
                        <FieldDefinition>
                          <CodeListValidator>
                            <CodeList>03</CodeList>
                          </CodeListValidator>
                          <DataType>N0,2,2</DataType>
                          <FormatService>wm.b2b.edi.util.formatServices:formatN0</FormatService>
                          <AlternateName>Versions-Nummer</AlternateName>
                          <Description>
Kennzeichnung der Aktualität einer Satzart.
s. auch Satzart 801/811
                          </Description>
                          <IDCode>814_02</IDCode>
                        </FieldDefinition>
                      </Field>
                      <FixedPositionExtractor>
                        <StartPos>3</StartPos>
                        <EndPos>5</EndPos>
                      </FixedPositionExtractor>
                    </FieldUsage>
                  </RecordElement>
                  <RecordElement>
                    <FieldUsage>
                      <FieldName>81403</FieldName>
                      <Mandatory>true</Mandatory>
                      <Field>
                        <FieldDefinition>
                          <LengthValidator>
                            <MinLength>22</MinLength>
                            <MaxLength>22</MaxLength>
                          </LengthValidator>
                          <DataType>AN,22,22</DataType>
                          <FormatService>wm.b2b.edi.util.formatServices:formatAN</FormatService>
                          <AlternateName>Sachnummer-Kunde</AlternateName>
                          <Description>
Ident-Nummer, die der Kunde einem Artikel, einem Packmittel oder einer sonstigen Leistung zuteilt.
Linksbündig in Druckform eintragen.
                          </Description>
                          <IDCode>814_03</IDCode>
                        </FieldDefinition>
                      </Field>
                      <FixedPositionExtractor>
                        <StartPos>5</StartPos>
                        <EndPos>27</EndPos>
                      </FixedPositionExtractor>
                    </FieldUsage>
                  </RecordElement>
                  <RecordElement>
                    <FieldUsage>
                      <FieldName>81404</FieldName>
                      <Mandatory>true</Mandatory>
                      <Field>
                        <FieldDefinition>
                          <LengthValidator>
                            <MinLength>22</MinLength>
                            <MaxLength>22</MaxLength>
                          </LengthValidator>
                          <DataType>AN,22,22</DataType>
                          <FormatService>wm.b2b.edi.util.formatServices:formatAN</FormatService>
                          <AlternateName>Sachnummer-Lieferant</AlternateName>
                          <Description>
Ident-Nummer, die der Lieferant einem Artikel, einem Packmittel oder einer sonstigen Leistung zuteilt.
Linksbündig in Druckform eintragen.
                          </Description>
                          <IDCode>814_04</IDCode>
                        </FieldDefinition>
                      </Field>
                      <FixedPositionExtractor>
                        <StartPos>27</StartPos>
                        <EndPos>49</EndPos>
                      </FixedPositionExtractor>
                    </FieldUsage>
                  </RecordElement>
                  <RecordElement>
                    <FieldUsage>
                      <FieldName>81405</FieldName>
                      <Mandatory>true</Mandatory>
                      <Field>
                        <FieldDefinition>
                          <LengthValidator>
                            <MinLength>13</MinLength>
                            <MaxLength>13</MaxLength>
                          </LengthValidator>
                          <DataType>N3,13,13</DataType>
                          <FormatService>wm.b2b.edi.util.formatServices:formatN3</FormatService>
                          <AlternateName>Liefermenge</AlternateName>
                          <Description>3 Dezimalstellen beachten, rechtsbündig mit führenden Nullen abstellen.</Description>
                          <IDCode>814_05</IDCode>
                        </FieldDefinition>
                      </Field>
                      <FixedPositionExtractor>
                        <StartPos>49</StartPos>
                        <EndPos>62</EndPos>
                      </FixedPositionExtractor>
                    </FieldUsage>
                  </RecordElement>
                  <RecordElement>
                    <FieldUsage>
                      <FieldName>81406</FieldName>
                      <Mandatory>true</Mandatory>
                      <Field>
                        <FieldDefinition>
                          <LengthValidator>
                            <MinLength>2</MinLength>
                            <MaxLength>2</MaxLength>
                          </LengthValidator>
                          <DataType>N0,2,2</DataType>
                          <FormatService>wm.b2b.edi.util.formatServices:formatN0</FormatService>
                          <AlternateName>Preiseinheit</AlternateName>
                          <Description>
Schlüssel, 2stellig. numerisch.
Aufbau siehe Codeliste 03.
                          </Description>
                          <IDCode>814_06</IDCode>
                        </FieldDefinition>
                      </Field>
                      <FixedPositionExtractor>
                        <StartPos>62</StartPos>
                        <EndPos>64</EndPos>
                      </FixedPositionExtractor>
                    </FieldUsage>
                  </RecordElement>
                  <RecordElement>
                    <FieldUsage>
                      <FieldName>81407</FieldName>
                      <Mandatory>true</Mandatory>
                      <Field>
                        <FieldDefinition>
                          <LengthValidator>
                            <MinLength>13</MinLength>
                            <MaxLength>13</MaxLength>
                          </LengthValidator>
                          <DataType>N2,13,13</DataType>
                          <FormatService>wm.b2b.edi.util.formatServices:formatN2</FormatService>
                          <AlternateName>Einzelpreis</AlternateName>
                          <Description>Netto-Preis ohne Umsatz-Steuer, 2 Dezimalstellen, rechtsbündig mit führenden Nullen eintragen.</Description>
                          <IDCode>814_07</IDCode>
                        </FieldDefinition>
                      </Field>
                      <FixedPositionExtractor>
                        <StartPos>64</StartPos>
                        <EndPos>77</EndPos>
                      </FixedPositionExtractor>
                    </FieldUsage>
                  </RecordElement>
                  <RecordElement>
                    <FieldUsage>
                      <FieldName>81408</FieldName>
                      <Mandatory>true</Mandatory>
                      <Field>
                        <FieldDefinition>
                          <LengthValidator>
                            <MinLength>13</MinLength>
                            <MaxLength>13</MaxLength>
                          </LengthValidator>
                          <DataType>N2,13,13</DataType>
                          <FormatService>wm.b2b.edi.util.formatServices:formatN2</FormatService>
                          <AlternateName>Gesamtpreis</AlternateName>
                          <Description>Produkt aus Liefermenge und Einzelpreis ohne Umsatzsteuer, 2 Dezimalstellen rechtsbündig mit führenden Nullen eintragen.</Description>
                          <IDCode>814_08</IDCode>
                        </FieldDefinition>
                      </Field>
                      <FixedPositionExtractor>
                        <StartPos>77</StartPos>
                        <EndPos>90</EndPos>
                      </FixedPositionExtractor>
                    </FieldUsage>
                  </RecordElement>
                  <RecordElement>
                    <FieldUsage>
                      <FieldName>81409</FieldName>
                      <Mandatory>false</Mandatory>
                      <Field>
                        <FieldDefinition>
                          <LengthValidator>
                            <MinLength>3</MinLength>
                            <MaxLength>3</MaxLength>
                          </LengthValidator>
                          <DataType>AN,3,3</DataType>
                          <FormatService>wm.b2b.edi.util.formatServices:formatAN</FormatService>
                          <AlternateName>Leer</AlternateName>
                          <Description>Reservefeld, mit Blanks formatieren.</Description>
                          <IDCode>814_09</IDCode>
                        </FieldDefinition>
                      </Field>
                      <FixedPositionExtractor>
                        <StartPos>90</StartPos>
                        <EndPos>93</EndPos>
                      </FixedPositionExtractor>
                    </FieldUsage>
                  </RecordElement>
                  <RecordElement>
                    <FieldUsage>
                      <FieldName>81410</FieldName>
                      <Mandatory>true</Mandatory>
                      <Field>
                        <FieldDefinition>
                          <LengthValidator>
                            <MinLength>3</MinLength>
                            <MaxLength>3</MaxLength>
                          </LengthValidator>
                          <DataType>N0,3,3</DataType>
                          <FormatService>wm.b2b.edi.util.formatServices:formatN0</FormatService>
                          <AlternateName>Ursprungsland</AlternateName>
                          <Description>
Schlüssel, 3stellig, numerisch
Aufbau siehe Codeliste 04.
                          </Description>
                          <IDCode>814_10</IDCode>
                        </FieldDefinition>
                      </Field>
                      <FixedPositionExtractor>
                        <StartPos>93</StartPos>
                        <EndPos>96</EndPos>
                      </FixedPositionExtractor>
                    </FieldUsage>
                  </RecordElement>
                  <RecordElement>
                    <FieldUsage>
                      <FieldName>81411</FieldName>
                      <Mandatory>true</Mandatory>
                      <Field>
                        <FieldDefinition>
                          <LengthValidator>
                            <MinLength>1</MinLength>
                            <MaxLength>1</MaxLength>
                          </LengthValidator>
                          <DataType>AN,1,1</DataType>
                          <FormatService>wm.b2b.edi.util.formatServices:formatAN</FormatService>
                          <AlternateName>Umsatzsteuer-Präferenz</AlternateName>
                          <Description>Blanks einsteuern</Description>
                          <IDCode>814_11</IDCode>
                        </FieldDefinition>
                      </Field>
                      <FixedPositionExtractor>
                        <StartPos>96</StartPos>
                        <EndPos>97</EndPos>
                      </FixedPositionExtractor>
                    </FieldUsage>
                  </RecordElement>
                  <RecordElement>
                    <FieldUsage>
                      <FieldName>81412</FieldName>
                      <Mandatory>true</Mandatory>
                      <Field>
                        <FieldDefinition>
                          <LengthValidator>
                            <MinLength>4</MinLength>
                            <MaxLength>4</MaxLength>
                          </LengthValidator>
                          <DataType>N2,4,4</DataType>
                          <FormatService>wm.b2b.edi.util.formatServices:formatN2</FormatService>
                          <AlternateName>Prozentangabe Verleistung</AlternateName>
                          <Description>Prozentsatz Vorleistung: Zwei Dezimalstellen. Angabe erfolgt nur, wenn Anteile unter 100%. Normal = Nullen einsteuern, Eintrag mir Kunden abstimmen.</Description>
                          <IDCode>814_12</IDCode>
                        </FieldDefinition>
                      </Field>
                      <FixedPositionExtractor>
                        <StartPos>97</StartPos>
                        <EndPos>101</EndPos>
                      </FixedPositionExtractor>
                    </FieldUsage>
                  </RecordElement>
                  <RecordElement>
                    <FieldUsage>
                      <FieldName>81413</FieldName>
                      <Mandatory>true</Mandatory>
                      <Field>
                        <FieldDefinition>
                          <LengthValidator>
                            <MinLength>1</MinLength>
                            <MaxLength>1</MaxLength>
                          </LengthValidator>
                          <DataType>AN,1,1</DataType>
                          <FormatService>wm.b2b.edi.util.formatServices:formatAN</FormatService>
                          <AlternateName>Handelspräferenz</AlternateName>
                          <Description>
Handelspräferenz
Siehe Codeliste 05.
                          </Description>
                          <IDCode>814_13</IDCode>
                        </FieldDefinition>
                      </Field>
                      <FixedPositionExtractor>
                        <StartPos>101</StartPos>
                        <EndPos>102</EndPos>
                      </FixedPositionExtractor>
                    </FieldUsage>
                  </RecordElement>
                  <RecordElement>
                    <FieldUsage>
                      <FieldName>81414</FieldName>
                      <Mandatory>false</Mandatory>
                      <Field>
                        <FieldDefinition>
                          <LengthValidator>
                            <MinLength>25</MinLength>
                            <MaxLength>25</MaxLength>
                          </LengthValidator>
                          <DataType>AN,25,25</DataType>
                          <FormatService>wm.b2b.edi.util.formatServices:formatAN</FormatService>
                          <AlternateName>Leer</AlternateName>
                          <Description>Leer, mit  BLANKS gefüllt.</Description>
                          <IDCode>814_14</IDCode>
                        </FieldDefinition>
                      </Field>
                      <FixedPositionExtractor>
                        <StartPos>102</StartPos>
                        <EndPos>127</EndPos>
                      </FixedPositionExtractor>
                    </FieldUsage>
                  </RecordElement>
                  <AlternateName></AlternateName>
                  <Description></Description>
                </RecordDefinition>
              </Record>
            </RecordUsage>
          </RecordStructure>
        </RecordStructure>
      </RecordStructure>
      <RecordStructure>
        <Ordered>true</Ordered>
        <RecordUsage>
          <RecordId>819</RecordId>
          <Mandatory>true</Mandatory>
          <MaxOccur>1</MaxOccur>
          <AllowUndefinedData>true</AllowUndefinedData>
          <Position>NoPosition</Position>
          <AreaId>NoArea</AreaId>
          <Record>
            <RecordDefinition>
              <CheckFields>false</CheckFields>
              <RecordElement>
                <FieldUsage>
                  <FieldName>81901</FieldName>
                  <Mandatory>true</Mandatory>
                  <Field>
                    <FieldDefinition>
                      <LengthValidator>
                        <MinLength>3</MinLength>
                        <MaxLength>3</MaxLength>
                      </LengthValidator>
                      <DataType>N0,3,3</DataType>
                      <FormatService>wm.b2b.edi.util.formatServices:formatN0</FormatService>
                      <AlternateName>Satzart</AlternateName>
                      <Description>Konstant "819". Muß einmal je DFÜ-Lauf  "Rechnungsdaten" vorhanden sein, sonst erfolgt keine Verarbeitung.</Description>
                      <IDCode>819_01</IDCode>
                    </FieldDefinition>
                  </Field>
                  <FixedPositionExtractor>
                    <StartPos>0</StartPos>
                    <EndPos>3</EndPos>
                  </FixedPositionExtractor>
                </FieldUsage>
              </RecordElement>
              <RecordElement>
                <FieldUsage>
                  <FieldName>81902</FieldName>
                  <Mandatory>true</Mandatory>
                  <Field>
                    <FieldDefinition>
                      <CodeListValidator>
                        <CodeList>03</CodeList>
                      </CodeListValidator>
                      <DataType>N0,2,2</DataType>
                      <FormatService>wm.b2b.edi.util.formatServices:formatN0</FormatService>
                      <AlternateName>Versions-Nummer</AlternateName>
                      <Description>Kennzeichnung der Aktualität einer Satzart.</Description>
                      <IDCode>819_02</IDCode>
                    </FieldDefinition>
                  </Field>
                  <FixedPositionExtractor>
                    <StartPos>3</StartPos>
                    <EndPos>5</EndPos>
                  </FixedPositionExtractor>
                </FieldUsage>
              </RecordElement>
              <RecordElement>
                <FieldUsage>
                  <FieldName>81903</FieldName>
                  <Mandatory>true</Mandatory>
                  <Field>
                    <FieldDefinition>
                      <LengthValidator>
                        <MinLength>7</MinLength>
                        <MaxLength>7</MaxLength>
                      </LengthValidator>
                      <DataType>N0,7,7</DataType>
                      <FormatService>wm.b2b.edi.util.formatServices:formatN0</FormatService>
                      <AlternateName>Zähler SAA 811</AlternateName>
                      <Description>Anzahl übertragenen Sätze der Satzart 811. Rechtsbündig mit führenden Nullen eintragen.</Description>
                      <IDCode>819_03</IDCode>
                    </FieldDefinition>
                  </Field>
                  <FixedPositionExtractor>
                    <StartPos>5</StartPos>
                    <EndPos>12</EndPos>
                  </FixedPositionExtractor>
                </FieldUsage>
              </RecordElement>
              <RecordElement>
                <FieldUsage>
                  <FieldName>81904</FieldName>
                  <Mandatory>true</Mandatory>
                  <Field>
                    <FieldDefinition>
                      <LengthValidator>
                        <MinLength>7</MinLength>
                        <MaxLength>7</MaxLength>
                      </LengthValidator>
                      <DataType>N0,7,7</DataType>
                      <FormatService>wm.b2b.edi.util.formatServices:formatN0</FormatService>
                      <AlternateName>Zähler SAA 812</AlternateName>
                      <Description>Anzahl übertragenen Satzart 812. Rechtsbündig mit führenden Nullen abstellen.</Description>
                      <IDCode>819_04</IDCode>
                    </FieldDefinition>
                  </Field>
                  <FixedPositionExtractor>
                    <StartPos>12</StartPos>
                    <EndPos>19</EndPos>
                  </FixedPositionExtractor>
                </FieldUsage>
              </RecordElement>
              <RecordElement>
                <FieldUsage>
                  <FieldName>81905</FieldName>
                  <Mandatory>true</Mandatory>
                  <Field>
                    <FieldDefinition>
                      <LengthValidator>
                        <MinLength>7</MinLength>
                        <MaxLength>7</MaxLength>
                      </LengthValidator>
                      <DataType>N0,7,7</DataType>
                      <FormatService>wm.b2b.edi.util.formatServices:formatN0</FormatService>
                      <AlternateName>Zähler SAA 813</AlternateName>
                      <Description>Anzahl übertragenen Satzart 813. Rechtsbündig mit führenden Nullen eintragen.</Description>
                      <IDCode>819_05</IDCode>
                    </FieldDefinition>
                  </Field>
                  <FixedPositionExtractor>
                    <StartPos>19</StartPos>
                    <EndPos>26</EndPos>
                  </FixedPositionExtractor>
                </FieldUsage>
              </RecordElement>
              <RecordElement>
                <FieldUsage>
                  <FieldName>81906</FieldName>
                  <Mandatory>true</Mandatory>
                  <Field>
                    <FieldDefinition>
                      <LengthValidator>
                        <MinLength>7</MinLength>
                        <MaxLength>7</MaxLength>
                      </LengthValidator>
                      <DataType>N0,7,7</DataType>
                      <FormatService>wm.b2b.edi.util.formatServices:formatN0</FormatService>
                      <AlternateName>Zähler SAA 814</AlternateName>
                      <Description>Anzahl übertragene Satzart 814. Rechtsbündig mit führenden Nullen eintragen.</Description>
                      <IDCode>819_06</IDCode>
                    </FieldDefinition>
                  </Field>
                  <FixedPositionExtractor>
                    <StartPos>26</StartPos>
                    <EndPos>33</EndPos>
                  </FixedPositionExtractor>
                </FieldUsage>
              </RecordElement>
              <RecordElement>
                <FieldUsage>
                  <FieldName>81907</FieldName>
                  <Mandatory>true</Mandatory>
                  <Field>
                    <FieldDefinition>
                      <LengthValidator>
                        <MinLength>7</MinLength>
                        <MaxLength>7</MaxLength>
                      </LengthValidator>
                      <DataType>N0,7,7</DataType>
                      <FormatService>wm.b2b.edi.util.formatServices:formatN0</FormatService>
                      <AlternateName>Zähler SAA 819</AlternateName>
                      <Description>Anzahl übertragene Satzart 819. Rechtsbündig mit führenden Nullen eintragen.</Description>
                      <IDCode>819_07</IDCode>
                    </FieldDefinition>
                  </Field>
                  <FixedPositionExtractor>
                    <StartPos>33</StartPos>
                    <EndPos>40</EndPos>
                  </FixedPositionExtractor>
                </FieldUsage>
              </RecordElement>
              <RecordElement>
                <FieldUsage>
                  <FieldName>81908</FieldName>
                  <Mandatory>true</Mandatory>
                  <Field>
                    <FieldDefinition>
                      <LengthValidator>
                        <MinLength>13</MinLength>
                        <MaxLength>13</MaxLength>
                      </LengthValidator>
                      <DataType>N2,13,13</DataType>
                      <FormatService>wm.b2b.edi.util.formatServices:formatN2</FormatService>
                      <AlternateName>Summe Rechnungs-Endwerte</AlternateName>
                      <Description>Summe aller Rechnungs-Endwerte der übertragenen Satzart 812, die sich aus dem ersten Umsatzsteuersatz ergeben. Rechtsbündig mit führenden Nullen eintragen. 2 Dezimalstellen.</Description>
                      <IDCode>819_08</IDCode>
                    </FieldDefinition>
                  </Field>
                  <FixedPositionExtractor>
                    <StartPos>40</StartPos>
                    <EndPos>53</EndPos>
                  </FixedPositionExtractor>
                </FieldUsage>
              </RecordElement>
              <RecordElement>
                <FieldUsage>
                  <FieldName>81909</FieldName>
                  <Mandatory>true</Mandatory>
                  <Field>
                    <FieldDefinition>
                      <LengthValidator>
                        <MinLength>13</MinLength>
                        <MaxLength>13</MaxLength>
                      </LengthValidator>
                      <DataType>N2,13,13</DataType>
                      <FormatService>wm.b2b.edi.util.formatServices:formatN2</FormatService>
                      <AlternateName>Summe Entgelt 1</AlternateName>
                      <Description>Summe aller Rechnungs-Entgelte der übertragenen Satzart 812. Rechtsbündig mit führenden Nullen eintragen. 2 Dezimalstellen.</Description>
                      <IDCode>819_09</IDCode>
                    </FieldDefinition>
                  </Field>
                  <FixedPositionExtractor>
                    <StartPos>53</StartPos>
                    <EndPos>66</EndPos>
                  </FixedPositionExtractor>
                </FieldUsage>
              </RecordElement>
              <RecordElement>
                <FieldUsage>
                  <FieldName>81910</FieldName>
                  <Mandatory>true</Mandatory>
                  <Field>
                    <FieldDefinition>
                      <LengthValidator>
                        <MinLength>13</MinLength>
                        <MaxLength>13</MaxLength>
                      </LengthValidator>
                      <DataType>N2,13,13</DataType>
                      <FormatService>wm.b2b.edi.util.formatServices:formatN2</FormatService>
                      <AlternateName>Summe Umsatz-Steuer Betrag 1</AlternateName>
                      <Description>Summe aller Umsatzsteuerbeträge der übertragenen 812, die sich aus dem ersten Umsatzsteuersatz ergeben. Rechtsbündig mit führenden Nullen eintragen. 2 Dezimalstellen.</Description>
                      <IDCode>819_10</IDCode>
                    </FieldDefinition>
                  </Field>
                  <FixedPositionExtractor>
                    <StartPos>66</StartPos>
                    <EndPos>79</EndPos>
                  </FixedPositionExtractor>
                </FieldUsage>
              </RecordElement>
              <RecordElement>
                <FieldUsage>
                  <FieldName>81911</FieldName>
                  <Mandatory>true</Mandatory>
                  <Field>
                    <FieldDefinition>
                      <LengthValidator>
                        <MinLength>3</MinLength>
                        <MaxLength>3</MaxLength>
                      </LengthValidator>
                      <DataType>N1,3,3</DataType>
                      <FormatService>wm.b2b.edi.util.formatServices:formatN1</FormatService>
                      <AlternateName>Umsatz-Steuer-Satz 1</AlternateName>
                      <Description>Erster Umsatz -Steuersatz, Rechtsbündig mit führenden Nullen eintragen. 1 Dezimalstelle.</Description>
                      <IDCode>819_11</IDCode>
                    </FieldDefinition>
                  </Field>
                  <FixedPositionExtractor>
                    <StartPos>79</StartPos>
                    <EndPos>82</EndPos>
                  </FixedPositionExtractor>
                </FieldUsage>
              </RecordElement>
              <RecordElement>
                <FieldUsage>
                  <FieldName>81912</FieldName>
                  <Mandatory>false</Mandatory>
                  <Field>
                    <FieldDefinition>
                      <LengthValidator>
                        <MinLength>13</MinLength>
                        <MaxLength>13</MaxLength>
                      </LengthValidator>
                      <DataType>N2,13,13</DataType>
                      <FormatService>wm.b2b.edi.util.formatServices:formatN2</FormatService>
                      <AlternateName>Summe Entgelt 2</AlternateName>
                      <Description>Summe aller Entgelte der übertragenen Satzart 812, auf die der zweite Umsatzsteuersatz zutrifft: Rechtsbündig mit führenden Nullen eintragen. 2 Dezimalstellen.</Description>
                      <IDCode>819_12</IDCode>
                    </FieldDefinition>
                  </Field>
                  <FixedPositionExtractor>
                    <StartPos>82</StartPos>
                    <EndPos>95</EndPos>
                  </FixedPositionExtractor>
                </FieldUsage>
              </RecordElement>
              <RecordElement>
                <FieldUsage>
                  <FieldName>81913</FieldName>
                  <Mandatory>false</Mandatory>
                  <Field>
                    <FieldDefinition>
                      <LengthValidator>
                        <MinLength>13</MinLength>
                        <MaxLength>13</MaxLength>
                      </LengthValidator>
                      <DataType>N2,13,13</DataType>
                      <FormatService>wm.b2b.edi.util.formatServices:formatN2</FormatService>
                      <AlternateName>Summe Umsatz-Steuer-Betrag 2</AlternateName>
                      <Description>Summe aller Umsatzsteuerbeträge der übertragenen SAA 812, die sich aus dem zweiten Umsatzsteuersatz ergeben, Rechtsbündig mit führenden Nullen eintragen. Nullen eintragen, 2 Dezimalstellen.</Description>
                      <IDCode>819_13</IDCode>
                    </FieldDefinition>
                  </Field>
                  <FixedPositionExtractor>
                    <StartPos>95</StartPos>
                    <EndPos>108</EndPos>
                  </FixedPositionExtractor>
                </FieldUsage>
              </RecordElement>
              <RecordElement>
                <FieldUsage>
                  <FieldName>81914</FieldName>
                  <Mandatory>false</Mandatory>
                  <Field>
                    <FieldDefinition>
                      <LengthValidator>
                        <MinLength>3</MinLength>
                        <MaxLength>3</MaxLength>
                      </LengthValidator>
                      <DataType>N1,3,3</DataType>
                      <FormatService>wm.b2b.edi.util.formatServices:formatN1</FormatService>
                      <AlternateName>Umsatz-Steuer-Satz 2</AlternateName>
                      <Description>Zweiter Umsatzsteuersatz. Rechtsbündig mit führenden Nullen eintragen, 1 Dezimalstelle.</Description>
                      <IDCode>819_14</IDCode>
                    </FieldDefinition>
                  </Field>
                  <FixedPositionExtractor>
                    <StartPos>108</StartPos>
                    <EndPos>111</EndPos>
                  </FixedPositionExtractor>
                </FieldUsage>
              </RecordElement>
              <RecordElement>
                <FieldUsage>
                  <FieldName>81915</FieldName>
                  <Mandatory>false</Mandatory>
                  <Field>
                    <FieldDefinition>
                      <LengthValidator>
                        <MinLength>17</MinLength>
                        <MaxLength>17</MaxLength>
                      </LengthValidator>
                      <DataType>AN,17,17</DataType>
                      <FormatService>wm.b2b.edi.util.formatServices:formatAN</FormatService>
                      <AlternateName>Leer</AlternateName>
                      <Description>Reservestellen, mit BLANKS gefüllt.</Description>
                      <IDCode>819_15</IDCode>
                    </FieldDefinition>
                  </Field>
                  <FixedPositionExtractor>
                    <StartPos>111</StartPos>
                    <EndPos>128</EndPos>
                  </FixedPositionExtractor>
                </FieldUsage>
              </RecordElement>
              <AlternateName></AlternateName>
              <Description></Description>
            </RecordDefinition>
          </Record>
        </RecordUsage>
      </RecordStructure>
    </RecordStructure>
  </DocumentStructure>
  <RecordParser>
    <FixedLengthParser>
      <RecordLength>128</RecordLength>
    </FixedLengthParser>
  </RecordParser>
  <RecordIdentifier>
    <FixedPositionIdentifier>
      <StartPos>0</StartPos>
    </FixedPositionIdentifier>
  </RecordIdentifier>
  <UndefinedDataAllowed>false</UndefinedDataAllowed>
  <Description></Description>
</FFSchema>
