<?xml version="1.0" encoding="UTF-8"?>
<!-- automatically generated by GEFEG.FX -->
<!-- http://www.gefeg.com -->
<FFSchema>
  <Delimiters/>
  <DocumentStructure>
    <Ordered>true</Ordered>
    <RecordStructure>
      <Ordered>true</Ordered>
      <RecordUsage>
        <RecordId>911</RecordId>
        <Mandatory>true</Mandatory>
        <MaxOccur>1</MaxOccur>
        <AllowUndefinedData>true</AllowUndefinedData>
        <Position>NoPosition</Position>
        <AreaId>NoArea</AreaId>
        <Record>
          <RecordDefinition>
            <CheckFields>false</CheckFields>
            <RecordElement>
              <FieldUsage>
                <FieldName>91101</FieldName>
                <Mandatory>true</Mandatory>
                <Field>
                  <FieldDefinition>
                    <LengthValidator>
                      <MinLength>3</MinLength>
                      <MaxLength>3</MaxLength>
                    </LengthValidator>
                    <DataType>N0,3,3</DataType>
                    <FormatService>wm.b2b.edi.util.formatServices:formatN0</FormatService>
                    <AlternateName>Satzart</AlternateName>
                    <Description>Konstant 911. Einmal pro DFÜ-Lauf</Description>
                    <IDCode>911_01</IDCode>
                  </FieldDefinition>
                </Field>
                <FixedPositionExtractor>
                  <StartPos>0</StartPos>
                  <EndPos>3</EndPos>
                </FixedPositionExtractor>
              </FieldUsage>
            </RecordElement>
            <RecordElement>
              <FieldUsage>
                <FieldName>91102</FieldName>
                <Mandatory>true</Mandatory>
                <Field>
                  <FieldDefinition>
                    <CodeListValidator>
                      <CodeList>01</CodeList>
                    </CodeListValidator>
                    <DataType>N0,2,2</DataType>
                    <FormatService>wm.b2b.edi.util.formatServices:formatN0</FormatService>
                    <AlternateName>Versions-Nummer</AlternateName>
                    <Description>
Kennzeichnung der Aktualität einer Satzart. Wird je Satzart lückenlos aufsteigend geführt und nach jeder vom VDA-AKVD Vordruckwesen/Datenaustausch beschlossenen Änderung jeweils um 1 erhöht.
zulässig: 01-99
                    </Description>
                    <IDCode>911_02</IDCode>
                  </FieldDefinition>
                </Field>
                <FixedPositionExtractor>
                  <StartPos>3</StartPos>
                  <EndPos>5</EndPos>
                </FixedPositionExtractor>
              </FieldUsage>
            </RecordElement>
            <RecordElement>
              <FieldUsage>
                <FieldName>91103</FieldName>
                <Mandatory>true</Mandatory>
                <Field>
                  <FieldDefinition>
                    <LengthValidator>
                      <MinLength>9</MinLength>
                      <MaxLength>9</MaxLength>
                    </LengthValidator>
                    <DataType>AN,9,9</DataType>
                    <FormatService>wm.b2b.edi.util.formatServices:formatAN</FormatService>
                    <AlternateName>Kunden-Nummer</AlternateName>
                    <Description>Ident-Nummer, die der Lieferant einem Besteller zuteilt. Alle Daten einer Satzstruktur, die das Feld Kunden-Nummer enthält, unterliegen dem Datenschutz; linksbündig eintragen. Wenn zu Beginn des Verfahrens hier keine Angaben erfolgen können, ist das Feld mit BLANK zu formatieren</Description>
                    <IDCode>911_03</IDCode>
                  </FieldDefinition>
                </Field>
                <FixedPositionExtractor>
                  <StartPos>5</StartPos>
                  <EndPos>14</EndPos>
                </FixedPositionExtractor>
              </FieldUsage>
            </RecordElement>
            <RecordElement>
              <FieldUsage>
                <FieldName>91104</FieldName>
                <Mandatory>true</Mandatory>
                <Field>
                  <FieldDefinition>
                    <LengthValidator>
                      <MinLength>9</MinLength>
                      <MaxLength>9</MaxLength>
                    </LengthValidator>
                    <DataType>AN,9,9</DataType>
                    <FormatService>wm.b2b.edi.util.formatServices:formatAN</FormatService>
                    <AlternateName>Lieferanten-Nummer</AlternateName>
                    <Description>Ident-Nummer, die der Kunde einem Lieferanten (Vertragsnehmer) zuordnet. Alle Daten einer Satzstruktur, die das Feld Lieferanten-Nummer enthält, unterliegen dem Datenschutz. Linksbündig eintragen.</Description>
                    <IDCode>911_04</IDCode>
                  </FieldDefinition>
                </Field>
                <FixedPositionExtractor>
                  <StartPos>14</StartPos>
                  <EndPos>23</EndPos>
                </FixedPositionExtractor>
              </FieldUsage>
            </RecordElement>
            <RecordElement>
              <FieldUsage>
                <FieldName>91105</FieldName>
                <Mandatory>true</Mandatory>
                <Field>
                  <FieldDefinition>
                    <LengthValidator>
                      <MinLength>5</MinLength>
                      <MaxLength>5</MaxLength>
                    </LengthValidator>
                    <DataType>N0,5,5</DataType>
                    <FormatService>wm.b2b.edi.util.formatServices:formatN0</FormatService>
                    <AlternateName>Übertragungs-Nummer-Alt</AlternateName>
                    <Description>Siehe Beschreibung "Übertrags-Nummer-Neu".</Description>
                    <IDCode>911_05</IDCode>
                  </FieldDefinition>
                </Field>
                <FixedPositionExtractor>
                  <StartPos>23</StartPos>
                  <EndPos>28</EndPos>
                </FixedPositionExtractor>
              </FieldUsage>
            </RecordElement>
            <RecordElement>
              <FieldUsage>
                <FieldName>91106</FieldName>
                <Mandatory>true</Mandatory>
                <Field>
                  <FieldDefinition>
                    <LengthValidator>
                      <MinLength>5</MinLength>
                      <MaxLength>5</MaxLength>
                    </LengthValidator>
                    <DataType>N0,5,5</DataType>
                    <FormatService>wm.b2b.edi.util.formatServices:formatN0</FormatService>
                    <AlternateName>Übertragungs-Nummer-Neu</AlternateName>
                    <Description>
Der Datenersteller vergibt innerhalb einer Anwendung (z.B. Zahlungsavis-DFÜ ) für jeden DFÜ-Erstellungslauf eine Übertragungs-Nummer (Neu). Der Wert '00000' darf im Feld "Neu" nicht verwendet werden. Datenersteller und Empfänger bewahren diese Nummer bis zur nächsten Übertragung derselben Anwendung auf. Da der Datenersteller jeweils zu der neuen Übertragungs-Nummer auch die des vorausgegangenen DFÜ-Erstellungslaufes innerhalb dieser Anwendung angibt (als Nummer "Alt"), kann der Empfänger die Vollständigkeit der DFÜ-Bestände je Anwendung gezielt kontrollieren. Daher ist keine lückenlos aufsteigende Nummernfolge erforderlich. Bei alsfehlerhaft abgewiesenen DFÜ-Läufen sind die DFÜ-Lauf-Nr. im Wiederholungslauf nicht zu erhöhen. Es ist keine lückenlos aufsteigende Nummernfolge erforderlich.
Rechtsbündiger Eintrag, mit führenden Nullen.
Beispiele für Eintragungen in den beiden Übertragungs-Nr. "Alt" und "Neu".
Vorgang    Nummer    Nummer
           'Alt'     'Neu'
Start:     00000     00001
oder       00000     00017
Routine:   00019     00020
oder       88051     88061
Überlauf:  99999     00001
oder       89361     00011
                    </Description>
                    <IDCode>911_06</IDCode>
                  </FieldDefinition>
                </Field>
                <FixedPositionExtractor>
                  <StartPos>28</StartPos>
                  <EndPos>33</EndPos>
                </FixedPositionExtractor>
              </FieldUsage>
            </RecordElement>
            <RecordElement>
              <FieldUsage>
                <FieldName>91107</FieldName>
                <Mandatory>true</Mandatory>
                <Field>
                  <FieldDefinition>
                    <LengthValidator>
                      <MinLength>6</MinLength>
                      <MaxLength>6</MaxLength>
                    </LengthValidator>
                    <DataType>N0,6,6</DataType>
                    <FormatService>wm.b2b.edi.util.formatServices:formatN0</FormatService>
                    <AlternateName>Übertragungs-Datum</AlternateName>
                    <Description>
Format:
JJMMTT
                    </Description>
                    <IDCode>911_07</IDCode>
                  </FieldDefinition>
                </Field>
                <FixedPositionExtractor>
                  <StartPos>33</StartPos>
                  <EndPos>39</EndPos>
                </FixedPositionExtractor>
              </FieldUsage>
            </RecordElement>
            <RecordElement>
              <FieldUsage>
                <FieldName>91108</FieldName>
                <Mandatory>false</Mandatory>
                <Field>
                  <FieldDefinition>
                    <LengthValidator>
                      <MinLength>6</MinLength>
                      <MaxLength>6</MaxLength>
                    </LengthValidator>
                    <DataType>N0,6,6</DataType>
                    <FormatService>wm.b2b.edi.util.formatServices:formatN0</FormatService>
                    <AlternateName>Zahlungs-Datum</AlternateName>
                    <Description>
Format:
JJMMTT
                    </Description>
                    <IDCode>911_08</IDCode>
                  </FieldDefinition>
                </Field>
                <FixedPositionExtractor>
                  <StartPos>39</StartPos>
                  <EndPos>45</EndPos>
                </FixedPositionExtractor>
              </FieldUsage>
            </RecordElement>
            <RecordElement>
              <FieldUsage>
                <FieldName>91109</FieldName>
                <Mandatory>false</Mandatory>
                <Field>
                  <FieldDefinition>
                    <LengthValidator>
                      <MinLength>6</MinLength>
                      <MaxLength>6</MaxLength>
                    </LengthValidator>
                    <DataType>AN,6,6</DataType>
                    <FormatService>wm.b2b.edi.util.formatServices:formatAN</FormatService>
                    <AlternateName>Zahlungsanzeige-Nummer</AlternateName>
                    <Description>Verbindung zwischen DFÜ-Zahlungsavis und tatsächlichen Zahlungseingang. Scheck- bzw. Überweisungsnummer. Siehe auch SAA 912. Rechtsbündig eintragen</Description>
                    <IDCode>911_09</IDCode>
                  </FieldDefinition>
                </Field>
                <FixedPositionExtractor>
                  <StartPos>45</StartPos>
                  <EndPos>51</EndPos>
                </FixedPositionExtractor>
              </FieldUsage>
            </RecordElement>
            <RecordElement>
              <FieldUsage>
                <FieldName>91110</FieldName>
                <Mandatory>false</Mandatory>
                <Field>
                  <FieldDefinition>
                    <LengthValidator>
                      <MinLength>77</MinLength>
                      <MaxLength>77</MaxLength>
                    </LengthValidator>
                    <DataType>AN,77,77</DataType>
                    <FormatService>wm.b2b.edi.util.formatServices:formatAN</FormatService>
                    <AlternateName>Leer</AlternateName>
                    <Description>Resevestellen, mit BLANKS gefüllt.</Description>
                    <IDCode>911_10</IDCode>
                  </FieldDefinition>
                </Field>
                <FixedPositionExtractor>
                  <StartPos>51</StartPos>
                  <EndPos>128</EndPos>
                </FixedPositionExtractor>
              </FieldUsage>
            </RecordElement>
            <AlternateName></AlternateName>
            <Description></Description>
          </RecordDefinition>
        </Record>
      </RecordUsage>
      <RecordStructure>
        <Ordered>true</Ordered>
        <RecordUsage>
          <RecordId>912</RecordId>
          <Mandatory>true</Mandatory>
          <MaxOccur>9999999</MaxOccur>
          <AllowUndefinedData>true</AllowUndefinedData>
          <Position>NoPosition</Position>
          <AreaId>NoArea</AreaId>
          <Record>
            <RecordDefinition>
              <CheckFields>false</CheckFields>
              <RecordElement>
                <FieldUsage>
                  <FieldName>91201</FieldName>
                  <Mandatory>true</Mandatory>
                  <Field>
                    <FieldDefinition>
                      <LengthValidator>
                        <MinLength>3</MinLength>
                        <MaxLength>3</MaxLength>
                      </LengthValidator>
                      <DataType>N0,3,3</DataType>
                      <FormatService>wm.b2b.edi.util.formatServices:formatN0</FormatService>
                      <AlternateName>Satzart</AlternateName>
                      <Description>Konstant 912</Description>
                      <IDCode>912_01</IDCode>
                    </FieldDefinition>
                  </Field>
                  <FixedPositionExtractor>
                    <StartPos>0</StartPos>
                    <EndPos>3</EndPos>
                  </FixedPositionExtractor>
                </FieldUsage>
              </RecordElement>
              <RecordElement>
                <FieldUsage>
                  <FieldName>91202</FieldName>
                  <Mandatory>true</Mandatory>
                  <Field>
                    <FieldDefinition>
                      <CodeListValidator>
                        <CodeList>02</CodeList>
                      </CodeListValidator>
                      <DataType>N0,2,2</DataType>
                      <FormatService>wm.b2b.edi.util.formatServices:formatN0</FormatService>
                      <AlternateName>Versions-Nummer</AlternateName>
                      <Description>Aktualität der Satzart.</Description>
                      <IDCode>912_02</IDCode>
                    </FieldDefinition>
                  </Field>
                  <FixedPositionExtractor>
                    <StartPos>3</StartPos>
                    <EndPos>5</EndPos>
                  </FixedPositionExtractor>
                </FieldUsage>
              </RecordElement>
              <RecordElement>
                <FieldUsage>
                  <FieldName>91203</FieldName>
                  <Mandatory>false</Mandatory>
                  <Field>
                    <FieldDefinition>
                      <LengthValidator>
                        <MinLength>8</MinLength>
                        <MaxLength>8</MaxLength>
                      </LengthValidator>
                      <DataType>AN,8,8</DataType>
                      <FormatService>wm.b2b.edi.util.formatServices:formatAN</FormatService>
                      <AlternateName>Lieferschein-Nummer</AlternateName>
                      <Description>Ident-Nummer, die der Lieferant einem Lieferschein zuteilt; rechtsbündig abstellen.</Description>
                      <IDCode>912_03</IDCode>
                    </FieldDefinition>
                  </Field>
                  <FixedPositionExtractor>
                    <StartPos>5</StartPos>
                    <EndPos>13</EndPos>
                  </FixedPositionExtractor>
                </FieldUsage>
              </RecordElement>
              <RecordElement>
                <FieldUsage>
                  <FieldName>91204</FieldName>
                  <Mandatory>true</Mandatory>
                  <Field>
                    <FieldDefinition>
                      <LengthValidator>
                        <MinLength>2</MinLength>
                        <MaxLength>2</MaxLength>
                      </LengthValidator>
                      <DataType>N0,2,2</DataType>
                      <FormatService>wm.b2b.edi.util.formatServices:formatN0</FormatService>
                      <AlternateName>Belegart</AlternateName>
                      <Description>
Buchungs-Schlüssel, 2-stellig, numerisch 01-99
Siehe Codeliste 01.
                      </Description>
                      <IDCode>912_04</IDCode>
                    </FieldDefinition>
                  </Field>
                  <FixedPositionExtractor>
                    <StartPos>13</StartPos>
                    <EndPos>15</EndPos>
                  </FixedPositionExtractor>
                </FieldUsage>
              </RecordElement>
              <RecordElement>
                <FieldUsage>
                  <FieldName>91205</FieldName>
                  <Mandatory>true</Mandatory>
                  <Field>
                    <FieldDefinition>
                      <LengthValidator>
                        <MinLength>8</MinLength>
                        <MaxLength>8</MaxLength>
                      </LengthValidator>
                      <DataType>AN,8,8</DataType>
                      <FormatService>wm.b2b.edi.util.formatServices:formatAN</FormatService>
                      <AlternateName>Rechnungs-Nummer (Beleg-Nummer**)</AlternateName>
                      <Description>
** = Bei Einsatz des Gutschriftenanzeigeverfahrens
Ident-Nummer, die der Lieferant einer von ihm erstellten Rechnung zuteilt. Gilt hier abhängig von der Belegart auch zur Identifizierung anderer Belege, wie Gutschrift, Belastung usw. Auch Beleg-Nr. rechtsbündig mit führenden Nullen eintragen
                      </Description>
                      <IDCode>912_05</IDCode>
                    </FieldDefinition>
                  </Field>
                  <FixedPositionExtractor>
                    <StartPos>15</StartPos>
                    <EndPos>23</EndPos>
                  </FixedPositionExtractor>
                </FieldUsage>
              </RecordElement>
              <RecordElement>
                <FieldUsage>
                  <FieldName>91206</FieldName>
                  <Mandatory>true</Mandatory>
                  <Field>
                    <FieldDefinition>
                      <LengthValidator>
                        <MinLength>6</MinLength>
                        <MaxLength>6</MaxLength>
                      </LengthValidator>
                      <DataType>N0,6,6</DataType>
                      <FormatService>wm.b2b.edi.util.formatServices:formatN0</FormatService>
                      <AlternateName>Rechnungs-Datum (Beleg-Datum**)</AlternateName>
                      <Description>
** = Bei Einsatz des Gutschriftenanzeigeverfahrens
Gilt hier abhängig von der Belegart auch als Datum der Gutschrift, Belastung usw, auch Beleg-Datum

Format:
JJMMTT
                      </Description>
                      <IDCode>912_06</IDCode>
                    </FieldDefinition>
                  </Field>
                  <FixedPositionExtractor>
                    <StartPos>23</StartPos>
                    <EndPos>29</EndPos>
                  </FixedPositionExtractor>
                </FieldUsage>
              </RecordElement>
              <RecordElement>
                <FieldUsage>
                  <FieldName>91207</FieldName>
                  <Mandatory>true</Mandatory>
                  <Field>
                    <FieldDefinition>
                      <LengthValidator>
                        <MinLength>13</MinLength>
                        <MaxLength>13</MaxLength>
                      </LengthValidator>
                      <DataType>N2,13,13</DataType>
                      <FormatService>wm.b2b.edi.util.formatServices:formatN2</FormatService>
                      <AlternateName>Rechnungsbetrag (Endwert**)</AlternateName>
                      <Description>
** = Bei Einsatz des Gutschriftenanzeigeverfahrens
Betrag der Einzelrechnung sowie der dazugehörigen Umsatzsteuer. Gilt hier abhängig von der Belegart auch als Endwert der Gutschrift, Belastung usw.
                      </Description>
                      <IDCode>912_07</IDCode>
                    </FieldDefinition>
                  </Field>
                  <FixedPositionExtractor>
                    <StartPos>29</StartPos>
                    <EndPos>42</EndPos>
                  </FixedPositionExtractor>
                </FieldUsage>
              </RecordElement>
              <RecordElement>
                <FieldUsage>
                  <FieldName>91208</FieldName>
                  <Mandatory>true</Mandatory>
                  <Field>
                    <FieldDefinition>
                      <LengthValidator>
                        <MinLength>1</MinLength>
                        <MaxLength>1</MaxLength>
                      </LengthValidator>
                      <DataType>N0,1,1</DataType>
                      <FormatService>wm.b2b.edi.util.formatServices:formatN0</FormatService>
                      <AlternateName>Vorzeichen</AlternateName>
                      <Description>
Verschlüsselte Form, siehe Codeliste 02.
1 = Positiv
2 = Negativ
Da auch Rechenfelder in Characterform dargestellt werden, ist auch das mathematische Vorzeichen ggfs. unmittelbar nach dem Rechenfeld gesondert anzugeben. Das Vorzeichen ist abhängig vom Feldinhalt Rechnungsbetrag.
                      </Description>
                      <IDCode>912_08</IDCode>
                    </FieldDefinition>
                  </Field>
                  <FixedPositionExtractor>
                    <StartPos>42</StartPos>
                    <EndPos>43</EndPos>
                  </FixedPositionExtractor>
                </FieldUsage>
              </RecordElement>
              <RecordElement>
                <FieldUsage>
                  <FieldName>91209</FieldName>
                  <Mandatory>false</Mandatory>
                  <Field>
                    <FieldDefinition>
                      <LengthValidator>
                        <MinLength>13</MinLength>
                        <MaxLength>13</MaxLength>
                      </LengthValidator>
                      <DataType>N2,13,13</DataType>
                      <FormatService>wm.b2b.edi.util.formatServices:formatN2</FormatService>
                      <AlternateName>Skonto-Betrag</AlternateName>
                      <Description>
Skonto
rechtsbündig mit führenden Nullen eintragen. 2 Dezimalstellen.
                      </Description>
                      <IDCode>912_09</IDCode>
                    </FieldDefinition>
                  </Field>
                  <FixedPositionExtractor>
                    <StartPos>43</StartPos>
                    <EndPos>56</EndPos>
                  </FixedPositionExtractor>
                </FieldUsage>
              </RecordElement>
              <RecordElement>
                <FieldUsage>
                  <FieldName>91210</FieldName>
                  <Mandatory>false</Mandatory>
                  <Field>
                    <FieldDefinition>
                      <LengthValidator>
                        <MinLength>8</MinLength>
                        <MaxLength>8</MaxLength>
                      </LengthValidator>
                      <DataType>AN,8,8</DataType>
                      <FormatService>wm.b2b.edi.util.formatServices:formatAN</FormatService>
                      <AlternateName>Buchungs-Ablage-Nummer</AlternateName>
                      <Description>Verbindung zwischen Buchungsbeleg (Rechnung, Gutschrift, Belstung) und Eingangs-Journal bzw. chronologischen Mikrofilm-Archiv beim Kunden.</Description>
                      <IDCode>912_10</IDCode>
                    </FieldDefinition>
                  </Field>
                  <FixedPositionExtractor>
                    <StartPos>56</StartPos>
                    <EndPos>64</EndPos>
                  </FixedPositionExtractor>
                </FieldUsage>
              </RecordElement>
              <RecordElement>
                <FieldUsage>
                  <FieldName>91211</FieldName>
                  <Mandatory>false</Mandatory>
                  <Field>
                    <FieldDefinition>
                      <LengthValidator>
                        <MinLength>3</MinLength>
                        <MaxLength>3</MaxLength>
                      </LengthValidator>
                      <DataType>N0,3,3</DataType>
                      <FormatService>wm.b2b.edi.util.formatServices:formatN0</FormatService>
                      <AlternateName>Währungseinheit</AlternateName>
                      <Description>
3-stellig numerisch lt. ISO 4217-1978 numerischer Teil. Beispiel "DM" = "280"
Siehe Codeliste 03.
                      </Description>
                      <IDCode>912_11</IDCode>
                    </FieldDefinition>
                  </Field>
                  <FixedPositionExtractor>
                    <StartPos>64</StartPos>
                    <EndPos>67</EndPos>
                  </FixedPositionExtractor>
                </FieldUsage>
              </RecordElement>
              <RecordElement>
                <FieldUsage>
                  <FieldName>91212</FieldName>
                  <Mandatory>false</Mandatory>
                  <Field>
                    <FieldDefinition>
                      <LengthValidator>
                        <MinLength>6</MinLength>
                        <MaxLength>6</MaxLength>
                      </LengthValidator>
                      <DataType>AN,6,6</DataType>
                      <FormatService>wm.b2b.edi.util.formatServices:formatAN</FormatService>
                      <AlternateName>Zahlungsanzeige</AlternateName>
                      <Description>Verbindung zwischen DFÜ-Zahlungsavis und tatsächlichem Zahlungseingang. Rechtsbündig eintragen. Diese Angaben sind in dieser Satzart errorderlich, wenn die Zahlungsanzeige-Nummer nicht in der Satzart 911 gesendet wird.</Description>
                      <IDCode>912_12</IDCode>
                    </FieldDefinition>
                  </Field>
                  <FixedPositionExtractor>
                    <StartPos>67</StartPos>
                    <EndPos>73</EndPos>
                  </FixedPositionExtractor>
                </FieldUsage>
              </RecordElement>
              <RecordElement>
                <FieldUsage>
                  <FieldName>91213</FieldName>
                  <Mandatory>false</Mandatory>
                  <Field>
                    <FieldDefinition>
                      <LengthValidator>
                        <MinLength>3</MinLength>
                        <MaxLength>3</MaxLength>
                      </LengthValidator>
                      <DataType>AN,3,3</DataType>
                      <FormatService>wm.b2b.edi.util.formatServices:formatAN</FormatService>
                      <AlternateName>Werk-Kunde</AlternateName>
                      <Description>Werk des Kunden, an das geliefert wurde. Verschlüsselte Form des Kunden, linksbündig eintragen.</Description>
                      <IDCode>912_13</IDCode>
                    </FieldDefinition>
                  </Field>
                  <FixedPositionExtractor>
                    <StartPos>73</StartPos>
                    <EndPos>76</EndPos>
                  </FixedPositionExtractor>
                </FieldUsage>
              </RecordElement>
              <RecordElement>
                <FieldUsage>
                  <FieldName>91214</FieldName>
                  <Mandatory>false</Mandatory>
                  <Field>
                    <FieldDefinition>
                      <LengthValidator>
                        <MinLength>52</MinLength>
                        <MaxLength>52</MaxLength>
                      </LengthValidator>
                      <DataType>AN,52,52</DataType>
                      <FormatService>wm.b2b.edi.util.formatServices:formatAN</FormatService>
                      <AlternateName>Leer</AlternateName>
                      <Description>Reservestellen, mit BLANKS gefüllt.</Description>
                      <IDCode>912_14</IDCode>
                    </FieldDefinition>
                  </Field>
                  <FixedPositionExtractor>
                    <StartPos>76</StartPos>
                    <EndPos>128</EndPos>
                  </FixedPositionExtractor>
                </FieldUsage>
              </RecordElement>
              <AlternateName></AlternateName>
              <Description></Description>
            </RecordDefinition>
          </Record>
        </RecordUsage>
      </RecordStructure>
      <RecordStructure>
        <Ordered>true</Ordered>
        <RecordUsage>
          <RecordId>919</RecordId>
          <Mandatory>true</Mandatory>
          <MaxOccur>1</MaxOccur>
          <AllowUndefinedData>true</AllowUndefinedData>
          <Position>NoPosition</Position>
          <AreaId>NoArea</AreaId>
          <Record>
            <RecordDefinition>
              <CheckFields>false</CheckFields>
              <RecordElement>
                <FieldUsage>
                  <FieldName>91901</FieldName>
                  <Mandatory>true</Mandatory>
                  <Field>
                    <FieldDefinition>
                      <LengthValidator>
                        <MinLength>3</MinLength>
                        <MaxLength>3</MaxLength>
                      </LengthValidator>
                      <DataType>N0,3,3</DataType>
                      <FormatService>wm.b2b.edi.util.formatServices:formatN0</FormatService>
                      <AlternateName>Satzart</AlternateName>
                      <Description>Konstant "919". 1 x pro DFÜ-Lauf, als Endsatz</Description>
                      <IDCode>919_01</IDCode>
                    </FieldDefinition>
                  </Field>
                  <FixedPositionExtractor>
                    <StartPos>0</StartPos>
                    <EndPos>3</EndPos>
                  </FixedPositionExtractor>
                </FieldUsage>
              </RecordElement>
              <RecordElement>
                <FieldUsage>
                  <FieldName>91902</FieldName>
                  <Mandatory>true</Mandatory>
                  <Field>
                    <FieldDefinition>
                      <CodeListValidator>
                        <CodeList>01</CodeList>
                      </CodeListValidator>
                      <DataType>N0,2,2</DataType>
                      <FormatService>wm.b2b.edi.util.formatServices:formatN0</FormatService>
                      <AlternateName>Versions-Nummer</AlternateName>
                      <Description>Kennzeichnung der Aktualität einer Satzart siehe auch Satzart 911</Description>
                      <IDCode>919_02</IDCode>
                    </FieldDefinition>
                  </Field>
                  <FixedPositionExtractor>
                    <StartPos>3</StartPos>
                    <EndPos>5</EndPos>
                  </FixedPositionExtractor>
                </FieldUsage>
              </RecordElement>
              <RecordElement>
                <FieldUsage>
                  <FieldName>91903</FieldName>
                  <Mandatory>true</Mandatory>
                  <Field>
                    <FieldDefinition>
                      <LengthValidator>
                        <MinLength>7</MinLength>
                        <MaxLength>7</MaxLength>
                      </LengthValidator>
                      <DataType>N0,7,7</DataType>
                      <FormatService>wm.b2b.edi.util.formatServices:formatN0</FormatService>
                      <AlternateName>Zähler 911 Satzart</AlternateName>
                      <Description>
Anzahl übertragenen Sätze der Satzart 911.
Rechtsbündig mit führenden Nullen eintragen.
                      </Description>
                      <IDCode>919_03</IDCode>
                    </FieldDefinition>
                  </Field>
                  <FixedPositionExtractor>
                    <StartPos>5</StartPos>
                    <EndPos>12</EndPos>
                  </FixedPositionExtractor>
                </FieldUsage>
              </RecordElement>
              <RecordElement>
                <FieldUsage>
                  <FieldName>91904</FieldName>
                  <Mandatory>true</Mandatory>
                  <Field>
                    <FieldDefinition>
                      <LengthValidator>
                        <MinLength>7</MinLength>
                        <MaxLength>7</MaxLength>
                      </LengthValidator>
                      <DataType>N0,7,7</DataType>
                      <FormatService>wm.b2b.edi.util.formatServices:formatN0</FormatService>
                      <AlternateName>Zähler 912 Satzart</AlternateName>
                      <Description>
Anzahl übertragenen Satzart 912.
Rechtsbündig mit führenden Nullen eintragen.
                      </Description>
                      <IDCode>919_04</IDCode>
                    </FieldDefinition>
                  </Field>
                  <FixedPositionExtractor>
                    <StartPos>12</StartPos>
                    <EndPos>19</EndPos>
                  </FixedPositionExtractor>
                </FieldUsage>
              </RecordElement>
              <RecordElement>
                <FieldUsage>
                  <FieldName>91905</FieldName>
                  <Mandatory>true</Mandatory>
                  <Field>
                    <FieldDefinition>
                      <LengthValidator>
                        <MinLength>7</MinLength>
                        <MaxLength>7</MaxLength>
                      </LengthValidator>
                      <DataType>N0,7,7</DataType>
                      <FormatService>wm.b2b.edi.util.formatServices:formatN0</FormatService>
                      <AlternateName>Zähler 919 Satzart</AlternateName>
                      <Description>
Anzahl übertragenen Satzart 919.
Rechtsbündig mit führenden Nullen eintragen.
                      </Description>
                      <IDCode>919_05</IDCode>
                    </FieldDefinition>
                  </Field>
                  <FixedPositionExtractor>
                    <StartPos>19</StartPos>
                    <EndPos>26</EndPos>
                  </FixedPositionExtractor>
                </FieldUsage>
              </RecordElement>
              <RecordElement>
                <FieldUsage>
                  <FieldName>91906</FieldName>
                  <Mandatory>true</Mandatory>
                  <Field>
                    <FieldDefinition>
                      <LengthValidator>
                        <MinLength>1</MinLength>
                        <MaxLength>1</MaxLength>
                      </LengthValidator>
                      <DataType>N0,1,1</DataType>
                      <FormatService>wm.b2b.edi.util.formatServices:formatN0</FormatService>
                      <AlternateName>Zahlungsart</AlternateName>
                      <Description>
1-stellig numerisch
Siehe Codeliste 04.
                      </Description>
                      <IDCode>919_06</IDCode>
                    </FieldDefinition>
                  </Field>
                  <FixedPositionExtractor>
                    <StartPos>26</StartPos>
                    <EndPos>27</EndPos>
                  </FixedPositionExtractor>
                </FieldUsage>
              </RecordElement>
              <RecordElement>
                <FieldUsage>
                  <FieldName>91907</FieldName>
                  <Mandatory>true</Mandatory>
                  <Field>
                    <FieldDefinition>
                      <LengthValidator>
                        <MinLength>13</MinLength>
                        <MaxLength>13</MaxLength>
                      </LengthValidator>
                      <DataType>N2,13,13</DataType>
                      <FormatService>wm.b2b.edi.util.formatServices:formatN2</FormatService>
                      <AlternateName>Skonto-Endwert</AlternateName>
                      <Description>
Summe Skonto; rechtsbündig mit führenden Nullen, 2 Dezimalstellen.
Summe aller kontr. Einzelbeträge einschl. MwST.
                      </Description>
                      <IDCode>919_07</IDCode>
                    </FieldDefinition>
                  </Field>
                  <FixedPositionExtractor>
                    <StartPos>27</StartPos>
                    <EndPos>40</EndPos>
                  </FixedPositionExtractor>
                </FieldUsage>
              </RecordElement>
              <RecordElement>
                <FieldUsage>
                  <FieldName>91908</FieldName>
                  <Mandatory>true</Mandatory>
                  <Field>
                    <FieldDefinition>
                      <LengthValidator>
                        <MinLength>13</MinLength>
                        <MaxLength>13</MaxLength>
                      </LengthValidator>
                      <DataType>N2,13,13</DataType>
                      <FormatService>wm.b2b.edi.util.formatServices:formatN2</FormatService>
                      <AlternateName>Summe Zahlungsbetrag</AlternateName>
                      <Description>Summe Rechnungsendwert einschl. MwSt. abzüglich Skonto, rechtsbündig mit führenden Nullen, 2 Dezimalstellen.</Description>
                      <IDCode>919_08</IDCode>
                    </FieldDefinition>
                  </Field>
                  <FixedPositionExtractor>
                    <StartPos>40</StartPos>
                    <EndPos>53</EndPos>
                  </FixedPositionExtractor>
                </FieldUsage>
              </RecordElement>
              <RecordElement>
                <FieldUsage>
                  <FieldName>91909</FieldName>
                  <Mandatory>true</Mandatory>
                  <Field>
                    <FieldDefinition>
                      <LengthValidator>
                        <MinLength>13</MinLength>
                        <MaxLength>13</MaxLength>
                      </LengthValidator>
                      <DataType>N2,13,13</DataType>
                      <FormatService>wm.b2b.edi.util.formatServices:formatN2</FormatService>
                      <AlternateName>Summe Rechnungsbeträge</AlternateName>
                      <Description>
Kontroll-Summe aller Rechungs-Endwerte der übertragenen Sätze der Satzart 912.
2 Dezimalstellen mit führenden Nullen.
                      </Description>
                      <IDCode>919_09</IDCode>
                    </FieldDefinition>
                  </Field>
                  <FixedPositionExtractor>
                    <StartPos>53</StartPos>
                    <EndPos>66</EndPos>
                  </FixedPositionExtractor>
                </FieldUsage>
              </RecordElement>
              <RecordElement>
                <FieldUsage>
                  <FieldName>91910</FieldName>
                  <Mandatory>false</Mandatory>
                  <Field>
                    <FieldDefinition>
                      <LengthValidator>
                        <MinLength>62</MinLength>
                        <MaxLength>62</MaxLength>
                      </LengthValidator>
                      <DataType>AN,62,62</DataType>
                      <FormatService>wm.b2b.edi.util.formatServices:formatAN</FormatService>
                      <AlternateName>Leer</AlternateName>
                      <Description>Mit BLANKS gefüllt.</Description>
                      <IDCode>919_10</IDCode>
                    </FieldDefinition>
                  </Field>
                  <FixedPositionExtractor>
                    <StartPos>66</StartPos>
                    <EndPos>128</EndPos>
                  </FixedPositionExtractor>
                </FieldUsage>
              </RecordElement>
              <AlternateName></AlternateName>
              <Description></Description>
            </RecordDefinition>
          </Record>
        </RecordUsage>
      </RecordStructure>
    </RecordStructure>
  </DocumentStructure>
  <RecordParser>
    <FixedLengthParser>
      <RecordLength>128</RecordLength>
    </FixedLengthParser>
  </RecordParser>
  <RecordIdentifier>
    <FixedPositionIdentifier>
      <StartPos>0</StartPos>
    </FixedPositionIdentifier>
  </RecordIdentifier>
  <UndefinedDataAllowed>false</UndefinedDataAllowed>
  <Description></Description>
</FFSchema>
