<?xml version="1.0" encoding="UTF-8"?>
<!-- automatically generated by GEFEG.FX -->
<!-- http://www.gefeg.com -->
<FFSchema>
  <Delimiters/>
  <DocumentStructure>
    <Ordered>true</Ordered>
    <RecordStructure>
      <Ordered>true</Ordered>
      <RecordUsage>
        <RecordId>411</RecordId>
        <Mandatory>true</Mandatory>
        <MaxOccur>1</MaxOccur>
        <AllowUndefinedData>true</AllowUndefinedData>
        <Position>NoPosition</Position>
        <AreaId>NoArea</AreaId>
        <Record>
          <RecordDefinition>
            <CheckFields>false</CheckFields>
            <RecordElement>
              <FieldUsage>
                <FieldName>41101</FieldName>
                <Mandatory>true</Mandatory>
                <Field>
                  <FieldDefinition>
                    <LengthValidator>
                      <MinLength>3</MinLength>
                      <MaxLength>3</MaxLength>
                    </LengthValidator>
                    <DataType>N0,3,3</DataType>
                    <FormatService>wm.b2b.edi.util.formatServices:formatN0</FormatService>
                    <AlternateName>Satzart</AlternateName>
                    <Description>Konstant "411"</Description>
                    <IDCode>411_01</IDCode>
                  </FieldDefinition>
                </Field>
                <FixedPositionExtractor>
                  <StartPos>0</StartPos>
                  <EndPos>3</EndPos>
                </FixedPositionExtractor>
              </FieldUsage>
            </RecordElement>
            <RecordElement>
              <FieldUsage>
                <FieldName>41102</FieldName>
                <Mandatory>true</Mandatory>
                <Field>
                  <FieldDefinition>
                    <CodeListValidator>
                      <CodeList>01</CodeList>
                    </CodeListValidator>
                    <DataType>N0,2,2</DataType>
                    <FormatService>wm.b2b.edi.util.formatServices:formatN0</FormatService>
                    <AlternateName>Versions-Nummer</AlternateName>
                    <Description>
Kennzeichnung der Aktualität einer Satzart. Wird vom VDA-AKVD je Satzart gesondert lückenlos aufsteigend geführt und nach jeder vom VDK-AKVD beschlossenen Änderung an einer Satzart jeweils um 1 erhöht.
zulässig: 01-99
                    </Description>
                    <IDCode>411_02</IDCode>
                  </FieldDefinition>
                </Field>
                <FixedPositionExtractor>
                  <StartPos>3</StartPos>
                  <EndPos>5</EndPos>
                </FixedPositionExtractor>
              </FieldUsage>
            </RecordElement>
            <RecordElement>
              <FieldUsage>
                <FieldName>41103</FieldName>
                <Mandatory>false</Mandatory>
                <Field>
                  <FieldDefinition>
                    <LengthValidator>
                      <MinLength>9</MinLength>
                      <MaxLength>9</MaxLength>
                    </LengthValidator>
                    <DataType>AN,9,9</DataType>
                    <FormatService>wm.b2b.edi.util.formatServices:formatAN</FormatService>
                    <AlternateName>Kunden-Nummer</AlternateName>
                    <Description>
Ident-Nummer, die der Lieferant einem Besteller zuteilt. Alle Daten einer Struktur, die das Feld Kunden-Nummer enthält, unterliegen dem Datenschutz.
Linksbündiger Eintrag
                    </Description>
                    <IDCode>411_03</IDCode>
                  </FieldDefinition>
                </Field>
                <FixedPositionExtractor>
                  <StartPos>5</StartPos>
                  <EndPos>14</EndPos>
                </FixedPositionExtractor>
              </FieldUsage>
            </RecordElement>
            <RecordElement>
              <FieldUsage>
                <FieldName>41104</FieldName>
                <Mandatory>true</Mandatory>
                <Field>
                  <FieldDefinition>
                    <LengthValidator>
                      <MinLength>9</MinLength>
                      <MaxLength>9</MaxLength>
                    </LengthValidator>
                    <DataType>AN,9,9</DataType>
                    <FormatService>wm.b2b.edi.util.formatServices:formatAN</FormatService>
                    <AlternateName>Lieferanten-Nummer</AlternateName>
                    <Description>Ident-Nummer, die der Kunde einem Lieferanten (Vertragsnehmer) zuordnet. Alle Daten einer Struktur, die das Feld Lieferanten-Nummer enthält, unterliegen dem Datenschutz. Linksbündiger Eintragen.</Description>
                    <IDCode>411_04</IDCode>
                  </FieldDefinition>
                </Field>
                <FixedPositionExtractor>
                  <StartPos>14</StartPos>
                  <EndPos>23</EndPos>
                </FixedPositionExtractor>
              </FieldUsage>
            </RecordElement>
            <RecordElement>
              <FieldUsage>
                <FieldName>41105</FieldName>
                <Mandatory>true</Mandatory>
                <Field>
                  <FieldDefinition>
                    <LengthValidator>
                      <MinLength>5</MinLength>
                      <MaxLength>5</MaxLength>
                    </LengthValidator>
                    <DataType>N0,5,5</DataType>
                    <FormatService>wm.b2b.edi.util.formatServices:formatN0</FormatService>
                    <AlternateName>Übertragungs-Nummer-Alt</AlternateName>
                    <Description>
Rechtsbündiger Eintrag mit führenden Nullen, keine Dezimalstelle. Siehe Übertragungs-Nummer-neu.
Bei der ersten Übertragung ist Übertragungs-Nummer-alt = Übertragungs-Nummer-neu.
                    </Description>
                    <IDCode>411_05</IDCode>
                  </FieldDefinition>
                </Field>
                <FixedPositionExtractor>
                  <StartPos>23</StartPos>
                  <EndPos>28</EndPos>
                </FixedPositionExtractor>
              </FieldUsage>
            </RecordElement>
            <RecordElement>
              <FieldUsage>
                <FieldName>41106</FieldName>
                <Mandatory>true</Mandatory>
                <Field>
                  <FieldDefinition>
                    <LengthValidator>
                      <MinLength>5</MinLength>
                      <MaxLength>5</MaxLength>
                    </LengthValidator>
                    <DataType>N0,5,5</DataType>
                    <FormatService>wm.b2b.edi.util.formatServices:formatN0</FormatService>
                    <AlternateName>Übertragungs-Nummer-NEU</AlternateName>
                    <Description>Der Datenersteller vergibt eine Übertragungs-Nummer für jeden DFÜ-Lauf. Datenersteller und Datenempfänger bewahren diese Nummer pro Sachgebiet bis zu nächsten Übertragung desselben Sachgebietes auf. Da der Datenersteller jewils zu der neuen Übertragungs-Nummer auch die des vorausgegangenen DFÜ-Laufs innerhalb dieses Sachgebietes angibt, kann der Empfänger die Vollständigkeit der DFÜ-Datenbestände je Sachgebiet kontrollieren. Daher ist keine lückenlos aufsteigende Reihenfolge erforderlich. Rechtsbündiger Eintrag mit führenden Nullen, keine Dezimalstelle.</Description>
                    <IDCode>411_06</IDCode>
                  </FieldDefinition>
                </Field>
                <FixedPositionExtractor>
                  <StartPos>28</StartPos>
                  <EndPos>33</EndPos>
                </FixedPositionExtractor>
              </FieldUsage>
            </RecordElement>
            <RecordElement>
              <FieldUsage>
                <FieldName>41107</FieldName>
                <Mandatory>true</Mandatory>
                <Field>
                  <FieldDefinition>
                    <LengthValidator>
                      <MinLength>6</MinLength>
                      <MaxLength>6</MaxLength>
                    </LengthValidator>
                    <DataType>N0,6,6</DataType>
                    <FormatService>wm.b2b.edi.util.formatServices:formatN0</FormatService>
                    <AlternateName>Übertragungs-Datum</AlternateName>
                    <Description>
Format:
JJMMTT
                    </Description>
                    <IDCode>411_07</IDCode>
                  </FieldDefinition>
                </Field>
                <FixedPositionExtractor>
                  <StartPos>33</StartPos>
                  <EndPos>39</EndPos>
                </FixedPositionExtractor>
              </FieldUsage>
            </RecordElement>
            <RecordElement>
              <FieldUsage>
                <FieldName>41108</FieldName>
                <Mandatory>false</Mandatory>
                <Field>
                  <FieldDefinition>
                    <LengthValidator>
                      <MinLength>89</MinLength>
                      <MaxLength>89</MaxLength>
                    </LengthValidator>
                    <DataType>AN,89,89</DataType>
                    <FormatService>wm.b2b.edi.util.formatServices:formatAN</FormatService>
                    <AlternateName>Leer</AlternateName>
                    <Description>Mit BLANKS gefüllt</Description>
                    <IDCode>411_08</IDCode>
                  </FieldDefinition>
                </Field>
                <FixedPositionExtractor>
                  <StartPos>39</StartPos>
                  <EndPos>128</EndPos>
                </FixedPositionExtractor>
              </FieldUsage>
            </RecordElement>
            <AlternateName></AlternateName>
            <Description></Description>
          </RecordDefinition>
        </Record>
      </RecordUsage>
      <RecordStructure>
        <Ordered>true</Ordered>
        <RecordUsage>
          <RecordId>412</RecordId>
          <Mandatory>true</Mandatory>
          <MaxOccur>9999999</MaxOccur>
          <AllowUndefinedData>true</AllowUndefinedData>
          <Position>NoPosition</Position>
          <AreaId>NoArea</AreaId>
          <Record>
            <RecordDefinition>
              <CheckFields>false</CheckFields>
              <RecordElement>
                <FieldUsage>
                  <FieldName>41201</FieldName>
                  <Mandatory>true</Mandatory>
                  <Field>
                    <FieldDefinition>
                      <LengthValidator>
                        <MinLength>3</MinLength>
                        <MaxLength>3</MaxLength>
                      </LengthValidator>
                      <DataType>N0,3,3</DataType>
                      <FormatService>wm.b2b.edi.util.formatServices:formatN0</FormatService>
                      <AlternateName>Satzart</AlternateName>
                      <Description>Konstant "412"</Description>
                      <IDCode>412_01</IDCode>
                    </FieldDefinition>
                  </Field>
                  <FixedPositionExtractor>
                    <StartPos>0</StartPos>
                    <EndPos>3</EndPos>
                  </FixedPositionExtractor>
                </FieldUsage>
              </RecordElement>
              <RecordElement>
                <FieldUsage>
                  <FieldName>41202</FieldName>
                  <Mandatory>true</Mandatory>
                  <Field>
                    <FieldDefinition>
                      <CodeListValidator>
                        <CodeList>01</CodeList>
                      </CodeListValidator>
                      <DataType>N0,2,2</DataType>
                      <FormatService>wm.b2b.edi.util.formatServices:formatN0</FormatService>
                      <AlternateName>Versions-Nummer</AlternateName>
                      <Description>
Kennzeichnung der Aktualität einer Satzart.
Siehe Satzart 411.
                      </Description>
                      <IDCode>412_02</IDCode>
                    </FieldDefinition>
                  </Field>
                  <FixedPositionExtractor>
                    <StartPos>3</StartPos>
                    <EndPos>5</EndPos>
                  </FixedPositionExtractor>
                </FieldUsage>
              </RecordElement>
              <RecordElement>
                <FieldUsage>
                  <FieldName>41203</FieldName>
                  <Mandatory>true</Mandatory>
                  <Field>
                    <FieldDefinition>
                      <LengthValidator>
                        <MinLength>1</MinLength>
                        <MaxLength>1</MaxLength>
                      </LengthValidator>
                      <DataType>AN,1,1</DataType>
                      <FormatService>wm.b2b.edi.util.formatServices:formatAN</FormatService>
                      <AlternateName>Preis-Vorgangs-Art</AlternateName>
                      <Description>
Kennzeichnet den Vorgang, auf den sich die Daten in den der Satzart 412 folgenden Sätzen beziehen.
Siehe Codeliste 01.
                      </Description>
                      <IDCode>412_03</IDCode>
                    </FieldDefinition>
                  </Field>
                  <FixedPositionExtractor>
                    <StartPos>5</StartPos>
                    <EndPos>6</EndPos>
                  </FixedPositionExtractor>
                </FieldUsage>
              </RecordElement>
              <RecordElement>
                <FieldUsage>
                  <FieldName>41204</FieldName>
                  <Mandatory>false</Mandatory>
                  <Field>
                    <FieldDefinition>
                      <LengthValidator>
                        <MinLength>1</MinLength>
                        <MaxLength>1</MaxLength>
                      </LengthValidator>
                      <DataType>AN,1,1</DataType>
                      <FormatService>wm.b2b.edi.util.formatServices:formatAN</FormatService>
                      <AlternateName>Verwendungs-Schlüssel</AlternateName>
                      <Description>
Kennzeichnet das Verwendungsgebiet.
IN DIESER ANWENDUNG SIND NUR DIE SCHLÜSSEL "S"; "E"; "U"; UND "X" ZULÄSSIG.
Siehe Codeliste 02.
                      </Description>
                      <IDCode>412_04</IDCode>
                    </FieldDefinition>
                  </Field>
                  <FixedPositionExtractor>
                    <StartPos>6</StartPos>
                    <EndPos>7</EndPos>
                  </FixedPositionExtractor>
                </FieldUsage>
              </RecordElement>
              <RecordElement>
                <FieldUsage>
                  <FieldName>41205</FieldName>
                  <Mandatory>false</Mandatory>
                  <Field>
                    <FieldDefinition>
                      <LengthValidator>
                        <MinLength>12</MinLength>
                        <MaxLength>12</MaxLength>
                      </LengthValidator>
                      <DataType>AN,12,12</DataType>
                      <FormatService>wm.b2b.edi.util.formatServices:formatAN</FormatService>
                      <AlternateName>Preis-Vorgangs-Nummer</AlternateName>
                      <Description>
Ident-Nummer, die der Kunde dem durch die Preis-Vorgangs-Art bezeichneten Vorgang zugeteilt hat (z.B. die Rahmenabschluß-Nummer, die Bestellnummer usw.).
Linksbündiger Eintrag.
Ist Mußfeld, wenn die Preisvorgangsnummer maschinell verfügbar ist.
                      </Description>
                      <IDCode>412_05</IDCode>
                    </FieldDefinition>
                  </Field>
                  <FixedPositionExtractor>
                    <StartPos>7</StartPos>
                    <EndPos>19</EndPos>
                  </FixedPositionExtractor>
                </FieldUsage>
              </RecordElement>
              <RecordElement>
                <FieldUsage>
                  <FieldName>41206</FieldName>
                  <Mandatory>false</Mandatory>
                  <Field>
                    <FieldDefinition>
                      <LengthValidator>
                        <MinLength>6</MinLength>
                        <MaxLength>6</MaxLength>
                      </LengthValidator>
                      <DataType>AN,6,6</DataType>
                      <FormatService>wm.b2b.edi.util.formatServices:formatAN</FormatService>
                      <AlternateName>Preis-Vorgangs-Änderungs-Nummer</AlternateName>
                      <Description>
Angabe der laufenden Änderungs-Nummer pro Preis-Vorgangs-Art.
Linksbündiger Eintrag.
                      </Description>
                      <IDCode>412_06</IDCode>
                    </FieldDefinition>
                  </Field>
                  <FixedPositionExtractor>
                    <StartPos>19</StartPos>
                    <EndPos>25</EndPos>
                  </FixedPositionExtractor>
                </FieldUsage>
              </RecordElement>
              <RecordElement>
                <FieldUsage>
                  <FieldName>41207</FieldName>
                  <Mandatory>false</Mandatory>
                  <Field>
                    <FieldDefinition>
                      <LengthValidator>
                        <MinLength>6</MinLength>
                        <MaxLength>6</MaxLength>
                      </LengthValidator>
                      <DataType>N0,6,6</DataType>
                      <FormatService>wm.b2b.edi.util.formatServices:formatN0</FormatService>
                      <AlternateName>Preis-Vorgangs-Änderungs-Datum</AlternateName>
                      <Description>
Gilt für alle Positionen des Vorganges, sofern in den der SA 412 folgenden Sätzen kein anderer Wert angegeben ist.

Format:
JJMMTT
                      </Description>
                      <IDCode>412_07</IDCode>
                    </FieldDefinition>
                  </Field>
                  <FixedPositionExtractor>
                    <StartPos>25</StartPos>
                    <EndPos>31</EndPos>
                  </FixedPositionExtractor>
                </FieldUsage>
              </RecordElement>
              <RecordElement>
                <FieldUsage>
                  <FieldName>41208</FieldName>
                  <Mandatory>true</Mandatory>
                  <Field>
                    <FieldDefinition>
                      <LengthValidator>
                        <MinLength>6</MinLength>
                        <MaxLength>6</MaxLength>
                      </LengthValidator>
                      <DataType>N0,6,6</DataType>
                      <FormatService>wm.b2b.edi.util.formatServices:formatN0</FormatService>
                      <AlternateName>Preis-Vorgangs-gültig-von</AlternateName>
                      <Description>
Gilt in SA 412 für alle Positionen des Vorgangs sofern in den dieser SA folgenden Sätzen kein Wert angegeben ist.

Format:
JJMMTT
                      </Description>
                      <IDCode>412_08</IDCode>
                    </FieldDefinition>
                  </Field>
                  <FixedPositionExtractor>
                    <StartPos>31</StartPos>
                    <EndPos>37</EndPos>
                  </FixedPositionExtractor>
                </FieldUsage>
              </RecordElement>
              <RecordElement>
                <FieldUsage>
                  <FieldName>41209</FieldName>
                  <Mandatory>false</Mandatory>
                  <Field>
                    <FieldDefinition>
                      <LengthValidator>
                        <MinLength>6</MinLength>
                        <MaxLength>6</MaxLength>
                      </LengthValidator>
                      <DataType>N0,6,6</DataType>
                      <FormatService>wm.b2b.edi.util.formatServices:formatN0</FormatService>
                      <AlternateName>Preis-Vorgang-gültig-bis</AlternateName>
                      <Description>
Gilt in SA 412 für alle Positionen des Vorgangs, sofern in den dieser SA folgenden Sätzen kein Wert angegeben ist.

Format:
JJMMTT
                      </Description>
                      <IDCode>412_09</IDCode>
                    </FieldDefinition>
                  </Field>
                  <FixedPositionExtractor>
                    <StartPos>37</StartPos>
                    <EndPos>43</EndPos>
                  </FixedPositionExtractor>
                </FieldUsage>
              </RecordElement>
              <RecordElement>
                <FieldUsage>
                  <FieldName>41210</FieldName>
                  <Mandatory>false</Mandatory>
                  <Field>
                    <FieldDefinition>
                      <LengthValidator>
                        <MinLength>6</MinLength>
                        <MaxLength>6</MaxLength>
                      </LengthValidator>
                      <DataType>N0,6,6</DataType>
                      <FormatService>wm.b2b.edi.util.formatServices:formatN0</FormatService>
                      <AlternateName>Preis-Berechnungs-Datum</AlternateName>
                      <Description>
Ab diesem Datum soll der Lieferant den Preis berechnen.

Format:
JJMMTT
                      </Description>
                      <IDCode>412_10</IDCode>
                    </FieldDefinition>
                  </Field>
                  <FixedPositionExtractor>
                    <StartPos>43</StartPos>
                    <EndPos>49</EndPos>
                  </FixedPositionExtractor>
                </FieldUsage>
              </RecordElement>
              <RecordElement>
                <FieldUsage>
                  <FieldName>41211</FieldName>
                  <Mandatory>true</Mandatory>
                  <Field>
                    <FieldDefinition>
                      <LengthValidator>
                        <MinLength>3</MinLength>
                        <MaxLength>3</MaxLength>
                      </LengthValidator>
                      <DataType>N0,3,3</DataType>
                      <FormatService>wm.b2b.edi.util.formatServices:formatN0</FormatService>
                      <AlternateName>Währung</AlternateName>
                      <Description>Verschlüsselte Form:  ISO 4217-1978, numerisch, Beispiel "DM" = "280"</Description>
                      <IDCode>412_11</IDCode>
                    </FieldDefinition>
                  </Field>
                  <FixedPositionExtractor>
                    <StartPos>49</StartPos>
                    <EndPos>52</EndPos>
                  </FixedPositionExtractor>
                </FieldUsage>
              </RecordElement>
              <RecordElement>
                <FieldUsage>
                  <FieldName>41212</FieldName>
                  <Mandatory>false</Mandatory>
                  <Field>
                    <FieldDefinition>
                      <LengthValidator>
                        <MinLength>76</MinLength>
                        <MaxLength>76</MaxLength>
                      </LengthValidator>
                      <DataType>AN,76,76</DataType>
                      <FormatService>wm.b2b.edi.util.formatServices:formatAN</FormatService>
                      <AlternateName>Leer</AlternateName>
                      <Description>Mit BLANKS gefüllt.</Description>
                      <IDCode>412_12</IDCode>
                    </FieldDefinition>
                  </Field>
                  <FixedPositionExtractor>
                    <StartPos>52</StartPos>
                    <EndPos>128</EndPos>
                  </FixedPositionExtractor>
                </FieldUsage>
              </RecordElement>
              <AlternateName></AlternateName>
              <Description></Description>
            </RecordDefinition>
          </Record>
        </RecordUsage>
        <RecordStructure>
          <Ordered>true</Ordered>
          <RecordUsage>
            <RecordId>413</RecordId>
            <Mandatory>true</Mandatory>
            <MaxOccur>9999999</MaxOccur>
            <AllowUndefinedData>true</AllowUndefinedData>
            <Position>NoPosition</Position>
            <AreaId>NoArea</AreaId>
            <Record>
              <RecordDefinition>
                <CheckFields>false</CheckFields>
                <RecordElement>
                  <FieldUsage>
                    <FieldName>41301</FieldName>
                    <Mandatory>true</Mandatory>
                    <Field>
                      <FieldDefinition>
                        <LengthValidator>
                          <MinLength>3</MinLength>
                          <MaxLength>3</MaxLength>
                        </LengthValidator>
                        <DataType>N0,3,3</DataType>
                        <FormatService>wm.b2b.edi.util.formatServices:formatN0</FormatService>
                        <AlternateName>Satzart</AlternateName>
                        <Description>Konstant "413".</Description>
                        <IDCode>413_01</IDCode>
                      </FieldDefinition>
                    </Field>
                    <FixedPositionExtractor>
                      <StartPos>0</StartPos>
                      <EndPos>3</EndPos>
                    </FixedPositionExtractor>
                  </FieldUsage>
                </RecordElement>
                <RecordElement>
                  <FieldUsage>
                    <FieldName>41302</FieldName>
                    <Mandatory>true</Mandatory>
                    <Field>
                      <FieldDefinition>
                        <CodeListValidator>
                          <CodeList>01</CodeList>
                        </CodeListValidator>
                        <DataType>N0,2,2</DataType>
                        <FormatService>wm.b2b.edi.util.formatServices:formatN0</FormatService>
                        <AlternateName>Versionsnummer</AlternateName>
                        <Description>
Kennzeichnung der Aktualität einer Satzart.
Siehe Satzart 411.
                        </Description>
                        <IDCode>413_02</IDCode>
                      </FieldDefinition>
                    </Field>
                    <FixedPositionExtractor>
                      <StartPos>3</StartPos>
                      <EndPos>5</EndPos>
                    </FixedPositionExtractor>
                  </FieldUsage>
                </RecordElement>
                <RecordElement>
                  <FieldUsage>
                    <FieldName>41303</FieldName>
                    <Mandatory>true</Mandatory>
                    <Field>
                      <FieldDefinition>
                        <LengthValidator>
                          <MinLength>22</MinLength>
                          <MaxLength>22</MaxLength>
                        </LengthValidator>
                        <DataType>AN,22,22</DataType>
                        <FormatService>wm.b2b.edi.util.formatServices:formatAN</FormatService>
                        <AlternateName>Sach-Nummer-Kunde</AlternateName>
                        <Description>Ident-Nummer, die der Lieferant einem Artikel, einem Packmittel oder einer sonstigen Leistung zuordnet. Linksbündiger Eintrag in Druckform.</Description>
                        <IDCode>413_03</IDCode>
                      </FieldDefinition>
                    </Field>
                    <FixedPositionExtractor>
                      <StartPos>5</StartPos>
                      <EndPos>27</EndPos>
                    </FixedPositionExtractor>
                  </FieldUsage>
                </RecordElement>
                <RecordElement>
                  <FieldUsage>
                    <FieldName>41304</FieldName>
                    <Mandatory>false</Mandatory>
                    <Field>
                      <FieldDefinition>
                        <LengthValidator>
                          <MinLength>22</MinLength>
                          <MaxLength>22</MaxLength>
                        </LengthValidator>
                        <DataType>AN,22,22</DataType>
                        <FormatService>wm.b2b.edi.util.formatServices:formatAN</FormatService>
                        <AlternateName>Sach-Nummer-Lieferant</AlternateName>
                        <Description>
Ident-Nummer, die der Lieferant einem Artikel, einem Packmittel oder einer sonstigen Leistung zuordnet.
Linksbündiger Eintrag in Druckform.
                        </Description>
                        <IDCode>413_04</IDCode>
                      </FieldDefinition>
                    </Field>
                    <FixedPositionExtractor>
                      <StartPos>27</StartPos>
                      <EndPos>49</EndPos>
                    </FixedPositionExtractor>
                  </FieldUsage>
                </RecordElement>
                <RecordElement>
                  <FieldUsage>
                    <FieldName>41305</FieldName>
                    <Mandatory>false</Mandatory>
                    <Field>
                      <FieldDefinition>
                        <LengthValidator>
                          <MinLength>6</MinLength>
                          <MaxLength>6</MaxLength>
                        </LengthValidator>
                        <DataType>N0,6,6</DataType>
                        <FormatService>wm.b2b.edi.util.formatServices:formatN0</FormatService>
                        <AlternateName>Preis-gültig-von</AlternateName>
                        <Description>
Ab diessem Datum ist der Preis gültig.

Format:
JJMMTT
                        </Description>
                        <IDCode>413_05</IDCode>
                      </FieldDefinition>
                    </Field>
                    <FixedPositionExtractor>
                      <StartPos>49</StartPos>
                      <EndPos>55</EndPos>
                    </FixedPositionExtractor>
                  </FieldUsage>
                </RecordElement>
                <RecordElement>
                  <FieldUsage>
                    <FieldName>41306</FieldName>
                    <Mandatory>false</Mandatory>
                    <Field>
                      <FieldDefinition>
                        <LengthValidator>
                          <MinLength>1</MinLength>
                          <MaxLength>1</MaxLength>
                        </LengthValidator>
                        <DataType>AN,1,1</DataType>
                        <FormatService>wm.b2b.edi.util.formatServices:formatAN</FormatService>
                        <AlternateName>Preis-Nachtrags-Nummer</AlternateName>
                        <Description>
Angabe, wenn zum gleichen Datum mehrere Sätze mit unterschiedlichen Preisen einsetzen.
Siehe Codeliste 03.
                        </Description>
                        <IDCode>413_06</IDCode>
                      </FieldDefinition>
                    </Field>
                    <FixedPositionExtractor>
                      <StartPos>55</StartPos>
                      <EndPos>56</EndPos>
                    </FixedPositionExtractor>
                  </FieldUsage>
                </RecordElement>
                <RecordElement>
                  <FieldUsage>
                    <FieldName>41307</FieldName>
                    <Mandatory>false</Mandatory>
                    <Field>
                      <FieldDefinition>
                        <LengthValidator>
                          <MinLength>6</MinLength>
                          <MaxLength>6</MaxLength>
                        </LengthValidator>
                        <DataType>N0,6,6</DataType>
                        <FormatService>wm.b2b.edi.util.formatServices:formatN0</FormatService>
                        <AlternateName>Preis-gültig-bis</AlternateName>
                        <Description>
Bis zu diesem Datum ist der Preis gültig.

Format:
JJMMTT
                        </Description>
                        <IDCode>413_07</IDCode>
                      </FieldDefinition>
                    </Field>
                    <FixedPositionExtractor>
                      <StartPos>56</StartPos>
                      <EndPos>62</EndPos>
                    </FixedPositionExtractor>
                  </FieldUsage>
                </RecordElement>
                <RecordElement>
                  <FieldUsage>
                    <FieldName>41308</FieldName>
                    <Mandatory>true</Mandatory>
                    <Field>
                      <FieldDefinition>
                        <LengthValidator>
                          <MinLength>2</MinLength>
                          <MaxLength>2</MaxLength>
                        </LengthValidator>
                        <DataType>AN,2,2</DataType>
                        <FormatService>wm.b2b.edi.util.formatServices:formatAN</FormatService>
                        <AlternateName>Preis-Einheit</AlternateName>
                        <Description>Siehe Codeliste 04.</Description>
                        <IDCode>413_08</IDCode>
                      </FieldDefinition>
                    </Field>
                    <FixedPositionExtractor>
                      <StartPos>62</StartPos>
                      <EndPos>64</EndPos>
                    </FixedPositionExtractor>
                  </FieldUsage>
                </RecordElement>
                <RecordElement>
                  <FieldUsage>
                    <FieldName>41309</FieldName>
                    <Mandatory>true</Mandatory>
                    <Field>
                      <FieldDefinition>
                        <LengthValidator>
                          <MinLength>2</MinLength>
                          <MaxLength>2</MaxLength>
                        </LengthValidator>
                        <DataType>AN,2,2</DataType>
                        <FormatService>wm.b2b.edi.util.formatServices:formatAN</FormatService>
                        <AlternateName>Mengen-Einheit</AlternateName>
                        <Description>Siehe Codeliste 05.</Description>
                        <IDCode>413_09</IDCode>
                      </FieldDefinition>
                    </Field>
                    <FixedPositionExtractor>
                      <StartPos>64</StartPos>
                      <EndPos>66</EndPos>
                    </FixedPositionExtractor>
                  </FieldUsage>
                </RecordElement>
                <RecordElement>
                  <FieldUsage>
                    <FieldName>41310</FieldName>
                    <Mandatory>true</Mandatory>
                    <Field>
                      <FieldDefinition>
                        <LengthValidator>
                          <MinLength>3</MinLength>
                          <MaxLength>3</MaxLength>
                        </LengthValidator>
                        <DataType>AN,3,3</DataType>
                        <FormatService>wm.b2b.edi.util.formatServices:formatAN</FormatService>
                        <AlternateName>Preis-Schlüssel 1</AlternateName>
                        <Description>Siehe Codeliste 06.</Description>
                        <IDCode>413_10</IDCode>
                      </FieldDefinition>
                    </Field>
                    <FixedPositionExtractor>
                      <StartPos>66</StartPos>
                      <EndPos>69</EndPos>
                    </FixedPositionExtractor>
                  </FieldUsage>
                </RecordElement>
                <RecordElement>
                  <FieldUsage>
                    <FieldName>41311</FieldName>
                    <Mandatory>true</Mandatory>
                    <Field>
                      <FieldDefinition>
                        <LengthValidator>
                          <MinLength>13</MinLength>
                          <MaxLength>13</MaxLength>
                        </LengthValidator>
                        <DataType>N2,13,13</DataType>
                        <FormatService>wm.b2b.edi.util.formatServices:formatN2</FormatService>
                        <AlternateName>Preis-Betrag</AlternateName>
                        <Description>Angabe des Preises/Betrage in Abhängigkeit vom Preisschlüssel. Rechtsbündiger Eintrag, führende Nullen, zwei Dezimalstellen.</Description>
                        <IDCode>413_11</IDCode>
                      </FieldDefinition>
                    </Field>
                    <FixedPositionExtractor>
                      <StartPos>69</StartPos>
                      <EndPos>82</EndPos>
                    </FixedPositionExtractor>
                  </FieldUsage>
                </RecordElement>
                <RecordElement>
                  <FieldUsage>
                    <FieldName>41312</FieldName>
                    <Mandatory>false</Mandatory>
                    <Field>
                      <FieldDefinition>
                        <LengthValidator>
                          <MinLength>3</MinLength>
                          <MaxLength>3</MaxLength>
                        </LengthValidator>
                        <DataType>AN,3,3</DataType>
                        <FormatService>wm.b2b.edi.util.formatServices:formatAN</FormatService>
                        <AlternateName>Preis-Schlüssel 2</AlternateName>
                        <Description>Siehe Codeliste 07.</Description>
                        <IDCode>413_12</IDCode>
                      </FieldDefinition>
                    </Field>
                    <FixedPositionExtractor>
                      <StartPos>82</StartPos>
                      <EndPos>85</EndPos>
                    </FixedPositionExtractor>
                  </FieldUsage>
                </RecordElement>
                <RecordElement>
                  <FieldUsage>
                    <FieldName>41313</FieldName>
                    <Mandatory>false</Mandatory>
                    <Field>
                      <FieldDefinition>
                        <LengthValidator>
                          <MinLength>13</MinLength>
                          <MaxLength>13</MaxLength>
                        </LengthValidator>
                        <DataType>N2,13,13</DataType>
                        <FormatService>wm.b2b.edi.util.formatServices:formatN2</FormatService>
                        <AlternateName>Preis-Betrag 2</AlternateName>
                        <Description>Angabe des Preises oder Angabe des Zu-/Abschlag-Betrags in Abhängigkeit vom Preis-Schlüssel. Rechtsbündiger Eintrag, führende Nullen, zwei Dezimalstellen.</Description>
                        <IDCode>413_13</IDCode>
                      </FieldDefinition>
                    </Field>
                    <FixedPositionExtractor>
                      <StartPos>85</StartPos>
                      <EndPos>98</EndPos>
                    </FixedPositionExtractor>
                  </FieldUsage>
                </RecordElement>
                <RecordElement>
                  <FieldUsage>
                    <FieldName>41314</FieldName>
                    <Mandatory>false</Mandatory>
                    <Field>
                      <FieldDefinition>
                        <LengthValidator>
                          <MinLength>1</MinLength>
                          <MaxLength>1</MaxLength>
                        </LengthValidator>
                        <DataType>AN,1,1</DataType>
                        <FormatService>wm.b2b.edi.util.formatServices:formatAN</FormatService>
                        <AlternateName>Vorzeichen-Schlüssel 2</AlternateName>
                        <Description>
Bei Verwendung des Preis-Betrag-Feldes für einen Grundpreis ist dieses Feld BLANK.
Bei Verwendung des Preis-Betrag-Feldes für einen Zu-/Abschlag gilt Codeliste 08.
Da auch Rechenfelder in Charakterform dargestellt werden ist das mathematische Vorzeichen ggf. unmittelbar nach dem Rechenfeld gesondert anzugeben.
Ist Mußfeld, wenn das vorausgehende Preis-Betrag-Feld gefüllt ist.
                        </Description>
                        <IDCode>413_14</IDCode>
                      </FieldDefinition>
                    </Field>
                    <FixedPositionExtractor>
                      <StartPos>98</StartPos>
                      <EndPos>99</EndPos>
                    </FixedPositionExtractor>
                  </FieldUsage>
                </RecordElement>
                <RecordElement>
                  <FieldUsage>
                    <FieldName>41315</FieldName>
                    <Mandatory>false</Mandatory>
                    <Field>
                      <FieldDefinition>
                        <LengthValidator>
                          <MinLength>3</MinLength>
                          <MaxLength>3</MaxLength>
                        </LengthValidator>
                        <DataType>AN,3,3</DataType>
                        <FormatService>wm.b2b.edi.util.formatServices:formatAN</FormatService>
                        <AlternateName>Preis-Schlüssel 3</AlternateName>
                        <Description>Siehe Preis-Schlüssel 2.</Description>
                        <IDCode>413_15</IDCode>
                      </FieldDefinition>
                    </Field>
                    <FixedPositionExtractor>
                      <StartPos>99</StartPos>
                      <EndPos>102</EndPos>
                    </FixedPositionExtractor>
                  </FieldUsage>
                </RecordElement>
                <RecordElement>
                  <FieldUsage>
                    <FieldName>41316</FieldName>
                    <Mandatory>false</Mandatory>
                    <Field>
                      <FieldDefinition>
                        <LengthValidator>
                          <MinLength>13</MinLength>
                          <MaxLength>13</MaxLength>
                        </LengthValidator>
                        <DataType>N2,13,13</DataType>
                        <FormatService>wm.b2b.edi.util.formatServices:formatN2</FormatService>
                        <AlternateName>Preis-Betrag</AlternateName>
                        <Description>Siehe Preis-Betrag 2.</Description>
                        <IDCode>413_16</IDCode>
                      </FieldDefinition>
                    </Field>
                    <FixedPositionExtractor>
                      <StartPos>102</StartPos>
                      <EndPos>115</EndPos>
                    </FixedPositionExtractor>
                  </FieldUsage>
                </RecordElement>
                <RecordElement>
                  <FieldUsage>
                    <FieldName>41317</FieldName>
                    <Mandatory>false</Mandatory>
                    <Field>
                      <FieldDefinition>
                        <LengthValidator>
                          <MinLength>1</MinLength>
                          <MaxLength>1</MaxLength>
                        </LengthValidator>
                        <DataType>AN,1,1</DataType>
                        <FormatService>wm.b2b.edi.util.formatServices:formatAN</FormatService>
                        <AlternateName>Vorzeichen-Schlüssel 3</AlternateName>
                        <Description>Siehe Vorzeichen-Schlüssel 2.</Description>
                        <IDCode>413_17</IDCode>
                      </FieldDefinition>
                    </Field>
                    <FixedPositionExtractor>
                      <StartPos>115</StartPos>
                      <EndPos>116</EndPos>
                    </FixedPositionExtractor>
                  </FieldUsage>
                </RecordElement>
                <RecordElement>
                  <FieldUsage>
                    <FieldName>41318</FieldName>
                    <Mandatory>false</Mandatory>
                    <Field>
                      <FieldDefinition>
                        <LengthValidator>
                          <MinLength>12</MinLength>
                          <MaxLength>12</MaxLength>
                        </LengthValidator>
                        <DataType>AN,12,12</DataType>
                        <FormatService>wm.b2b.edi.util.formatServices:formatAN</FormatService>
                        <AlternateName>Leer</AlternateName>
                        <Description>Mit Blanks gefüllt.</Description>
                        <IDCode>413_18</IDCode>
                      </FieldDefinition>
                    </Field>
                    <FixedPositionExtractor>
                      <StartPos>116</StartPos>
                      <EndPos>128</EndPos>
                    </FixedPositionExtractor>
                  </FieldUsage>
                </RecordElement>
                <AlternateName></AlternateName>
                <Description></Description>
              </RecordDefinition>
            </Record>
          </RecordUsage>
          <RecordStructure>
            <Ordered>true</Ordered>
            <RecordUsage>
              <RecordId>414</RecordId>
              <Mandatory>false</Mandatory>
              <MaxOccur>1</MaxOccur>
              <AllowUndefinedData>true</AllowUndefinedData>
              <Position>NoPosition</Position>
              <AreaId>NoArea</AreaId>
              <Record>
                <RecordDefinition>
                  <CheckFields>false</CheckFields>
                  <RecordElement>
                    <FieldUsage>
                      <FieldName>41401</FieldName>
                      <Mandatory>true</Mandatory>
                      <Field>
                        <FieldDefinition>
                          <LengthValidator>
                            <MinLength>3</MinLength>
                            <MaxLength>3</MaxLength>
                          </LengthValidator>
                          <DataType>N0,3,3</DataType>
                          <FormatService>wm.b2b.edi.util.formatServices:formatN0</FormatService>
                          <AlternateName>Satzart</AlternateName>
                          <Description>Konstant "414"</Description>
                          <IDCode>414_01</IDCode>
                        </FieldDefinition>
                      </Field>
                      <FixedPositionExtractor>
                        <StartPos>0</StartPos>
                        <EndPos>3</EndPos>
                      </FixedPositionExtractor>
                    </FieldUsage>
                  </RecordElement>
                  <RecordElement>
                    <FieldUsage>
                      <FieldName>41402</FieldName>
                      <Mandatory>true</Mandatory>
                      <Field>
                        <FieldDefinition>
                          <CodeListValidator>
                            <CodeList>01</CodeList>
                          </CodeListValidator>
                          <DataType>N0,2,2</DataType>
                          <FormatService>wm.b2b.edi.util.formatServices:formatN0</FormatService>
                          <AlternateName>Versions-Nummer</AlternateName>
                          <Description>
Kennzeichnung der Aktualität einer Satzart.
Siehe Satzart 411.
                          </Description>
                          <IDCode>414_02</IDCode>
                        </FieldDefinition>
                      </Field>
                      <FixedPositionExtractor>
                        <StartPos>3</StartPos>
                        <EndPos>5</EndPos>
                      </FixedPositionExtractor>
                    </FieldUsage>
                  </RecordElement>
                  <RecordElement>
                    <FieldUsage>
                      <FieldName>41403</FieldName>
                      <Mandatory>false</Mandatory>
                      <Field>
                        <FieldDefinition>
                          <LengthValidator>
                            <MinLength>3</MinLength>
                            <MaxLength>3</MaxLength>
                          </LengthValidator>
                          <DataType>AN,3,3</DataType>
                          <FormatService>wm.b2b.edi.util.formatServices:formatAN</FormatService>
                          <AlternateName>Preis-Schlüssel 4</AlternateName>
                          <Description>Siehe Preis-Schlüssel 2.</Description>
                          <IDCode>414_03</IDCode>
                        </FieldDefinition>
                      </Field>
                      <FixedPositionExtractor>
                        <StartPos>5</StartPos>
                        <EndPos>8</EndPos>
                      </FixedPositionExtractor>
                    </FieldUsage>
                  </RecordElement>
                  <RecordElement>
                    <FieldUsage>
                      <FieldName>41404</FieldName>
                      <Mandatory>false</Mandatory>
                      <Field>
                        <FieldDefinition>
                          <LengthValidator>
                            <MinLength>13</MinLength>
                            <MaxLength>13</MaxLength>
                          </LengthValidator>
                          <DataType>N2,13,13</DataType>
                          <FormatService>wm.b2b.edi.util.formatServices:formatN2</FormatService>
                          <AlternateName>Preis-Betrag 4</AlternateName>
                          <Description>Siehe Preis-Betrag 2.</Description>
                          <IDCode>414_04</IDCode>
                        </FieldDefinition>
                      </Field>
                      <FixedPositionExtractor>
                        <StartPos>8</StartPos>
                        <EndPos>21</EndPos>
                      </FixedPositionExtractor>
                    </FieldUsage>
                  </RecordElement>
                  <RecordElement>
                    <FieldUsage>
                      <FieldName>41405</FieldName>
                      <Mandatory>false</Mandatory>
                      <Field>
                        <FieldDefinition>
                          <LengthValidator>
                            <MinLength>1</MinLength>
                            <MaxLength>1</MaxLength>
                          </LengthValidator>
                          <DataType>AN,1,1</DataType>
                          <FormatService>wm.b2b.edi.util.formatServices:formatAN</FormatService>
                          <AlternateName>Vorzeichen-Schlüssel 4</AlternateName>
                          <Description>Siehe Vorzeichen-Schlüssel 2</Description>
                          <IDCode>414_05</IDCode>
                        </FieldDefinition>
                      </Field>
                      <FixedPositionExtractor>
                        <StartPos>21</StartPos>
                        <EndPos>22</EndPos>
                      </FixedPositionExtractor>
                    </FieldUsage>
                  </RecordElement>
                  <RecordElement>
                    <FieldUsage>
                      <FieldName>41406</FieldName>
                      <Mandatory>false</Mandatory>
                      <Field>
                        <FieldDefinition>
                          <LengthValidator>
                            <MinLength>3</MinLength>
                            <MaxLength>3</MaxLength>
                          </LengthValidator>
                          <DataType>AN,3,3</DataType>
                          <FormatService>wm.b2b.edi.util.formatServices:formatAN</FormatService>
                          <AlternateName>Preis-Schlüssel 5</AlternateName>
                          <Description>Siehe Preis-Schlüssel 2</Description>
                          <IDCode>414_06</IDCode>
                        </FieldDefinition>
                      </Field>
                      <FixedPositionExtractor>
                        <StartPos>22</StartPos>
                        <EndPos>25</EndPos>
                      </FixedPositionExtractor>
                    </FieldUsage>
                  </RecordElement>
                  <RecordElement>
                    <FieldUsage>
                      <FieldName>41407</FieldName>
                      <Mandatory>false</Mandatory>
                      <Field>
                        <FieldDefinition>
                          <LengthValidator>
                            <MinLength>13</MinLength>
                            <MaxLength>13</MaxLength>
                          </LengthValidator>
                          <DataType>N2,13,13</DataType>
                          <FormatService>wm.b2b.edi.util.formatServices:formatN2</FormatService>
                          <AlternateName>Preis-Betrag 5</AlternateName>
                          <Description>Siehe Preis-Betrag 2.</Description>
                          <IDCode>414_07</IDCode>
                        </FieldDefinition>
                      </Field>
                      <FixedPositionExtractor>
                        <StartPos>25</StartPos>
                        <EndPos>38</EndPos>
                      </FixedPositionExtractor>
                    </FieldUsage>
                  </RecordElement>
                  <RecordElement>
                    <FieldUsage>
                      <FieldName>41408</FieldName>
                      <Mandatory>false</Mandatory>
                      <Field>
                        <FieldDefinition>
                          <LengthValidator>
                            <MinLength>1</MinLength>
                            <MaxLength>1</MaxLength>
                          </LengthValidator>
                          <DataType>AN,1,1</DataType>
                          <FormatService>wm.b2b.edi.util.formatServices:formatAN</FormatService>
                          <AlternateName>Vorzeichen-Schlüssel 5</AlternateName>
                          <Description>Siehe Vorzeichen-Schlüssel 2</Description>
                          <IDCode>414_08</IDCode>
                        </FieldDefinition>
                      </Field>
                      <FixedPositionExtractor>
                        <StartPos>38</StartPos>
                        <EndPos>39</EndPos>
                      </FixedPositionExtractor>
                    </FieldUsage>
                  </RecordElement>
                  <RecordElement>
                    <FieldUsage>
                      <FieldName>41409</FieldName>
                      <Mandatory>false</Mandatory>
                      <Field>
                        <FieldDefinition>
                          <LengthValidator>
                            <MinLength>3</MinLength>
                            <MaxLength>3</MaxLength>
                          </LengthValidator>
                          <DataType>AN,3,3</DataType>
                          <FormatService>wm.b2b.edi.util.formatServices:formatAN</FormatService>
                          <AlternateName>Preis-Schlüssel 6</AlternateName>
                          <Description>Siehe Preis-Schlüssel 2</Description>
                          <IDCode>414_09</IDCode>
                        </FieldDefinition>
                      </Field>
                      <FixedPositionExtractor>
                        <StartPos>39</StartPos>
                        <EndPos>42</EndPos>
                      </FixedPositionExtractor>
                    </FieldUsage>
                  </RecordElement>
                  <RecordElement>
                    <FieldUsage>
                      <FieldName>41410</FieldName>
                      <Mandatory>false</Mandatory>
                      <Field>
                        <FieldDefinition>
                          <LengthValidator>
                            <MinLength>13</MinLength>
                            <MaxLength>13</MaxLength>
                          </LengthValidator>
                          <DataType>N2,13,13</DataType>
                          <FormatService>wm.b2b.edi.util.formatServices:formatN2</FormatService>
                          <AlternateName>Preis-Betrag 6</AlternateName>
                          <Description>Siehe Preis-Betrag 2</Description>
                          <IDCode>414_10</IDCode>
                        </FieldDefinition>
                      </Field>
                      <FixedPositionExtractor>
                        <StartPos>42</StartPos>
                        <EndPos>55</EndPos>
                      </FixedPositionExtractor>
                    </FieldUsage>
                  </RecordElement>
                  <RecordElement>
                    <FieldUsage>
                      <FieldName>41411</FieldName>
                      <Mandatory>false</Mandatory>
                      <Field>
                        <FieldDefinition>
                          <LengthValidator>
                            <MinLength>1</MinLength>
                            <MaxLength>1</MaxLength>
                          </LengthValidator>
                          <DataType>AN,1,1</DataType>
                          <FormatService>wm.b2b.edi.util.formatServices:formatAN</FormatService>
                          <AlternateName>Vorzeichen-Schlüssel 6</AlternateName>
                          <Description>Siehe Vorzeichen-Schlüssel 2</Description>
                          <IDCode>414_11</IDCode>
                        </FieldDefinition>
                      </Field>
                      <FixedPositionExtractor>
                        <StartPos>55</StartPos>
                        <EndPos>56</EndPos>
                      </FixedPositionExtractor>
                    </FieldUsage>
                  </RecordElement>
                  <RecordElement>
                    <FieldUsage>
                      <FieldName>41412</FieldName>
                      <Mandatory>false</Mandatory>
                      <Field>
                        <FieldDefinition>
                          <LengthValidator>
                            <MinLength>3</MinLength>
                            <MaxLength>3</MaxLength>
                          </LengthValidator>
                          <DataType>AN,3,3</DataType>
                          <FormatService>wm.b2b.edi.util.formatServices:formatAN</FormatService>
                          <AlternateName>Preis-Schlüssel 7</AlternateName>
                          <Description>Siehe Preis-Schlüssel 2</Description>
                          <IDCode>414_12</IDCode>
                        </FieldDefinition>
                      </Field>
                      <FixedPositionExtractor>
                        <StartPos>56</StartPos>
                        <EndPos>59</EndPos>
                      </FixedPositionExtractor>
                    </FieldUsage>
                  </RecordElement>
                  <RecordElement>
                    <FieldUsage>
                      <FieldName>41413</FieldName>
                      <Mandatory>false</Mandatory>
                      <Field>
                        <FieldDefinition>
                          <LengthValidator>
                            <MinLength>13</MinLength>
                            <MaxLength>13</MaxLength>
                          </LengthValidator>
                          <DataType>N2,13,13</DataType>
                          <FormatService>wm.b2b.edi.util.formatServices:formatN2</FormatService>
                          <AlternateName>Preis-Betrag 7</AlternateName>
                          <Description>Siehe Preis-Betrag 2.</Description>
                          <IDCode>414_13</IDCode>
                        </FieldDefinition>
                      </Field>
                      <FixedPositionExtractor>
                        <StartPos>59</StartPos>
                        <EndPos>72</EndPos>
                      </FixedPositionExtractor>
                    </FieldUsage>
                  </RecordElement>
                  <RecordElement>
                    <FieldUsage>
                      <FieldName>41414</FieldName>
                      <Mandatory>false</Mandatory>
                      <Field>
                        <FieldDefinition>
                          <LengthValidator>
                            <MinLength>1</MinLength>
                            <MaxLength>1</MaxLength>
                          </LengthValidator>
                          <DataType>AN,1,1</DataType>
                          <FormatService>wm.b2b.edi.util.formatServices:formatAN</FormatService>
                          <AlternateName>Vorzeichen-Schlüssel 7</AlternateName>
                          <Description>Siehe Vorzeichen-Schlüssel 2</Description>
                          <IDCode>414_14</IDCode>
                        </FieldDefinition>
                      </Field>
                      <FixedPositionExtractor>
                        <StartPos>72</StartPos>
                        <EndPos>73</EndPos>
                      </FixedPositionExtractor>
                    </FieldUsage>
                  </RecordElement>
                  <RecordElement>
                    <FieldUsage>
                      <FieldName>41415</FieldName>
                      <Mandatory>false</Mandatory>
                      <Field>
                        <FieldDefinition>
                          <LengthValidator>
                            <MinLength>55</MinLength>
                            <MaxLength>55</MaxLength>
                          </LengthValidator>
                          <DataType>AN,55,55</DataType>
                          <FormatService>wm.b2b.edi.util.formatServices:formatAN</FormatService>
                          <AlternateName>Leer</AlternateName>
                          <Description>Mit BLANKS gefüllt</Description>
                          <IDCode>414_15</IDCode>
                        </FieldDefinition>
                      </Field>
                      <FixedPositionExtractor>
                        <StartPos>73</StartPos>
                        <EndPos>128</EndPos>
                      </FixedPositionExtractor>
                    </FieldUsage>
                  </RecordElement>
                  <AlternateName>Preisdaten Folgesatz</AlternateName>
                  <Description></Description>
                </RecordDefinition>
              </Record>
            </RecordUsage>
          </RecordStructure>
        </RecordStructure>
      </RecordStructure>
      <RecordStructure>
        <Ordered>true</Ordered>
        <RecordUsage>
          <RecordId>419</RecordId>
          <Mandatory>true</Mandatory>
          <MaxOccur>1</MaxOccur>
          <AllowUndefinedData>true</AllowUndefinedData>
          <Position>NoPosition</Position>
          <AreaId>NoArea</AreaId>
          <Record>
            <RecordDefinition>
              <CheckFields>false</CheckFields>
              <RecordElement>
                <FieldUsage>
                  <FieldName>41901</FieldName>
                  <Mandatory>true</Mandatory>
                  <Field>
                    <FieldDefinition>
                      <LengthValidator>
                        <MinLength>3</MinLength>
                        <MaxLength>3</MaxLength>
                      </LengthValidator>
                      <DataType>N0,3,3</DataType>
                      <FormatService>wm.b2b.edi.util.formatServices:formatN0</FormatService>
                      <AlternateName>Satzart</AlternateName>
                      <Description>Konstant "419"</Description>
                      <IDCode>419_01</IDCode>
                    </FieldDefinition>
                  </Field>
                  <FixedPositionExtractor>
                    <StartPos>0</StartPos>
                    <EndPos>3</EndPos>
                  </FixedPositionExtractor>
                </FieldUsage>
              </RecordElement>
              <RecordElement>
                <FieldUsage>
                  <FieldName>41902</FieldName>
                  <Mandatory>true</Mandatory>
                  <Field>
                    <FieldDefinition>
                      <CodeListValidator>
                        <CodeList>01</CodeList>
                      </CodeListValidator>
                      <DataType>N0,2,2</DataType>
                      <FormatService>wm.b2b.edi.util.formatServices:formatN0</FormatService>
                      <AlternateName>Versions-Nummer</AlternateName>
                      <Description>
Kennzeichnung der Aktualität einer Satzart.
Siehe auch Satzart 411
                      </Description>
                      <IDCode>419_02</IDCode>
                    </FieldDefinition>
                  </Field>
                  <FixedPositionExtractor>
                    <StartPos>3</StartPos>
                    <EndPos>5</EndPos>
                  </FixedPositionExtractor>
                </FieldUsage>
              </RecordElement>
              <RecordElement>
                <FieldUsage>
                  <FieldName>41903</FieldName>
                  <Mandatory>true</Mandatory>
                  <Field>
                    <FieldDefinition>
                      <LengthValidator>
                        <MinLength>7</MinLength>
                        <MaxLength>7</MaxLength>
                      </LengthValidator>
                      <DataType>N0,7,7</DataType>
                      <FormatService>wm.b2b.edi.util.formatServices:formatN0</FormatService>
                      <AlternateName>Zähler-SA 411</AlternateName>
                      <Description>
Anzahl übertragenen Sätze der Satzart 411.
Rechtsbündiger Entrag mit führenden Nullen eintragen, keine Dezimalstelle.
                      </Description>
                      <IDCode>419_03</IDCode>
                    </FieldDefinition>
                  </Field>
                  <FixedPositionExtractor>
                    <StartPos>5</StartPos>
                    <EndPos>12</EndPos>
                  </FixedPositionExtractor>
                </FieldUsage>
              </RecordElement>
              <RecordElement>
                <FieldUsage>
                  <FieldName>41904</FieldName>
                  <Mandatory>true</Mandatory>
                  <Field>
                    <FieldDefinition>
                      <LengthValidator>
                        <MinLength>7</MinLength>
                        <MaxLength>7</MaxLength>
                      </LengthValidator>
                      <DataType>N0,7,7</DataType>
                      <FormatService>wm.b2b.edi.util.formatServices:formatN0</FormatService>
                      <AlternateName>Zähler-SA 412</AlternateName>
                      <Description>Wie vor, jedoch Satzart 412.</Description>
                      <IDCode>419_04</IDCode>
                    </FieldDefinition>
                  </Field>
                  <FixedPositionExtractor>
                    <StartPos>12</StartPos>
                    <EndPos>19</EndPos>
                  </FixedPositionExtractor>
                </FieldUsage>
              </RecordElement>
              <RecordElement>
                <FieldUsage>
                  <FieldName>41905</FieldName>
                  <Mandatory>true</Mandatory>
                  <Field>
                    <FieldDefinition>
                      <LengthValidator>
                        <MinLength>7</MinLength>
                        <MaxLength>7</MaxLength>
                      </LengthValidator>
                      <DataType>N0,7,7</DataType>
                      <FormatService>wm.b2b.edi.util.formatServices:formatN0</FormatService>
                      <AlternateName>Zähler-SA 413</AlternateName>
                      <Description>Wie vor, jedoch Satzart 413.</Description>
                      <IDCode>419_05</IDCode>
                    </FieldDefinition>
                  </Field>
                  <FixedPositionExtractor>
                    <StartPos>19</StartPos>
                    <EndPos>26</EndPos>
                  </FixedPositionExtractor>
                </FieldUsage>
              </RecordElement>
              <RecordElement>
                <FieldUsage>
                  <FieldName>41906</FieldName>
                  <Mandatory>true</Mandatory>
                  <Field>
                    <FieldDefinition>
                      <LengthValidator>
                        <MinLength>7</MinLength>
                        <MaxLength>7</MaxLength>
                      </LengthValidator>
                      <DataType>N0,7,7</DataType>
                      <FormatService>wm.b2b.edi.util.formatServices:formatN0</FormatService>
                      <AlternateName>Zähler-SA 414</AlternateName>
                      <Description>Wie vor, jedoch Satzart 414.</Description>
                      <IDCode>419_06</IDCode>
                    </FieldDefinition>
                  </Field>
                  <FixedPositionExtractor>
                    <StartPos>26</StartPos>
                    <EndPos>33</EndPos>
                  </FixedPositionExtractor>
                </FieldUsage>
              </RecordElement>
              <RecordElement>
                <FieldUsage>
                  <FieldName>41907</FieldName>
                  <Mandatory>true</Mandatory>
                  <Field>
                    <FieldDefinition>
                      <LengthValidator>
                        <MinLength>7</MinLength>
                        <MaxLength>7</MaxLength>
                      </LengthValidator>
                      <DataType>N0,7,7</DataType>
                      <FormatService>wm.b2b.edi.util.formatServices:formatN0</FormatService>
                      <AlternateName>Zähler-SA 419</AlternateName>
                      <Description>Wie vor, jedoch Satzart 419.</Description>
                      <IDCode>419_07</IDCode>
                    </FieldDefinition>
                  </Field>
                  <FixedPositionExtractor>
                    <StartPos>33</StartPos>
                    <EndPos>40</EndPos>
                  </FixedPositionExtractor>
                </FieldUsage>
              </RecordElement>
              <RecordElement>
                <FieldUsage>
                  <FieldName>41908</FieldName>
                  <Mandatory>false</Mandatory>
                  <Field>
                    <FieldDefinition>
                      <LengthValidator>
                        <MinLength>88</MinLength>
                        <MaxLength>88</MaxLength>
                      </LengthValidator>
                      <DataType>AN,88,88</DataType>
                      <FormatService>wm.b2b.edi.util.formatServices:formatAN</FormatService>
                      <AlternateName>Leer</AlternateName>
                      <Description>Mit BLANKS gefüllt.</Description>
                      <IDCode>419_08</IDCode>
                    </FieldDefinition>
                  </Field>
                  <FixedPositionExtractor>
                    <StartPos>40</StartPos>
                    <EndPos>128</EndPos>
                  </FixedPositionExtractor>
                </FieldUsage>
              </RecordElement>
              <AlternateName></AlternateName>
              <Description></Description>
            </RecordDefinition>
          </Record>
        </RecordUsage>
      </RecordStructure>
    </RecordStructure>
  </DocumentStructure>
  <RecordParser>
    <FixedLengthParser>
      <RecordLength>128</RecordLength>
    </FixedLengthParser>
  </RecordParser>
  <RecordIdentifier>
    <FixedPositionIdentifier>
      <StartPos>0</StartPos>
    </FixedPositionIdentifier>
  </RecordIdentifier>
  <UndefinedDataAllowed>false</UndefinedDataAllowed>
  <Description></Description>
</FFSchema>
