<?xml version="1.0" encoding="UTF-8"?>
<!-- automatically generated by GEFEG.FX -->
<!-- http://www.gefeg.com -->
<FFSchema>
  <Delimiters/>
  <DocumentStructure>
    <Ordered>true</Ordered>
    <RecordStructure>
      <Ordered>true</Ordered>
      <RecordUsage>
        <RecordId>661</RecordId>
        <Mandatory>true</Mandatory>
        <MaxOccur>1</MaxOccur>
        <AllowUndefinedData>true</AllowUndefinedData>
        <Position>NoPosition</Position>
        <AreaId>NoArea</AreaId>
        <Record>
          <RecordDefinition>
            <CheckFields>false</CheckFields>
            <RecordElement>
              <FieldUsage>
                <FieldName>66101</FieldName>
                <Mandatory>true</Mandatory>
                <Field>
                  <FieldDefinition>
                    <LengthValidator>
                      <MinLength>3</MinLength>
                      <MaxLength>3</MaxLength>
                    </LengthValidator>
                    <DataType>N0,3,3</DataType>
                    <FormatService>wm.b2b.edi.util.formatServices:formatN0</FormatService>
                    <AlternateName>Satzart</AlternateName>
                    <Description>Konstant "661"</Description>
                    <IDCode>661_01</IDCode>
                  </FieldDefinition>
                </Field>
                <FixedPositionExtractor>
                  <StartPos>0</StartPos>
                  <EndPos>3</EndPos>
                </FixedPositionExtractor>
              </FieldUsage>
            </RecordElement>
            <RecordElement>
              <FieldUsage>
                <FieldName>66102</FieldName>
                <Mandatory>true</Mandatory>
                <Field>
                  <FieldDefinition>
                    <CodeListValidator>
                      <CodeList>01</CodeList>
                    </CodeListValidator>
                    <DataType>N0,2,2</DataType>
                    <FormatService>wm.b2b.edi.util.formatServices:formatN0</FormatService>
                    <AlternateName>Versions-Nummer</AlternateName>
                    <Description>Kennzeichnung der Aktualität einer Satzart. Wird je Satzart lückenlos aufsteigend geführt und nach jeder vom VDK-AKVD beschlossenen Änderung einer Satzart jeweils um 1 erhöht.</Description>
                    <IDCode>661_02</IDCode>
                  </FieldDefinition>
                </Field>
                <FixedPositionExtractor>
                  <StartPos>3</StartPos>
                  <EndPos>5</EndPos>
                </FixedPositionExtractor>
              </FieldUsage>
            </RecordElement>
            <RecordElement>
              <FieldUsage>
                <FieldName>66103</FieldName>
                <Mandatory>true</Mandatory>
                <Field>
                  <FieldDefinition>
                    <LengthValidator>
                      <MinLength>9</MinLength>
                      <MaxLength>9</MaxLength>
                    </LengthValidator>
                    <DataType>AN,9,9</DataType>
                    <FormatService>wm.b2b.edi.util.formatServices:formatAN</FormatService>
                    <AlternateName>Kunden-Nummer</AlternateName>
                    <Description>
Ident-Nummer, die der Lieferant einem Kunden zuteilt. Alle Daten einer Satzstruktur, die das Feld Kunden-Nummer enthält, unterliegen dem Datenschutz.
Linksbündiger Eintrag
                    </Description>
                    <IDCode>661_03</IDCode>
                  </FieldDefinition>
                </Field>
                <FixedPositionExtractor>
                  <StartPos>5</StartPos>
                  <EndPos>14</EndPos>
                </FixedPositionExtractor>
              </FieldUsage>
            </RecordElement>
            <RecordElement>
              <FieldUsage>
                <FieldName>66104</FieldName>
                <Mandatory>true</Mandatory>
                <Field>
                  <FieldDefinition>
                    <LengthValidator>
                      <MinLength>9</MinLength>
                      <MaxLength>9</MaxLength>
                    </LengthValidator>
                    <DataType>AN,9,9</DataType>
                    <FormatService>wm.b2b.edi.util.formatServices:formatAN</FormatService>
                    <AlternateName>Lieferanten-Nummer</AlternateName>
                    <Description>Ident-Nummer, die der Kunde einem Lieferanten zuordnet. Alle Daten einer Satzstruktur, die das Feld Lieferanten-Nr. enthält, unterliegen dem Datenschutz. Linksbündiger Eintrag.</Description>
                    <IDCode>661_04</IDCode>
                  </FieldDefinition>
                </Field>
                <FixedPositionExtractor>
                  <StartPos>14</StartPos>
                  <EndPos>23</EndPos>
                </FixedPositionExtractor>
              </FieldUsage>
            </RecordElement>
            <RecordElement>
              <FieldUsage>
                <FieldName>66105</FieldName>
                <Mandatory>true</Mandatory>
                <Field>
                  <FieldDefinition>
                    <LengthValidator>
                      <MinLength>5</MinLength>
                      <MaxLength>5</MaxLength>
                    </LengthValidator>
                    <DataType>N0,5,5</DataType>
                    <FormatService>wm.b2b.edi.util.formatServices:formatN0</FormatService>
                    <AlternateName>Übertragungs-Nummer alt</AlternateName>
                    <Description>
Beschreibung siehe Übertragungs-Nummer-Neu.
Bei der ersten Übertragung ist Übertragungs-Nummer-Alt = 00000.
Rechtsbündiger Eintrag mit führenden Nullen.
                    </Description>
                    <IDCode>661_05</IDCode>
                  </FieldDefinition>
                </Field>
                <FixedPositionExtractor>
                  <StartPos>23</StartPos>
                  <EndPos>28</EndPos>
                </FixedPositionExtractor>
              </FieldUsage>
            </RecordElement>
            <RecordElement>
              <FieldUsage>
                <FieldName>66106</FieldName>
                <Mandatory>true</Mandatory>
                <Field>
                  <FieldDefinition>
                    <LengthValidator>
                      <MinLength>5</MinLength>
                      <MaxLength>5</MaxLength>
                    </LengthValidator>
                    <DataType>N0,5,5</DataType>
                    <FormatService>wm.b2b.edi.util.formatServices:formatN0</FormatService>
                    <AlternateName>Übertragungs-Nummer -Neu</AlternateName>
                    <Description>
Der Datenersteller vergibt innerhalb einer Anwenung(z.B. Lieferabruf-DFÜ, Rechnungs-DFÜ usw.) für jeden DFÜ-Erstellungslauf eine Übertragsnummer (neu). Der Wert "00000" darf nicht verwendet werden. Datenersteller und Empfänger bewahren diese Nummer bis zur nächsten Übertragung derselben Anwendung auf. Da der Datenersteller jeweils zu der neuen Übertragungs-Nummer auch die des vorausgegangenen DFÜ-Laufs innerhalb dieses Sachgebietes angibt (als Nummer-Alt), kann der Empfänger die Vollständigkeit der DFÜ-Datenbestände je Anwendung kontrollieren. Daher ist keine lückenlos aufsteigende Reihenfolge erforderlich. Rechtsbündiger Eintrag mit führenden Nullen, keine Dezimalstelle.
Beispiele für Eintragungen in den beiden Übertragsnummern:
Vorgang    Nummer    Nummer
           'Alt'     'Neu'
Start:     00000     00001
oder       00000     00017
Routine:   00019     00020
oder       88051     88061
Überlauf:  99999     00001
oder       89361     00011
                    </Description>
                    <IDCode>661_06</IDCode>
                  </FieldDefinition>
                </Field>
                <FixedPositionExtractor>
                  <StartPos>28</StartPos>
                  <EndPos>33</EndPos>
                </FixedPositionExtractor>
              </FieldUsage>
            </RecordElement>
            <RecordElement>
              <FieldUsage>
                <FieldName>66107</FieldName>
                <Mandatory>true</Mandatory>
                <Field>
                  <FieldDefinition>
                    <LengthValidator>
                      <MinLength>6</MinLength>
                      <MaxLength>6</MaxLength>
                    </LengthValidator>
                    <DataType>N0,6,6</DataType>
                    <FormatService>wm.b2b.edi.util.formatServices:formatN0</FormatService>
                    <AlternateName>Übertragungsdatum</AlternateName>
                    <Description>
Format:
JJMMTT
                    </Description>
                    <IDCode>661_07</IDCode>
                  </FieldDefinition>
                </Field>
                <FixedPositionExtractor>
                  <StartPos>33</StartPos>
                  <EndPos>39</EndPos>
                </FixedPositionExtractor>
              </FieldUsage>
            </RecordElement>
            <RecordElement>
              <FieldUsage>
                <FieldName>66108</FieldName>
                <Mandatory>false</Mandatory>
                <Field>
                  <FieldDefinition>
                    <LengthValidator>
                      <MinLength>89</MinLength>
                      <MaxLength>89</MaxLength>
                    </LengthValidator>
                    <DataType>AN,89,89</DataType>
                    <FormatService>wm.b2b.edi.util.formatServices:formatAN</FormatService>
                    <AlternateName>Leer</AlternateName>
                    <Description>Mit BLANKS gefüllt.</Description>
                    <IDCode>661_08</IDCode>
                  </FieldDefinition>
                </Field>
                <FixedPositionExtractor>
                  <StartPos>39</StartPos>
                  <EndPos>128</EndPos>
                </FixedPositionExtractor>
              </FieldUsage>
            </RecordElement>
            <AlternateName></AlternateName>
            <Description></Description>
          </RecordDefinition>
        </Record>
      </RecordUsage>
      <RecordStructure>
        <Ordered>true</Ordered>
        <RecordUsage>
          <RecordId>662</RecordId>
          <Mandatory>true</Mandatory>
          <MaxOccur>9999999</MaxOccur>
          <AllowUndefinedData>true</AllowUndefinedData>
          <Position>NoPosition</Position>
          <AreaId>NoArea</AreaId>
          <Record>
            <RecordDefinition>
              <CheckFields>false</CheckFields>
              <RecordElement>
                <FieldUsage>
                  <FieldName>66201</FieldName>
                  <Mandatory>true</Mandatory>
                  <Field>
                    <FieldDefinition>
                      <LengthValidator>
                        <MinLength>3</MinLength>
                        <MaxLength>3</MaxLength>
                      </LengthValidator>
                      <DataType>N0,3,3</DataType>
                      <FormatService>wm.b2b.edi.util.formatServices:formatN0</FormatService>
                      <AlternateName>Satzart</AlternateName>
                      <Description>Konstant "662"</Description>
                      <IDCode>662_01</IDCode>
                    </FieldDefinition>
                  </Field>
                  <FixedPositionExtractor>
                    <StartPos>0</StartPos>
                    <EndPos>3</EndPos>
                  </FixedPositionExtractor>
                </FieldUsage>
              </RecordElement>
              <RecordElement>
                <FieldUsage>
                  <FieldName>66202</FieldName>
                  <Mandatory>true</Mandatory>
                  <Field>
                    <FieldDefinition>
                      <CodeListValidator>
                        <CodeList>01</CodeList>
                      </CodeListValidator>
                      <DataType>N0,2,2</DataType>
                      <FormatService>wm.b2b.edi.util.formatServices:formatN0</FormatService>
                      <AlternateName>Versions-Nummer</AlternateName>
                      <Description>
Kennzeichnung der Aktualität einer Satzart.
Siehe Satzart 661.
                      </Description>
                      <IDCode>662_02</IDCode>
                    </FieldDefinition>
                  </Field>
                  <FixedPositionExtractor>
                    <StartPos>3</StartPos>
                    <EndPos>5</EndPos>
                  </FixedPositionExtractor>
                </FieldUsage>
              </RecordElement>
              <RecordElement>
                <FieldUsage>
                  <FieldName>66203</FieldName>
                  <Mandatory>true</Mandatory>
                  <Field>
                    <FieldDefinition>
                      <LengthValidator>
                        <MinLength>1</MinLength>
                        <MaxLength>1</MaxLength>
                      </LengthValidator>
                      <DataType>AN,1,1</DataType>
                      <FormatService>wm.b2b.edi.util.formatServices:formatAN</FormatService>
                      <AlternateName>Änderungsschlüssel</AlternateName>
                      <Description>
Kennzeichnung der Bedeutung des Satzes
Siehe Codeliste 01.
                      </Description>
                      <IDCode>662_03</IDCode>
                    </FieldDefinition>
                  </Field>
                  <FixedPositionExtractor>
                    <StartPos>5</StartPos>
                    <EndPos>6</EndPos>
                  </FixedPositionExtractor>
                </FieldUsage>
              </RecordElement>
              <RecordElement>
                <FieldUsage>
                  <FieldName>66204</FieldName>
                  <Mandatory>true</Mandatory>
                  <Field>
                    <FieldDefinition>
                      <LengthValidator>
                        <MinLength>10</MinLength>
                        <MaxLength>10</MaxLength>
                      </LengthValidator>
                      <DataType>AN,10,10</DataType>
                      <FormatService>wm.b2b.edi.util.formatServices:formatAN</FormatService>
                      <AlternateName>Produktions-Nummer</AlternateName>
                      <Description>Produktionsbezogene Ident-Nummer des Endproduktes beim Kunden, zu dem eine Einheit der gelieferten Kaufteile gesteuert weden muß. Rechtsbündiger Eintrag mit führenden Nullen. Hier: Identnummer, die der Kunde dem Fahrzeug zuteilt.</Description>
                      <IDCode>662_04</IDCode>
                    </FieldDefinition>
                  </Field>
                  <FixedPositionExtractor>
                    <StartPos>6</StartPos>
                    <EndPos>16</EndPos>
                  </FixedPositionExtractor>
                </FieldUsage>
              </RecordElement>
              <RecordElement>
                <FieldUsage>
                  <FieldName>66205</FieldName>
                  <Mandatory>false</Mandatory>
                  <Field>
                    <FieldDefinition>
                      <LengthValidator>
                        <MinLength>12</MinLength>
                        <MaxLength>12</MaxLength>
                      </LengthValidator>
                      <DataType>AN,12,12</DataType>
                      <FormatService>wm.b2b.edi.util.formatServices:formatAN</FormatService>
                      <AlternateName>Produktions-Folge-Nr.</AlternateName>
                      <Description>Die Produktionsfolge-Nr. erhält den Wert = blank (z.B. Vorschau ohne Reihenfolge) bzw. = numerisch für die Angabe der Reihenfolge. Linksbündiger Eintrag.</Description>
                      <IDCode>662_05</IDCode>
                    </FieldDefinition>
                  </Field>
                  <FixedPositionExtractor>
                    <StartPos>16</StartPos>
                    <EndPos>28</EndPos>
                  </FixedPositionExtractor>
                </FieldUsage>
              </RecordElement>
              <RecordElement>
                <FieldUsage>
                  <FieldName>66206</FieldName>
                  <Mandatory>false</Mandatory>
                  <Field>
                    <FieldDefinition>
                      <LengthValidator>
                        <MinLength>3</MinLength>
                        <MaxLength>3</MaxLength>
                      </LengthValidator>
                      <DataType>AN,3,3</DataType>
                      <FormatService>wm.b2b.edi.util.formatServices:formatAN</FormatService>
                      <AlternateName>Werk Kunde</AlternateName>
                      <Description>Werk des Kunden, an das geliefert weden soll. Verschlüsselte Form des Kunden, linksbündiger Eintrag.</Description>
                      <IDCode>662_06</IDCode>
                    </FieldDefinition>
                  </Field>
                  <FixedPositionExtractor>
                    <StartPos>28</StartPos>
                    <EndPos>31</EndPos>
                  </FixedPositionExtractor>
                </FieldUsage>
              </RecordElement>
              <RecordElement>
                <FieldUsage>
                  <FieldName>66207</FieldName>
                  <Mandatory>false</Mandatory>
                  <Field>
                    <FieldDefinition>
                      <LengthValidator>
                        <MinLength>5</MinLength>
                        <MaxLength>5</MaxLength>
                      </LengthValidator>
                      <DataType>AN,5,5</DataType>
                      <FormatService>wm.b2b.edi.util.formatServices:formatAN</FormatService>
                      <AlternateName>Abladestelle</AlternateName>
                      <Description>Bezeichnet die Stelle im Werk-Kunde, an der Ware abgeladen werden soll. Verschlüsselte Form des Kundes: linksbündiger Eintrag. Wenn die Abladestelle in diesem Satz = blank ist, gelten die Angaben im Sachnummernsatz.</Description>
                      <IDCode>662_07</IDCode>
                    </FieldDefinition>
                  </Field>
                  <FixedPositionExtractor>
                    <StartPos>31</StartPos>
                    <EndPos>36</EndPos>
                  </FixedPositionExtractor>
                </FieldUsage>
              </RecordElement>
              <RecordElement>
                <FieldUsage>
                  <FieldName>66208</FieldName>
                  <Mandatory>false</Mandatory>
                  <Field>
                    <FieldDefinition>
                      <LengthValidator>
                        <MinLength>14</MinLength>
                        <MaxLength>14</MaxLength>
                      </LengthValidator>
                      <DataType>AN,14,14</DataType>
                      <FormatService>wm.b2b.edi.util.formatServices:formatAN</FormatService>
                      <AlternateName>Verwendungsort</AlternateName>
                      <Description>Einbau bzw. Abbaustelle im Montagebereich. Die Inhalte des Verwendungsorts sind zu vereinbaren. Wenn der Verwendungsort in diesem Satz = blank ist, gelten die Angaben im Sachnummernsatz. Linksbündiger Eintrag.</Description>
                      <IDCode>662_08</IDCode>
                    </FieldDefinition>
                  </Field>
                  <FixedPositionExtractor>
                    <StartPos>36</StartPos>
                    <EndPos>50</EndPos>
                  </FixedPositionExtractor>
                </FieldUsage>
              </RecordElement>
              <RecordElement>
                <FieldUsage>
                  <FieldName>66209</FieldName>
                  <Mandatory>false</Mandatory>
                  <Field>
                    <FieldDefinition>
                      <LengthValidator>
                        <MinLength>7</MinLength>
                        <MaxLength>7</MaxLength>
                      </LengthValidator>
                      <DataType>AN,7,7</DataType>
                      <FormatService>wm.b2b.edi.util.formatServices:formatAN</FormatService>
                      <AlternateName>Fertigungsbereich-Schlüssel</AlternateName>
                      <Description>Die Fertigungsbereiche sind zu vereinbaren.</Description>
                      <IDCode>662_09</IDCode>
                    </FieldDefinition>
                  </Field>
                  <FixedPositionExtractor>
                    <StartPos>50</StartPos>
                    <EndPos>57</EndPos>
                  </FixedPositionExtractor>
                </FieldUsage>
              </RecordElement>
              <RecordElement>
                <FieldUsage>
                  <FieldName>66210</FieldName>
                  <Mandatory>false</Mandatory>
                  <Field>
                    <FieldDefinition>
                      <LengthValidator>
                        <MinLength>6</MinLength>
                        <MaxLength>6</MaxLength>
                      </LengthValidator>
                      <DataType>N0,6,6</DataType>
                      <FormatService>wm.b2b.edi.util.formatServices:formatN0</FormatService>
                      <AlternateName>Fertigungsbereich-Datum</AlternateName>
                      <Description>
Wahlweise in Verbindung mit Pos.13.

Format:
JJMMTT
                      </Description>
                      <IDCode>662_10</IDCode>
                    </FieldDefinition>
                  </Field>
                  <FixedPositionExtractor>
                    <StartPos>57</StartPos>
                    <EndPos>63</EndPos>
                  </FixedPositionExtractor>
                </FieldUsage>
              </RecordElement>
              <RecordElement>
                <FieldUsage>
                  <FieldName>66211</FieldName>
                  <Mandatory>false</Mandatory>
                  <Field>
                    <FieldDefinition>
                      <LengthValidator>
                        <MinLength>4</MinLength>
                        <MaxLength>4</MaxLength>
                      </LengthValidator>
                      <DataType>N0,4,4</DataType>
                      <FormatService>wm.b2b.edi.util.formatServices:formatN0</FormatService>
                      <AlternateName>Fertigungsbereich-Zeit</AlternateName>
                      <Description>
Wahlweise in Verbindungmit Pos.14.

Format:
HHMM
                      </Description>
                      <IDCode>662_11</IDCode>
                    </FieldDefinition>
                  </Field>
                  <FixedPositionExtractor>
                    <StartPos>63</StartPos>
                    <EndPos>67</EndPos>
                  </FixedPositionExtractor>
                </FieldUsage>
              </RecordElement>
              <RecordElement>
                <FieldUsage>
                  <FieldName>66212</FieldName>
                  <Mandatory>false</Mandatory>
                  <Field>
                    <FieldDefinition>
                      <LengthValidator>
                        <MinLength>1</MinLength>
                        <MaxLength>1</MaxLength>
                      </LengthValidator>
                      <DataType>AN,1,1</DataType>
                      <FormatService>wm.b2b.edi.util.formatServices:formatAN</FormatService>
                      <AlternateName>Termin-Schlüssel</AlternateName>
                      <Description>
Bezieht sich auf die Felder 13/14. Ist von den Partnern zu vereinbaren
Siehe Codeliste 02.
                      </Description>
                      <IDCode>662_12</IDCode>
                    </FieldDefinition>
                  </Field>
                  <FixedPositionExtractor>
                    <StartPos>67</StartPos>
                    <EndPos>68</EndPos>
                  </FixedPositionExtractor>
                </FieldUsage>
              </RecordElement>
              <RecordElement>
                <FieldUsage>
                  <FieldName>66213</FieldName>
                  <Mandatory>false</Mandatory>
                  <Field>
                    <FieldDefinition>
                      <LengthValidator>
                        <MinLength>6</MinLength>
                        <MaxLength>6</MaxLength>
                      </LengthValidator>
                      <DataType>N0,6,6</DataType>
                      <FormatService>wm.b2b.edi.util.formatServices:formatN0</FormatService>
                      <AlternateName>Abruf-Datum</AlternateName>
                      <Description>
Wahlweise in Verbindung mit Pos. 10.

Format:
JJMMTT
                      </Description>
                      <IDCode>662_13</IDCode>
                    </FieldDefinition>
                  </Field>
                  <FixedPositionExtractor>
                    <StartPos>68</StartPos>
                    <EndPos>74</EndPos>
                  </FixedPositionExtractor>
                </FieldUsage>
              </RecordElement>
              <RecordElement>
                <FieldUsage>
                  <FieldName>66214</FieldName>
                  <Mandatory>false</Mandatory>
                  <Field>
                    <FieldDefinition>
                      <LengthValidator>
                        <MinLength>4</MinLength>
                        <MaxLength>4</MaxLength>
                      </LengthValidator>
                      <DataType>N0,4,4</DataType>
                      <FormatService>wm.b2b.edi.util.formatServices:formatN0</FormatService>
                      <AlternateName>Abruf-Zeit</AlternateName>
                      <Description>
Wahlweise in Verbindung mit Pos. 10.

Format:
HHMM
                      </Description>
                      <IDCode>662_14</IDCode>
                    </FieldDefinition>
                  </Field>
                  <FixedPositionExtractor>
                    <StartPos>74</StartPos>
                    <EndPos>78</EndPos>
                  </FixedPositionExtractor>
                </FieldUsage>
              </RecordElement>
              <RecordElement>
                <FieldUsage>
                  <FieldName>66215</FieldName>
                  <Mandatory>false</Mandatory>
                  <Field>
                    <FieldDefinition>
                      <LengthValidator>
                        <MinLength>12</MinLength>
                        <MaxLength>12</MaxLength>
                      </LengthValidator>
                      <DataType>AN,12,12</DataType>
                      <FormatService>wm.b2b.edi.util.formatServices:formatAN</FormatService>
                      <AlternateName>Sonderspezifikation</AlternateName>
                      <Description>Ist zu vereinbaren, z.B. Auftragesnummer, Zeichnungsnummer, etc.</Description>
                      <IDCode>662_15</IDCode>
                    </FieldDefinition>
                  </Field>
                  <FixedPositionExtractor>
                    <StartPos>78</StartPos>
                    <EndPos>90</EndPos>
                  </FixedPositionExtractor>
                </FieldUsage>
              </RecordElement>
              <RecordElement>
                <FieldUsage>
                  <FieldName>66216</FieldName>
                  <Mandatory>false</Mandatory>
                  <Field>
                    <FieldDefinition>
                      <LengthValidator>
                        <MinLength>8</MinLength>
                        <MaxLength>8</MaxLength>
                      </LengthValidator>
                      <DataType>AN,8,8</DataType>
                      <FormatService>wm.b2b.edi.util.formatServices:formatAN</FormatService>
                      <AlternateName>Typ/Baumuster</AlternateName>
                      <Description>Identnummer des Verkaufsobjekts. Linksbündiger Eintrag.</Description>
                      <IDCode>662_16</IDCode>
                    </FieldDefinition>
                  </Field>
                  <FixedPositionExtractor>
                    <StartPos>90</StartPos>
                    <EndPos>98</EndPos>
                  </FixedPositionExtractor>
                </FieldUsage>
              </RecordElement>
              <RecordElement>
                <FieldUsage>
                  <FieldName>66217</FieldName>
                  <Mandatory>false</Mandatory>
                  <Field>
                    <FieldDefinition>
                      <LengthValidator>
                        <MinLength>19</MinLength>
                        <MaxLength>19</MaxLength>
                      </LengthValidator>
                      <DataType>AN,19,19</DataType>
                      <FormatService>wm.b2b.edi.util.formatServices:formatAN</FormatService>
                      <AlternateName>Fahrgestell-Nnummer</AlternateName>
                      <Description>Linksbündiger Eintrag.</Description>
                      <IDCode>662_17</IDCode>
                    </FieldDefinition>
                  </Field>
                  <FixedPositionExtractor>
                    <StartPos>98</StartPos>
                    <EndPos>117</EndPos>
                  </FixedPositionExtractor>
                </FieldUsage>
              </RecordElement>
              <RecordElement>
                <FieldUsage>
                  <FieldName>66218</FieldName>
                  <Mandatory>false</Mandatory>
                  <Field>
                    <FieldDefinition>
                      <LengthValidator>
                        <MinLength>9</MinLength>
                        <MaxLength>9</MaxLength>
                      </LengthValidator>
                      <DataType>N0,9,9</DataType>
                      <FormatService>wm.b2b.edi.util.formatServices:formatN0</FormatService>
                      <AlternateName>Anzahl Fahrzeuge</AlternateName>
                      <Description>Anzahl Fahrzeuge pro Produktions-Auftragsnummer (z.B. CKD). Nur dann füllen, wenn &gt; 1. Linksbündiger Eintrag.</Description>
                      <IDCode>662_18</IDCode>
                    </FieldDefinition>
                  </Field>
                  <FixedPositionExtractor>
                    <StartPos>117</StartPos>
                    <EndPos>126</EndPos>
                  </FixedPositionExtractor>
                </FieldUsage>
              </RecordElement>
              <RecordElement>
                <FieldUsage>
                  <FieldName>66219</FieldName>
                  <Mandatory>false</Mandatory>
                  <Field>
                    <FieldDefinition>
                      <LengthValidator>
                        <MinLength>2</MinLength>
                        <MaxLength>2</MaxLength>
                      </LengthValidator>
                      <DataType>AN,2,2</DataType>
                      <FormatService>wm.b2b.edi.util.formatServices:formatAN</FormatService>
                      <AlternateName>Leer</AlternateName>
                      <Description>Mit BLANKS gefüllt.</Description>
                      <IDCode>662_19</IDCode>
                    </FieldDefinition>
                  </Field>
                  <FixedPositionExtractor>
                    <StartPos>126</StartPos>
                    <EndPos>128</EndPos>
                  </FixedPositionExtractor>
                </FieldUsage>
              </RecordElement>
              <AlternateName></AlternateName>
              <Description></Description>
            </RecordDefinition>
          </Record>
        </RecordUsage>
        <RecordStructure>
          <Ordered>true</Ordered>
          <RecordUsage>
            <RecordId>663</RecordId>
            <Mandatory>false</Mandatory>
            <MaxOccur>9999999</MaxOccur>
            <AllowUndefinedData>true</AllowUndefinedData>
            <Position>NoPosition</Position>
            <AreaId>NoArea</AreaId>
            <Record>
              <RecordDefinition>
                <CheckFields>false</CheckFields>
                <RecordElement>
                  <FieldUsage>
                    <FieldName>66301</FieldName>
                    <Mandatory>true</Mandatory>
                    <Field>
                      <FieldDefinition>
                        <LengthValidator>
                          <MinLength>3</MinLength>
                          <MaxLength>3</MaxLength>
                        </LengthValidator>
                        <DataType>N0,3,3</DataType>
                        <FormatService>wm.b2b.edi.util.formatServices:formatN0</FormatService>
                        <AlternateName>Satzart</AlternateName>
                        <Description>Konstant "663".</Description>
                        <IDCode>663_01</IDCode>
                      </FieldDefinition>
                    </Field>
                    <FixedPositionExtractor>
                      <StartPos>0</StartPos>
                      <EndPos>3</EndPos>
                    </FixedPositionExtractor>
                  </FieldUsage>
                </RecordElement>
                <RecordElement>
                  <FieldUsage>
                    <FieldName>66302</FieldName>
                    <Mandatory>true</Mandatory>
                    <Field>
                      <FieldDefinition>
                        <CodeListValidator>
                          <CodeList>01</CodeList>
                        </CodeListValidator>
                        <DataType>N0,2,2</DataType>
                        <FormatService>wm.b2b.edi.util.formatServices:formatN0</FormatService>
                        <AlternateName>Versionsnummer</AlternateName>
                        <Description>
Kennzeichnung der Aktualität einer Satzart.
Siehe Satzart 661.
                        </Description>
                        <IDCode>663_02</IDCode>
                      </FieldDefinition>
                    </Field>
                    <FixedPositionExtractor>
                      <StartPos>3</StartPos>
                      <EndPos>5</EndPos>
                    </FixedPositionExtractor>
                  </FieldUsage>
                </RecordElement>
                <RecordElement>
                  <FieldUsage>
                    <FieldName>66303</FieldName>
                    <Mandatory>true</Mandatory>
                    <Field>
                      <FieldDefinition>
                        <LengthValidator>
                          <MinLength>1</MinLength>
                          <MaxLength>1</MaxLength>
                        </LengthValidator>
                        <DataType>AN,1,1</DataType>
                        <FormatService>wm.b2b.edi.util.formatServices:formatAN</FormatService>
                        <AlternateName>Kennzeichen</AlternateName>
                        <Description>Bei Werteingabe = blank folgen Textdaten, bei Werteingabe = 1 ergänzende Daten, die vereinbart weden müssen.</Description>
                        <IDCode>663_03</IDCode>
                      </FieldDefinition>
                    </Field>
                    <FixedPositionExtractor>
                      <StartPos>5</StartPos>
                      <EndPos>6</EndPos>
                    </FixedPositionExtractor>
                  </FieldUsage>
                </RecordElement>
                <RecordElement>
                  <FieldUsage>
                    <FieldName>66304</FieldName>
                    <Mandatory>false</Mandatory>
                    <Field>
                      <FieldDefinition>
                        <LengthValidator>
                          <MinLength>35</MinLength>
                          <MaxLength>35</MaxLength>
                        </LengthValidator>
                        <DataType>AN,35,35</DataType>
                        <FormatService>wm.b2b.edi.util.formatServices:formatAN</FormatService>
                        <AlternateName>Text 1</AlternateName>
                        <Description></Description>
                        <IDCode>663_04</IDCode>
                      </FieldDefinition>
                    </Field>
                    <FixedPositionExtractor>
                      <StartPos>6</StartPos>
                      <EndPos>41</EndPos>
                    </FixedPositionExtractor>
                  </FieldUsage>
                </RecordElement>
                <RecordElement>
                  <FieldUsage>
                    <FieldName>66305</FieldName>
                    <Mandatory>false</Mandatory>
                    <Field>
                      <FieldDefinition>
                        <LengthValidator>
                          <MinLength>35</MinLength>
                          <MaxLength>35</MaxLength>
                        </LengthValidator>
                        <DataType>AN,35,35</DataType>
                        <FormatService>wm.b2b.edi.util.formatServices:formatAN</FormatService>
                        <AlternateName>Text 2</AlternateName>
                        <Description></Description>
                        <IDCode>663_05</IDCode>
                      </FieldDefinition>
                    </Field>
                    <FixedPositionExtractor>
                      <StartPos>41</StartPos>
                      <EndPos>76</EndPos>
                    </FixedPositionExtractor>
                  </FieldUsage>
                </RecordElement>
                <RecordElement>
                  <FieldUsage>
                    <FieldName>66306</FieldName>
                    <Mandatory>false</Mandatory>
                    <Field>
                      <FieldDefinition>
                        <LengthValidator>
                          <MinLength>35</MinLength>
                          <MaxLength>35</MaxLength>
                        </LengthValidator>
                        <DataType>AN,35,35</DataType>
                        <FormatService>wm.b2b.edi.util.formatServices:formatAN</FormatService>
                        <AlternateName>Text 3</AlternateName>
                        <Description></Description>
                        <IDCode>663_06</IDCode>
                      </FieldDefinition>
                    </Field>
                    <FixedPositionExtractor>
                      <StartPos>76</StartPos>
                      <EndPos>111</EndPos>
                    </FixedPositionExtractor>
                  </FieldUsage>
                </RecordElement>
                <RecordElement>
                  <FieldUsage>
                    <FieldName>66307</FieldName>
                    <Mandatory>false</Mandatory>
                    <Field>
                      <FieldDefinition>
                        <LengthValidator>
                          <MinLength>17</MinLength>
                          <MaxLength>17</MaxLength>
                        </LengthValidator>
                        <DataType>AN,17,17</DataType>
                        <FormatService>wm.b2b.edi.util.formatServices:formatAN</FormatService>
                        <AlternateName>Leer</AlternateName>
                        <Description>Mit BLANKS gefüllt.</Description>
                        <IDCode>663_07</IDCode>
                      </FieldDefinition>
                    </Field>
                    <FixedPositionExtractor>
                      <StartPos>111</StartPos>
                      <EndPos>128</EndPos>
                    </FixedPositionExtractor>
                  </FieldUsage>
                </RecordElement>
                <AlternateName>Textsatz</AlternateName>
                <Description>x-mal je Fahrzeug-Ident-Nummer bzw. Sachnummer und Werk Kunde</Description>
              </RecordDefinition>
            </Record>
          </RecordUsage>
        </RecordStructure>
        <RecordStructure>
          <Ordered>true</Ordered>
          <RecordUsage>
            <RecordId>664</RecordId>
            <Mandatory>false</Mandatory>
            <MaxOccur>9999999</MaxOccur>
            <AllowUndefinedData>true</AllowUndefinedData>
            <Position>NoPosition</Position>
            <AreaId>NoArea</AreaId>
            <Record>
              <RecordDefinition>
                <CheckFields>false</CheckFields>
                <RecordElement>
                  <FieldUsage>
                    <FieldName>66401</FieldName>
                    <Mandatory>true</Mandatory>
                    <Field>
                      <FieldDefinition>
                        <LengthValidator>
                          <MinLength>3</MinLength>
                          <MaxLength>3</MaxLength>
                        </LengthValidator>
                        <DataType>N0,3,3</DataType>
                        <FormatService>wm.b2b.edi.util.formatServices:formatN0</FormatService>
                        <AlternateName>Satzart</AlternateName>
                        <Description>Konstant "664"</Description>
                        <IDCode>664_01</IDCode>
                      </FieldDefinition>
                    </Field>
                    <FixedPositionExtractor>
                      <StartPos>0</StartPos>
                      <EndPos>3</EndPos>
                    </FixedPositionExtractor>
                  </FieldUsage>
                </RecordElement>
                <RecordElement>
                  <FieldUsage>
                    <FieldName>66402</FieldName>
                    <Mandatory>true</Mandatory>
                    <Field>
                      <FieldDefinition>
                        <CodeListValidator>
                          <CodeList>01</CodeList>
                        </CodeListValidator>
                        <DataType>N0,2,2</DataType>
                        <FormatService>wm.b2b.edi.util.formatServices:formatN0</FormatService>
                        <AlternateName>Versions-Nummer</AlternateName>
                        <Description>
Kennzeichnung der Aktualität einer Satzart.
Siehe Satzart 661.
                        </Description>
                        <IDCode>664_02</IDCode>
                      </FieldDefinition>
                    </Field>
                    <FixedPositionExtractor>
                      <StartPos>3</StartPos>
                      <EndPos>5</EndPos>
                    </FixedPositionExtractor>
                  </FieldUsage>
                </RecordElement>
                <RecordElement>
                  <FieldUsage>
                    <FieldName>66403</FieldName>
                    <Mandatory>true</Mandatory>
                    <Field>
                      <FieldDefinition>
                        <LengthValidator>
                          <MinLength>22</MinLength>
                          <MaxLength>22</MaxLength>
                        </LengthValidator>
                        <DataType>AN,22,22</DataType>
                        <FormatService>wm.b2b.edi.util.formatServices:formatAN</FormatService>
                        <AlternateName>Sachnummer Kunde</AlternateName>
                        <Description>Identnummer, die der Kunde einem Artikel, einem Packmittel oder einer sonstigen Leistung zuordnet. Linksbündiger Eintrag.</Description>
                        <IDCode>664_03</IDCode>
                      </FieldDefinition>
                    </Field>
                    <FixedPositionExtractor>
                      <StartPos>5</StartPos>
                      <EndPos>27</EndPos>
                    </FixedPositionExtractor>
                  </FieldUsage>
                </RecordElement>
                <RecordElement>
                  <FieldUsage>
                    <FieldName>66404</FieldName>
                    <Mandatory>true</Mandatory>
                    <Field>
                      <FieldDefinition>
                        <LengthValidator>
                          <MinLength>2</MinLength>
                          <MaxLength>2</MaxLength>
                        </LengthValidator>
                        <DataType>AN,2,2</DataType>
                        <FormatService>wm.b2b.edi.util.formatServices:formatAN</FormatService>
                        <AlternateName>Mengeneinheit</AlternateName>
                        <Description>Verschlüsselte Form, siehe Codeliste 03.</Description>
                        <IDCode>664_04</IDCode>
                      </FieldDefinition>
                    </Field>
                    <FixedPositionExtractor>
                      <StartPos>27</StartPos>
                      <EndPos>29</EndPos>
                    </FixedPositionExtractor>
                  </FieldUsage>
                </RecordElement>
                <RecordElement>
                  <FieldUsage>
                    <FieldName>66405</FieldName>
                    <Mandatory>true</Mandatory>
                    <Field>
                      <FieldDefinition>
                        <LengthValidator>
                          <MinLength>9</MinLength>
                          <MaxLength>9</MaxLength>
                        </LengthValidator>
                        <DataType>N0,9,9</DataType>
                        <FormatService>wm.b2b.edi.util.formatServices:formatN0</FormatService>
                        <AlternateName>Abrufmenge</AlternateName>
                        <Description>Rrechtsbündig Eintrag mit führenden Nullen eintragen, keine Dezimalstelle.</Description>
                        <IDCode>664_05</IDCode>
                      </FieldDefinition>
                    </Field>
                    <FixedPositionExtractor>
                      <StartPos>29</StartPos>
                      <EndPos>38</EndPos>
                    </FixedPositionExtractor>
                  </FieldUsage>
                </RecordElement>
                <RecordElement>
                  <FieldUsage>
                    <FieldName>66406</FieldName>
                    <Mandatory>false</Mandatory>
                    <Field>
                      <FieldDefinition>
                        <LengthValidator>
                          <MinLength>5</MinLength>
                          <MaxLength>5</MaxLength>
                        </LengthValidator>
                        <DataType>AN,5,5</DataType>
                        <FormatService>wm.b2b.edi.util.formatServices:formatAN</FormatService>
                        <AlternateName>Abladestelle</AlternateName>
                        <Description>Bezeichnet die Stelle im Werk-Kunde, an der Ware abgeladen weden soll. Verschlüsselte Form des Kunden. Linksbündiger Eintrag. Wenn die Abladestelle in diesem Satz = blank ist, gelten die Angaben im Fahrzeug-Ident-Satz.</Description>
                        <IDCode>664_06</IDCode>
                      </FieldDefinition>
                    </Field>
                    <FixedPositionExtractor>
                      <StartPos>38</StartPos>
                      <EndPos>43</EndPos>
                    </FixedPositionExtractor>
                  </FieldUsage>
                </RecordElement>
                <RecordElement>
                  <FieldUsage>
                    <FieldName>66407</FieldName>
                    <Mandatory>false</Mandatory>
                    <Field>
                      <FieldDefinition>
                        <LengthValidator>
                          <MinLength>14</MinLength>
                          <MaxLength>14</MaxLength>
                        </LengthValidator>
                        <DataType>AN,14,14</DataType>
                        <FormatService>wm.b2b.edi.util.formatServices:formatAN</FormatService>
                        <AlternateName>Verwendungsort</AlternateName>
                        <Description>
Einbau- bzw. Anbaustelle bezogen auf das Montageband.Die Inhalte des Verwendungsorts sind zu vereinbaren. Linksbündiger Eintrag. Wenn die Abladestelle in diesem Satz = blank ist, gelten die Angaben im Fahrzeug-Ident-Satz.
Linksbündiger Einsatz.
                        </Description>
                        <IDCode>664_07</IDCode>
                      </FieldDefinition>
                    </Field>
                    <FixedPositionExtractor>
                      <StartPos>43</StartPos>
                      <EndPos>57</EndPos>
                    </FixedPositionExtractor>
                  </FieldUsage>
                </RecordElement>
                <RecordElement>
                  <FieldUsage>
                    <FieldName>66408</FieldName>
                    <Mandatory>false</Mandatory>
                    <Field>
                      <FieldDefinition>
                        <LengthValidator>
                          <MinLength>1</MinLength>
                          <MaxLength>1</MaxLength>
                        </LengthValidator>
                        <DataType>AN,1,1</DataType>
                        <FormatService>wm.b2b.edi.util.formatServices:formatAN</FormatService>
                        <AlternateName>Terminschlüssel</AlternateName>
                        <Description>
Bezieht sich auf die Felder 9/10. Ist von den Partnern zu vereinbaren.
Siehe Codeliste 02.
                        </Description>
                        <IDCode>664_08</IDCode>
                      </FieldDefinition>
                    </Field>
                    <FixedPositionExtractor>
                      <StartPos>57</StartPos>
                      <EndPos>58</EndPos>
                    </FixedPositionExtractor>
                  </FieldUsage>
                </RecordElement>
                <RecordElement>
                  <FieldUsage>
                    <FieldName>66409</FieldName>
                    <Mandatory>false</Mandatory>
                    <Field>
                      <FieldDefinition>
                        <LengthValidator>
                          <MinLength>6</MinLength>
                          <MaxLength>6</MaxLength>
                        </LengthValidator>
                        <DataType>N0,6,6</DataType>
                        <FormatService>wm.b2b.edi.util.formatServices:formatN0</FormatService>
                        <AlternateName>Abrufdatum</AlternateName>
                        <Description>
Wahlweise in Verbindung mit dem Fahrzeug-Ident-Nr.-Satz, wenn die zu einer Fahrzeug-Ident-Nr. gehörenden Sachnummern in unterschiedlichen Fertigungsbereichen eingebaut werden.

Format:
JJMMTT
                        </Description>
                        <IDCode>664_09</IDCode>
                      </FieldDefinition>
                    </Field>
                    <FixedPositionExtractor>
                      <StartPos>58</StartPos>
                      <EndPos>64</EndPos>
                    </FixedPositionExtractor>
                  </FieldUsage>
                </RecordElement>
                <RecordElement>
                  <FieldUsage>
                    <FieldName>66410</FieldName>
                    <Mandatory>false</Mandatory>
                    <Field>
                      <FieldDefinition>
                        <LengthValidator>
                          <MinLength>4</MinLength>
                          <MaxLength>4</MaxLength>
                        </LengthValidator>
                        <DataType>N0,4,4</DataType>
                        <FormatService>wm.b2b.edi.util.formatServices:formatN0</FormatService>
                        <AlternateName>Abrufzeit</AlternateName>
                        <Description>
Wahlweise in Verbindung mit dem Fahrzeug-Ident-Nr.-Satz.

Format:
HHMM
                        </Description>
                        <IDCode>664_10</IDCode>
                      </FieldDefinition>
                    </Field>
                    <FixedPositionExtractor>
                      <StartPos>64</StartPos>
                      <EndPos>68</EndPos>
                    </FixedPositionExtractor>
                  </FieldUsage>
                </RecordElement>
                <RecordElement>
                  <FieldUsage>
                    <FieldName>66411</FieldName>
                    <Mandatory>false</Mandatory>
                    <Field>
                      <FieldDefinition>
                        <LengthValidator>
                          <MinLength>14</MinLength>
                          <MaxLength>14</MaxLength>
                        </LengthValidator>
                        <DataType>AN,14,14</DataType>
                        <FormatService>wm.b2b.edi.util.formatServices:formatAN</FormatService>
                        <AlternateName>Änderungs-Stand-Konstruktion</AlternateName>
                        <Description>Ident-Nummer, die der Kunde einem Bemusterungsstand bzw. einer Konstruktionsänderung unter gleicher Sachnummer zuordnet. Linksbündiger Eintrag.</Description>
                        <IDCode>664_11</IDCode>
                      </FieldDefinition>
                    </Field>
                    <FixedPositionExtractor>
                      <StartPos>68</StartPos>
                      <EndPos>82</EndPos>
                    </FixedPositionExtractor>
                  </FieldUsage>
                </RecordElement>
                <RecordElement>
                  <FieldUsage>
                    <FieldName>66412</FieldName>
                    <Mandatory>false</Mandatory>
                    <Field>
                      <FieldDefinition>
                        <LengthValidator>
                          <MinLength>46</MinLength>
                          <MaxLength>46</MaxLength>
                        </LengthValidator>
                        <DataType>AN,46,46</DataType>
                        <FormatService>wm.b2b.edi.util.formatServices:formatAN</FormatService>
                        <AlternateName>Leer</AlternateName>
                        <Description>Mit BLANKS gefüllt</Description>
                        <IDCode>664_12</IDCode>
                      </FieldDefinition>
                    </Field>
                    <FixedPositionExtractor>
                      <StartPos>82</StartPos>
                      <EndPos>128</EndPos>
                    </FixedPositionExtractor>
                  </FieldUsage>
                </RecordElement>
                <AlternateName></AlternateName>
                <Description></Description>
              </RecordDefinition>
            </Record>
          </RecordUsage>
          <RecordStructure>
            <Ordered>true</Ordered>
            <RecordUsage>
              <RecordId>663</RecordId>
              <Mandatory>false</Mandatory>
              <MaxOccur>9999999</MaxOccur>
              <AllowUndefinedData>true</AllowUndefinedData>
              <Position>NoPosition</Position>
              <AreaId>NoArea</AreaId>
              <Record>
                <RecordDefinition>
                  <CheckFields>false</CheckFields>
                  <RecordElement>
                    <FieldUsage>
                      <FieldName>66301</FieldName>
                      <Mandatory>true</Mandatory>
                      <Field>
                        <FieldDefinition>
                          <LengthValidator>
                            <MinLength>3</MinLength>
                            <MaxLength>3</MaxLength>
                          </LengthValidator>
                          <DataType>N0,3,3</DataType>
                          <FormatService>wm.b2b.edi.util.formatServices:formatN0</FormatService>
                          <AlternateName>Satzart</AlternateName>
                          <Description>Konstant "663".</Description>
                          <IDCode>663_01</IDCode>
                        </FieldDefinition>
                      </Field>
                      <FixedPositionExtractor>
                        <StartPos>0</StartPos>
                        <EndPos>3</EndPos>
                      </FixedPositionExtractor>
                    </FieldUsage>
                  </RecordElement>
                  <RecordElement>
                    <FieldUsage>
                      <FieldName>66302</FieldName>
                      <Mandatory>true</Mandatory>
                      <Field>
                        <FieldDefinition>
                          <CodeListValidator>
                            <CodeList>01</CodeList>
                          </CodeListValidator>
                          <DataType>N0,2,2</DataType>
                          <FormatService>wm.b2b.edi.util.formatServices:formatN0</FormatService>
                          <AlternateName>Versionsnummer</AlternateName>
                          <Description>
Kennzeichnung der Aktualität einer Satzart.
Siehe Satzart 661.
                          </Description>
                          <IDCode>663_02</IDCode>
                        </FieldDefinition>
                      </Field>
                      <FixedPositionExtractor>
                        <StartPos>3</StartPos>
                        <EndPos>5</EndPos>
                      </FixedPositionExtractor>
                    </FieldUsage>
                  </RecordElement>
                  <RecordElement>
                    <FieldUsage>
                      <FieldName>66303</FieldName>
                      <Mandatory>true</Mandatory>
                      <Field>
                        <FieldDefinition>
                          <LengthValidator>
                            <MinLength>1</MinLength>
                            <MaxLength>1</MaxLength>
                          </LengthValidator>
                          <DataType>AN,1,1</DataType>
                          <FormatService>wm.b2b.edi.util.formatServices:formatAN</FormatService>
                          <AlternateName>Kennzeichen</AlternateName>
                          <Description>Bei Werteingabe = blank folgen Textdaten, bei Werteingabe = 1 ergänzende Daten, die vereinbart weden müssen.</Description>
                          <IDCode>663_03</IDCode>
                        </FieldDefinition>
                      </Field>
                      <FixedPositionExtractor>
                        <StartPos>5</StartPos>
                        <EndPos>6</EndPos>
                      </FixedPositionExtractor>
                    </FieldUsage>
                  </RecordElement>
                  <RecordElement>
                    <FieldUsage>
                      <FieldName>66304</FieldName>
                      <Mandatory>false</Mandatory>
                      <Field>
                        <FieldDefinition>
                          <LengthValidator>
                            <MinLength>35</MinLength>
                            <MaxLength>35</MaxLength>
                          </LengthValidator>
                          <DataType>AN,35,35</DataType>
                          <FormatService>wm.b2b.edi.util.formatServices:formatAN</FormatService>
                          <AlternateName>Text 1</AlternateName>
                          <Description></Description>
                          <IDCode>663_04</IDCode>
                        </FieldDefinition>
                      </Field>
                      <FixedPositionExtractor>
                        <StartPos>6</StartPos>
                        <EndPos>41</EndPos>
                      </FixedPositionExtractor>
                    </FieldUsage>
                  </RecordElement>
                  <RecordElement>
                    <FieldUsage>
                      <FieldName>66305</FieldName>
                      <Mandatory>false</Mandatory>
                      <Field>
                        <FieldDefinition>
                          <LengthValidator>
                            <MinLength>35</MinLength>
                            <MaxLength>35</MaxLength>
                          </LengthValidator>
                          <DataType>AN,35,35</DataType>
                          <FormatService>wm.b2b.edi.util.formatServices:formatAN</FormatService>
                          <AlternateName>Text 2</AlternateName>
                          <Description></Description>
                          <IDCode>663_05</IDCode>
                        </FieldDefinition>
                      </Field>
                      <FixedPositionExtractor>
                        <StartPos>41</StartPos>
                        <EndPos>76</EndPos>
                      </FixedPositionExtractor>
                    </FieldUsage>
                  </RecordElement>
                  <RecordElement>
                    <FieldUsage>
                      <FieldName>66306</FieldName>
                      <Mandatory>false</Mandatory>
                      <Field>
                        <FieldDefinition>
                          <LengthValidator>
                            <MinLength>35</MinLength>
                            <MaxLength>35</MaxLength>
                          </LengthValidator>
                          <DataType>AN,35,35</DataType>
                          <FormatService>wm.b2b.edi.util.formatServices:formatAN</FormatService>
                          <AlternateName>Text 3</AlternateName>
                          <Description></Description>
                          <IDCode>663_06</IDCode>
                        </FieldDefinition>
                      </Field>
                      <FixedPositionExtractor>
                        <StartPos>76</StartPos>
                        <EndPos>111</EndPos>
                      </FixedPositionExtractor>
                    </FieldUsage>
                  </RecordElement>
                  <RecordElement>
                    <FieldUsage>
                      <FieldName>66307</FieldName>
                      <Mandatory>false</Mandatory>
                      <Field>
                        <FieldDefinition>
                          <LengthValidator>
                            <MinLength>17</MinLength>
                            <MaxLength>17</MaxLength>
                          </LengthValidator>
                          <DataType>AN,17,17</DataType>
                          <FormatService>wm.b2b.edi.util.formatServices:formatAN</FormatService>
                          <AlternateName>Leer</AlternateName>
                          <Description>Mit BLANKS gefüllt.</Description>
                          <IDCode>663_07</IDCode>
                        </FieldDefinition>
                      </Field>
                      <FixedPositionExtractor>
                        <StartPos>111</StartPos>
                        <EndPos>128</EndPos>
                      </FixedPositionExtractor>
                    </FieldUsage>
                  </RecordElement>
                  <AlternateName>Textsatz</AlternateName>
                  <Description>x-mal je Fahrzeug-Ident-Nummer bzw. Sachnummer und Werk Kunde</Description>
                </RecordDefinition>
              </Record>
            </RecordUsage>
          </RecordStructure>
        </RecordStructure>
      </RecordStructure>
      <RecordStructure>
        <Ordered>true</Ordered>
        <RecordUsage>
          <RecordId>669</RecordId>
          <Mandatory>true</Mandatory>
          <MaxOccur>1</MaxOccur>
          <AllowUndefinedData>true</AllowUndefinedData>
          <Position>NoPosition</Position>
          <AreaId>NoArea</AreaId>
          <Record>
            <RecordDefinition>
              <CheckFields>false</CheckFields>
              <RecordElement>
                <FieldUsage>
                  <FieldName>66901</FieldName>
                  <Mandatory>true</Mandatory>
                  <Field>
                    <FieldDefinition>
                      <LengthValidator>
                        <MinLength>3</MinLength>
                        <MaxLength>3</MaxLength>
                      </LengthValidator>
                      <DataType>N0,3,3</DataType>
                      <FormatService>wm.b2b.edi.util.formatServices:formatN0</FormatService>
                      <AlternateName>Satzart</AlternateName>
                      <Description>Konstant "669"</Description>
                      <IDCode>669_01</IDCode>
                    </FieldDefinition>
                  </Field>
                  <FixedPositionExtractor>
                    <StartPos>0</StartPos>
                    <EndPos>3</EndPos>
                  </FixedPositionExtractor>
                </FieldUsage>
              </RecordElement>
              <RecordElement>
                <FieldUsage>
                  <FieldName>66902</FieldName>
                  <Mandatory>true</Mandatory>
                  <Field>
                    <FieldDefinition>
                      <CodeListValidator>
                        <CodeList>01</CodeList>
                      </CodeListValidator>
                      <DataType>N0,2,2</DataType>
                      <FormatService>wm.b2b.edi.util.formatServices:formatN0</FormatService>
                      <AlternateName>Versions-Nummer</AlternateName>
                      <Description>
Kennzeichnung der Aktualität einer Satzart.
Siehe auch Satzart 661
                      </Description>
                      <IDCode>669_02</IDCode>
                    </FieldDefinition>
                  </Field>
                  <FixedPositionExtractor>
                    <StartPos>3</StartPos>
                    <EndPos>5</EndPos>
                  </FixedPositionExtractor>
                </FieldUsage>
              </RecordElement>
              <RecordElement>
                <FieldUsage>
                  <FieldName>66903</FieldName>
                  <Mandatory>true</Mandatory>
                  <Field>
                    <FieldDefinition>
                      <LengthValidator>
                        <MinLength>7</MinLength>
                        <MaxLength>7</MaxLength>
                      </LengthValidator>
                      <DataType>N0,7,7</DataType>
                      <FormatService>wm.b2b.edi.util.formatServices:formatN0</FormatService>
                      <AlternateName>Zähler Satzart 661</AlternateName>
                      <Description>Anzahl übertragene Satzart 661, rechtsbündiger Eintrag mit führenden Nullen.</Description>
                      <IDCode>669_03</IDCode>
                    </FieldDefinition>
                  </Field>
                  <FixedPositionExtractor>
                    <StartPos>5</StartPos>
                    <EndPos>12</EndPos>
                  </FixedPositionExtractor>
                </FieldUsage>
              </RecordElement>
              <RecordElement>
                <FieldUsage>
                  <FieldName>66904</FieldName>
                  <Mandatory>true</Mandatory>
                  <Field>
                    <FieldDefinition>
                      <LengthValidator>
                        <MinLength>7</MinLength>
                        <MaxLength>7</MaxLength>
                      </LengthValidator>
                      <DataType>N0,7,7</DataType>
                      <FormatService>wm.b2b.edi.util.formatServices:formatN0</FormatService>
                      <AlternateName>Zähler Satzart 662</AlternateName>
                      <Description>Anzahl übertragene Satzart 662, rechtsbündig Eintrag mit führenden Nullen.</Description>
                      <IDCode>669_04</IDCode>
                    </FieldDefinition>
                  </Field>
                  <FixedPositionExtractor>
                    <StartPos>12</StartPos>
                    <EndPos>19</EndPos>
                  </FixedPositionExtractor>
                </FieldUsage>
              </RecordElement>
              <RecordElement>
                <FieldUsage>
                  <FieldName>66905</FieldName>
                  <Mandatory>true</Mandatory>
                  <Field>
                    <FieldDefinition>
                      <LengthValidator>
                        <MinLength>7</MinLength>
                        <MaxLength>7</MaxLength>
                      </LengthValidator>
                      <DataType>N0,7,7</DataType>
                      <FormatService>wm.b2b.edi.util.formatServices:formatN0</FormatService>
                      <AlternateName>Zähler Satzart 663</AlternateName>
                      <Description>Anzahl übertragene Satzart 663, rechtsbündig Eintrag mit führenden Nullen.</Description>
                      <IDCode>669_05</IDCode>
                    </FieldDefinition>
                  </Field>
                  <FixedPositionExtractor>
                    <StartPos>19</StartPos>
                    <EndPos>26</EndPos>
                  </FixedPositionExtractor>
                </FieldUsage>
              </RecordElement>
              <RecordElement>
                <FieldUsage>
                  <FieldName>66906</FieldName>
                  <Mandatory>true</Mandatory>
                  <Field>
                    <FieldDefinition>
                      <LengthValidator>
                        <MinLength>7</MinLength>
                        <MaxLength>7</MaxLength>
                      </LengthValidator>
                      <DataType>N0,7,7</DataType>
                      <FormatService>wm.b2b.edi.util.formatServices:formatN0</FormatService>
                      <AlternateName>Zähler Satzart 664</AlternateName>
                      <Description>Anzahl übertragene Satzart 664, rechtsbündig Eintrag mit führenden Nullen.</Description>
                      <IDCode>669_06</IDCode>
                    </FieldDefinition>
                  </Field>
                  <FixedPositionExtractor>
                    <StartPos>26</StartPos>
                    <EndPos>33</EndPos>
                  </FixedPositionExtractor>
                </FieldUsage>
              </RecordElement>
              <RecordElement>
                <FieldUsage>
                  <FieldName>66907</FieldName>
                  <Mandatory>true</Mandatory>
                  <Field>
                    <FieldDefinition>
                      <LengthValidator>
                        <MinLength>7</MinLength>
                        <MaxLength>7</MaxLength>
                      </LengthValidator>
                      <DataType>N0,7,7</DataType>
                      <FormatService>wm.b2b.edi.util.formatServices:formatN0</FormatService>
                      <AlternateName>Zähler Satzart 669</AlternateName>
                      <Description>Anzahl übertragene Satzart 669, rechtsbündig Eintrag mit führenden Nullen.</Description>
                      <IDCode>669_07</IDCode>
                    </FieldDefinition>
                  </Field>
                  <FixedPositionExtractor>
                    <StartPos>33</StartPos>
                    <EndPos>40</EndPos>
                  </FixedPositionExtractor>
                </FieldUsage>
              </RecordElement>
              <RecordElement>
                <FieldUsage>
                  <FieldName>66908</FieldName>
                  <Mandatory>false</Mandatory>
                  <Field>
                    <FieldDefinition>
                      <LengthValidator>
                        <MinLength>88</MinLength>
                        <MaxLength>88</MaxLength>
                      </LengthValidator>
                      <DataType>AN,88,88</DataType>
                      <FormatService>wm.b2b.edi.util.formatServices:formatAN</FormatService>
                      <AlternateName>Leer</AlternateName>
                      <Description>Mit BLANKS gefüllt.</Description>
                      <IDCode>669_08</IDCode>
                    </FieldDefinition>
                  </Field>
                  <FixedPositionExtractor>
                    <StartPos>40</StartPos>
                    <EndPos>128</EndPos>
                  </FixedPositionExtractor>
                </FieldUsage>
              </RecordElement>
              <AlternateName></AlternateName>
              <Description></Description>
            </RecordDefinition>
          </Record>
        </RecordUsage>
      </RecordStructure>
    </RecordStructure>
  </DocumentStructure>
  <RecordParser>
    <FixedLengthParser>
      <RecordLength>128</RecordLength>
    </FixedLengthParser>
  </RecordParser>
  <RecordIdentifier>
    <FixedPositionIdentifier>
      <StartPos>0</StartPos>
    </FixedPositionIdentifier>
  </RecordIdentifier>
  <UndefinedDataAllowed>false</UndefinedDataAllowed>
  <Description></Description>
</FFSchema>
