<?xml version="1.0" encoding="UTF-8"?>
<!-- automatically generated by GEFEG.FX -->
<!-- http://www.gefeg.com -->
<FFSchema>
  <Delimiters/>
  <DocumentStructure>
    <Ordered>true</Ordered>
    <RecordStructure>
      <Ordered>true</Ordered>
      <RecordUsage>
        <RecordId>611</RecordId>
        <Mandatory>true</Mandatory>
        <MaxOccur>1</MaxOccur>
        <AllowUndefinedData>true</AllowUndefinedData>
        <Position>NoPosition</Position>
        <AreaId>NoArea</AreaId>
        <Record>
          <RecordDefinition>
            <CheckFields>false</CheckFields>
            <RecordElement>
              <FieldUsage>
                <FieldName>61101</FieldName>
                <Mandatory>true</Mandatory>
                <Field>
                  <FieldDefinition>
                    <LengthValidator>
                      <MinLength>3</MinLength>
                      <MaxLength>3</MaxLength>
                    </LengthValidator>
                    <DataType>N0,3,3</DataType>
                    <FormatService>wm.b2b.edi.util.formatServices:formatN0</FormatService>
                    <AlternateName>Satzart</AlternateName>
                    <Description>Konstant "611" muß einmal je DFÜ-Lauf "Fzg.-Identifikation" vorhanden sein, sonst erfolgt keine Verarbeitung.</Description>
                    <IDCode>611_01</IDCode>
                  </FieldDefinition>
                </Field>
                <FixedPositionExtractor>
                  <StartPos>0</StartPos>
                  <EndPos>3</EndPos>
                </FixedPositionExtractor>
              </FieldUsage>
            </RecordElement>
            <RecordElement>
              <FieldUsage>
                <FieldName>61102</FieldName>
                <Mandatory>true</Mandatory>
                <Field>
                  <FieldDefinition>
                    <CodeListValidator>
                      <CodeList>01</CodeList>
                    </CodeListValidator>
                    <DataType>N0,2,2</DataType>
                    <FormatService>wm.b2b.edi.util.formatServices:formatN0</FormatService>
                    <AlternateName>Versions-Nummer</AlternateName>
                    <Description>Kennzeichnung der Aktualität einer Satzart. Wird je Satzart lückenlos aufsteigend geführt und nach jeder vom VDK-AKVD beschlossenen Änderung einer Satzart jeweils um 1 erhöht.</Description>
                    <IDCode>611_02</IDCode>
                  </FieldDefinition>
                </Field>
                <FixedPositionExtractor>
                  <StartPos>3</StartPos>
                  <EndPos>5</EndPos>
                </FixedPositionExtractor>
              </FieldUsage>
            </RecordElement>
            <RecordElement>
              <FieldUsage>
                <FieldName>61103</FieldName>
                <Mandatory>true</Mandatory>
                <Field>
                  <FieldDefinition>
                    <LengthValidator>
                      <MinLength>9</MinLength>
                      <MaxLength>9</MaxLength>
                    </LengthValidator>
                    <DataType>AN,9,9</DataType>
                    <FormatService>wm.b2b.edi.util.formatServices:formatAN</FormatService>
                    <AlternateName>Datenempfänger-Nummer</AlternateName>
                    <Description>Identnummer vom Absender für den Empfänger festgelegt; linksbündig eintragen</Description>
                    <IDCode>611_03</IDCode>
                  </FieldDefinition>
                </Field>
                <FixedPositionExtractor>
                  <StartPos>5</StartPos>
                  <EndPos>14</EndPos>
                </FixedPositionExtractor>
              </FieldUsage>
            </RecordElement>
            <RecordElement>
              <FieldUsage>
                <FieldName>61104</FieldName>
                <Mandatory>true</Mandatory>
                <Field>
                  <FieldDefinition>
                    <LengthValidator>
                      <MinLength>9</MinLength>
                      <MaxLength>9</MaxLength>
                    </LengthValidator>
                    <DataType>AN,9,9</DataType>
                    <FormatService>wm.b2b.edi.util.formatServices:formatAN</FormatService>
                    <AlternateName>Datenabsender-Nummer</AlternateName>
                    <Description>Identnummer vom Empfänger für den Absender festgelegt; linksbündig eintragen</Description>
                    <IDCode>611_04</IDCode>
                  </FieldDefinition>
                </Field>
                <FixedPositionExtractor>
                  <StartPos>14</StartPos>
                  <EndPos>23</EndPos>
                </FixedPositionExtractor>
              </FieldUsage>
            </RecordElement>
            <RecordElement>
              <FieldUsage>
                <FieldName>61105</FieldName>
                <Mandatory>true</Mandatory>
                <Field>
                  <FieldDefinition>
                    <LengthValidator>
                      <MinLength>5</MinLength>
                      <MaxLength>5</MaxLength>
                    </LengthValidator>
                    <DataType>N0,5,5</DataType>
                    <FormatService>wm.b2b.edi.util.formatServices:formatN0</FormatService>
                    <AlternateName>Übertragungs-Nummer Alt</AlternateName>
                    <Description>
Siehe Übertragungsnummer Neu.
Beim ersten Lauf ist Übertragungs-Nummer-Alt = 00000.
Rechtsbündig mit fahrenden Nullen eintragen
                    </Description>
                    <IDCode>611_05</IDCode>
                  </FieldDefinition>
                </Field>
                <FixedPositionExtractor>
                  <StartPos>23</StartPos>
                  <EndPos>28</EndPos>
                </FixedPositionExtractor>
              </FieldUsage>
            </RecordElement>
            <RecordElement>
              <FieldUsage>
                <FieldName>61106</FieldName>
                <Mandatory>true</Mandatory>
                <Field>
                  <FieldDefinition>
                    <LengthValidator>
                      <MinLength>5</MinLength>
                      <MaxLength>5</MaxLength>
                    </LengthValidator>
                    <DataType>N0,5,5</DataType>
                    <FormatService>wm.b2b.edi.util.formatServices:formatN0</FormatService>
                    <AlternateName>Übertragungs-Nummer neu</AlternateName>
                    <Description>
Der Absender vergibt  für jeden DFÜ-Lauf eine Übertragsnummer. Absender und Empfänger bewahren diese Nummer pro Sachgebiet/Anwendung bis zur nächsten Übertragung dieses Sachgebiets auf. Da der Absender jeweils zu der neuen Übertragungs-Nummer auch die des vorausgegangenen DFÜ-Laufs innerhalb dieses Sachgebietes angibt, kann der Empfänger die Vollständigkeit der DFÜ-Datenbestände je Sachgebiet kontrollieren. Daher ist keine lückenlos aufsteigende Reihenfolge erforderlich. Rechtsbündig eintragen mit führenden Nullen, keine Dezimalstelle.
Beispiele für Eintragungen in den beiden Übertragsnummern:
Vorgang    Nummer    Nummer
           'Alt'     'Neu'
Start:     00000     00001
oder       00000     00017
Routine:   00019     00020
oder       88051     88061
Überlauf:  99999     00001
oder       89361     00011
                    </Description>
                    <IDCode>611_06</IDCode>
                  </FieldDefinition>
                </Field>
                <FixedPositionExtractor>
                  <StartPos>28</StartPos>
                  <EndPos>33</EndPos>
                </FixedPositionExtractor>
              </FieldUsage>
            </RecordElement>
            <RecordElement>
              <FieldUsage>
                <FieldName>61107</FieldName>
                <Mandatory>true</Mandatory>
                <Field>
                  <FieldDefinition>
                    <LengthValidator>
                      <MinLength>6</MinLength>
                      <MaxLength>6</MaxLength>
                    </LengthValidator>
                    <DataType>N0,6,6</DataType>
                    <FormatService>wm.b2b.edi.util.formatServices:formatN0</FormatService>
                    <AlternateName>Übertragungsdatum</AlternateName>
                    <Description>
Format:
JJMMTT
                    </Description>
                    <IDCode>611_07</IDCode>
                  </FieldDefinition>
                </Field>
                <FixedPositionExtractor>
                  <StartPos>33</StartPos>
                  <EndPos>39</EndPos>
                </FixedPositionExtractor>
              </FieldUsage>
            </RecordElement>
            <RecordElement>
              <FieldUsage>
                <FieldName>61108</FieldName>
                <Mandatory>true</Mandatory>
                <Field>
                  <FieldDefinition>
                    <LengthValidator>
                      <MinLength>4</MinLength>
                      <MaxLength>4</MaxLength>
                    </LengthValidator>
                    <DataType>N0,4,4</DataType>
                    <FormatService>wm.b2b.edi.util.formatServices:formatN0</FormatService>
                    <AlternateName>Übertragungs-Zeitpunkt</AlternateName>
                    <Description>
Format:
HHMM
                    </Description>
                    <IDCode>611_08</IDCode>
                  </FieldDefinition>
                </Field>
                <FixedPositionExtractor>
                  <StartPos>39</StartPos>
                  <EndPos>43</EndPos>
                </FixedPositionExtractor>
              </FieldUsage>
            </RecordElement>
            <RecordElement>
              <FieldUsage>
                <FieldName>61109</FieldName>
                <Mandatory>false</Mandatory>
                <Field>
                  <FieldDefinition>
                    <LengthValidator>
                      <MinLength>85</MinLength>
                      <MaxLength>85</MaxLength>
                    </LengthValidator>
                    <DataType>AN,85,85</DataType>
                    <FormatService>wm.b2b.edi.util.formatServices:formatAN</FormatService>
                    <AlternateName>Leer</AlternateName>
                    <Description>Reservestellen, miit BLANKS gefüllt</Description>
                    <IDCode>611_09</IDCode>
                  </FieldDefinition>
                </Field>
                <FixedPositionExtractor>
                  <StartPos>43</StartPos>
                  <EndPos>128</EndPos>
                </FixedPositionExtractor>
              </FieldUsage>
            </RecordElement>
            <AlternateName></AlternateName>
            <Description></Description>
          </RecordDefinition>
        </Record>
      </RecordUsage>
      <RecordStructure>
        <Ordered>true</Ordered>
        <RecordUsage>
          <RecordId>612</RecordId>
          <Mandatory>true</Mandatory>
          <MaxOccur>9999999</MaxOccur>
          <AllowUndefinedData>true</AllowUndefinedData>
          <Position>NoPosition</Position>
          <AreaId>NoArea</AreaId>
          <Record>
            <RecordDefinition>
              <CheckFields>false</CheckFields>
              <RecordElement>
                <FieldUsage>
                  <FieldName>61201</FieldName>
                  <Mandatory>true</Mandatory>
                  <Field>
                    <FieldDefinition>
                      <LengthValidator>
                        <MinLength>3</MinLength>
                        <MaxLength>3</MaxLength>
                      </LengthValidator>
                      <DataType>N0,3,3</DataType>
                      <FormatService>wm.b2b.edi.util.formatServices:formatN0</FormatService>
                      <AlternateName>Satzart</AlternateName>
                      <Description>Konstant "552" muß einmal je DFÜ-Lauf vorhanden sein, sonst erfolgt keine Verarbeitung.</Description>
                      <IDCode>612_01</IDCode>
                    </FieldDefinition>
                  </Field>
                  <FixedPositionExtractor>
                    <StartPos>0</StartPos>
                    <EndPos>3</EndPos>
                  </FixedPositionExtractor>
                </FieldUsage>
              </RecordElement>
              <RecordElement>
                <FieldUsage>
                  <FieldName>61202</FieldName>
                  <Mandatory>true</Mandatory>
                  <Field>
                    <FieldDefinition>
                      <CodeListValidator>
                        <CodeList>01</CodeList>
                      </CodeListValidator>
                      <DataType>N0,2,2</DataType>
                      <FormatService>wm.b2b.edi.util.formatServices:formatN0</FormatService>
                      <AlternateName>Versions-Nummer</AlternateName>
                      <Description>Kennzeichnung der Aktualität einer Satzart, siehe Satzart 611.</Description>
                      <IDCode>612_02</IDCode>
                    </FieldDefinition>
                  </Field>
                  <FixedPositionExtractor>
                    <StartPos>3</StartPos>
                    <EndPos>5</EndPos>
                  </FixedPositionExtractor>
                </FieldUsage>
              </RecordElement>
              <RecordElement>
                <FieldUsage>
                  <FieldName>61203</FieldName>
                  <Mandatory>true</Mandatory>
                  <Field>
                    <FieldDefinition>
                      <LengthValidator>
                        <MinLength>2</MinLength>
                        <MaxLength>2</MaxLength>
                      </LengthValidator>
                      <DataType>AN,2,2</DataType>
                      <FormatService>wm.b2b.edi.util.formatServices:formatAN</FormatService>
                      <AlternateName>Fertigungsstand</AlternateName>
                      <Description>
Weitere Schlüssel können vom Hersteller individuell festgelegt werden.
Siehe Codeliste 01.
                      </Description>
                      <IDCode>612_03</IDCode>
                    </FieldDefinition>
                  </Field>
                  <FixedPositionExtractor>
                    <StartPos>5</StartPos>
                    <EndPos>7</EndPos>
                  </FixedPositionExtractor>
                </FieldUsage>
              </RecordElement>
              <RecordElement>
                <FieldUsage>
                  <FieldName>61204</FieldName>
                  <Mandatory>false</Mandatory>
                  <Field>
                    <FieldDefinition>
                      <LengthValidator>
                        <MinLength>6</MinLength>
                        <MaxLength>6</MaxLength>
                      </LengthValidator>
                      <DataType>N0,6,6</DataType>
                      <FormatService>wm.b2b.edi.util.formatServices:formatN0</FormatService>
                      <AlternateName>Fertigungsstand-Datum</AlternateName>
                      <Description>
Format:
JJMMTT
                      </Description>
                      <IDCode>612_04</IDCode>
                    </FieldDefinition>
                  </Field>
                  <FixedPositionExtractor>
                    <StartPos>7</StartPos>
                    <EndPos>13</EndPos>
                  </FixedPositionExtractor>
                </FieldUsage>
              </RecordElement>
              <RecordElement>
                <FieldUsage>
                  <FieldName>61205</FieldName>
                  <Mandatory>false</Mandatory>
                  <Field>
                    <FieldDefinition>
                      <LengthValidator>
                        <MinLength>1</MinLength>
                        <MaxLength>1</MaxLength>
                      </LengthValidator>
                      <DataType>AN,1,1</DataType>
                      <FormatService>wm.b2b.edi.util.formatServices:formatAN</FormatService>
                      <AlternateName>Status d. Fz.</AlternateName>
                      <Description>Siehe Codeliste 02.</Description>
                      <IDCode>612_05</IDCode>
                    </FieldDefinition>
                  </Field>
                  <FixedPositionExtractor>
                    <StartPos>13</StartPos>
                    <EndPos>14</EndPos>
                  </FixedPositionExtractor>
                </FieldUsage>
              </RecordElement>
              <RecordElement>
                <FieldUsage>
                  <FieldName>61206</FieldName>
                  <Mandatory>false</Mandatory>
                  <Field>
                    <FieldDefinition>
                      <LengthValidator>
                        <MinLength>9</MinLength>
                        <MaxLength>9</MaxLength>
                      </LengthValidator>
                      <DataType>AN,9,9</DataType>
                      <FormatService>wm.b2b.edi.util.formatServices:formatAN</FormatService>
                      <AlternateName>Kunden-Nummer</AlternateName>
                      <Description>Ident-Nummer vom Absender für den Empfänger der Waren festgelegt; linksbündig eintragen.</Description>
                      <IDCode>612_06</IDCode>
                    </FieldDefinition>
                  </Field>
                  <FixedPositionExtractor>
                    <StartPos>14</StartPos>
                    <EndPos>23</EndPos>
                  </FixedPositionExtractor>
                </FieldUsage>
              </RecordElement>
              <RecordElement>
                <FieldUsage>
                  <FieldName>61207</FieldName>
                  <Mandatory>false</Mandatory>
                  <Field>
                    <FieldDefinition>
                      <LengthValidator>
                        <MinLength>9</MinLength>
                        <MaxLength>9</MaxLength>
                      </LengthValidator>
                      <DataType>AN,9,9</DataType>
                      <FormatService>wm.b2b.edi.util.formatServices:formatAN</FormatService>
                      <AlternateName>Order/Produktionsauftrags-Nummer</AlternateName>
                      <Description>Identnummer, die der Hersteller für einen Kundenauftrag vergibt, oder die Produktionsauftrags-Nummer linksbündig eintragen.</Description>
                      <IDCode>612_07</IDCode>
                    </FieldDefinition>
                  </Field>
                  <FixedPositionExtractor>
                    <StartPos>23</StartPos>
                    <EndPos>32</EndPos>
                  </FixedPositionExtractor>
                </FieldUsage>
              </RecordElement>
              <RecordElement>
                <FieldUsage>
                  <FieldName>61208</FieldName>
                  <Mandatory>false</Mandatory>
                  <Field>
                    <FieldDefinition>
                      <LengthValidator>
                        <MinLength>17</MinLength>
                        <MaxLength>17</MaxLength>
                      </LengthValidator>
                      <DataType>AN,17,17</DataType>
                      <FormatService>wm.b2b.edi.util.formatServices:formatAN</FormatService>
                      <AlternateName>Fahrgestell-Nummer</AlternateName>
                      <Description>Identnummer, die der Hersteller einem Kraftfahrzeug zuteilt. Sobald die Fahrgestell-Nummer vorliegt, muß sie eingetragen werden. Linksbündig eintragen.</Description>
                      <IDCode>612_08</IDCode>
                    </FieldDefinition>
                  </Field>
                  <FixedPositionExtractor>
                    <StartPos>32</StartPos>
                    <EndPos>49</EndPos>
                  </FixedPositionExtractor>
                </FieldUsage>
              </RecordElement>
              <RecordElement>
                <FieldUsage>
                  <FieldName>61209</FieldName>
                  <Mandatory>false</Mandatory>
                  <Field>
                    <FieldDefinition>
                      <LengthValidator>
                        <MinLength>9</MinLength>
                        <MaxLength>9</MaxLength>
                      </LengthValidator>
                      <DataType>AN,9,9</DataType>
                      <FormatService>wm.b2b.edi.util.formatServices:formatAN</FormatService>
                      <AlternateName>Modell/Typ</AlternateName>
                      <Description>Schlüssel vom Hersteller definiert, linksbündig eintragen.</Description>
                      <IDCode>612_09</IDCode>
                    </FieldDefinition>
                  </Field>
                  <FixedPositionExtractor>
                    <StartPos>49</StartPos>
                    <EndPos>58</EndPos>
                  </FixedPositionExtractor>
                </FieldUsage>
              </RecordElement>
              <RecordElement>
                <FieldUsage>
                  <FieldName>61210</FieldName>
                  <Mandatory>false</Mandatory>
                  <Field>
                    <FieldDefinition>
                      <LengthValidator>
                        <MinLength>8</MinLength>
                        <MaxLength>8</MaxLength>
                      </LengthValidator>
                      <DataType>AN,8,8</DataType>
                      <FormatService>wm.b2b.edi.util.formatServices:formatAN</FormatService>
                      <AlternateName>Farbangabe</AlternateName>
                      <Description>Schlüssel vom Hersteller definiert, linksbündig eintragen.</Description>
                      <IDCode>612_10</IDCode>
                    </FieldDefinition>
                  </Field>
                  <FixedPositionExtractor>
                    <StartPos>58</StartPos>
                    <EndPos>66</EndPos>
                  </FixedPositionExtractor>
                </FieldUsage>
              </RecordElement>
              <RecordElement>
                <FieldUsage>
                  <FieldName>61211</FieldName>
                  <Mandatory>false</Mandatory>
                  <Field>
                    <FieldDefinition>
                      <LengthValidator>
                        <MinLength>8</MinLength>
                        <MaxLength>8</MaxLength>
                      </LengthValidator>
                      <DataType>AN,8,8</DataType>
                      <FormatService>wm.b2b.edi.util.formatServices:formatAN</FormatService>
                      <AlternateName>Mehrausstattung</AlternateName>
                      <Description>Schlüssel vom Hersteller definiert, enthält Mehrausstattungsteile, die vom Spediteur eine gesonderte Behandlung erfordern (Diebstahlgefährdung, Sportausführung).</Description>
                      <IDCode>612_11</IDCode>
                    </FieldDefinition>
                  </Field>
                  <FixedPositionExtractor>
                    <StartPos>66</StartPos>
                    <EndPos>74</EndPos>
                  </FixedPositionExtractor>
                </FieldUsage>
              </RecordElement>
              <RecordElement>
                <FieldUsage>
                  <FieldName>61212</FieldName>
                  <Mandatory>false</Mandatory>
                  <Field>
                    <FieldDefinition>
                      <LengthValidator>
                        <MinLength>5</MinLength>
                        <MaxLength>5</MaxLength>
                      </LengthValidator>
                      <DataType>AN,5,5</DataType>
                      <FormatService>wm.b2b.edi.util.formatServices:formatAN</FormatService>
                      <AlternateName>Fahrzeugeigengewicht</AlternateName>
                      <Description>Angabe in kg, rechtsbündig eintragen, mit führenden Nullen, ohne Dezimalstelle.</Description>
                      <IDCode>612_12</IDCode>
                    </FieldDefinition>
                  </Field>
                  <FixedPositionExtractor>
                    <StartPos>74</StartPos>
                    <EndPos>79</EndPos>
                  </FixedPositionExtractor>
                </FieldUsage>
              </RecordElement>
              <RecordElement>
                <FieldUsage>
                  <FieldName>61213</FieldName>
                  <Mandatory>false</Mandatory>
                  <Field>
                    <FieldDefinition>
                      <LengthValidator>
                        <MinLength>8</MinLength>
                        <MaxLength>8</MaxLength>
                      </LengthValidator>
                      <DataType>AN,8,8</DataType>
                      <FormatService>wm.b2b.edi.util.formatServices:formatAN</FormatService>
                      <AlternateName>Rechnungsnummer</AlternateName>
                      <Description>Identnummer, die der Lieferant einer von ihm erstellten Handels-Rechnung zuteilt, rechtsbündig eintragen.</Description>
                      <IDCode>612_13</IDCode>
                    </FieldDefinition>
                  </Field>
                  <FixedPositionExtractor>
                    <StartPos>79</StartPos>
                    <EndPos>87</EndPos>
                  </FixedPositionExtractor>
                </FieldUsage>
              </RecordElement>
              <RecordElement>
                <FieldUsage>
                  <FieldName>61214</FieldName>
                  <Mandatory>false</Mandatory>
                  <Field>
                    <FieldDefinition>
                      <LengthValidator>
                        <MinLength>6</MinLength>
                        <MaxLength>6</MaxLength>
                      </LengthValidator>
                      <DataType>N0,6,6</DataType>
                      <FormatService>wm.b2b.edi.util.formatServices:formatN0</FormatService>
                      <AlternateName>Rechnungsdatum</AlternateName>
                      <Description>
Format:
JJMMTT
                      </Description>
                      <IDCode>612_14</IDCode>
                    </FieldDefinition>
                  </Field>
                  <FixedPositionExtractor>
                    <StartPos>87</StartPos>
                    <EndPos>93</EndPos>
                  </FixedPositionExtractor>
                </FieldUsage>
              </RecordElement>
              <RecordElement>
                <FieldUsage>
                  <FieldName>61215</FieldName>
                  <Mandatory>false</Mandatory>
                  <Field>
                    <FieldDefinition>
                      <LengthValidator>
                        <MinLength>9</MinLength>
                        <MaxLength>9</MaxLength>
                      </LengthValidator>
                      <DataType>N0,9,9</DataType>
                      <FormatService>wm.b2b.edi.util.formatServices:formatN0</FormatService>
                      <AlternateName>Rechnungsendwert</AlternateName>
                      <Description>Preis des gesamten Fahrzeugs</Description>
                      <IDCode>612_15</IDCode>
                    </FieldDefinition>
                  </Field>
                  <FixedPositionExtractor>
                    <StartPos>93</StartPos>
                    <EndPos>102</EndPos>
                  </FixedPositionExtractor>
                </FieldUsage>
              </RecordElement>
              <RecordElement>
                <FieldUsage>
                  <FieldName>61216</FieldName>
                  <Mandatory>false</Mandatory>
                  <Field>
                    <FieldDefinition>
                      <LengthValidator>
                        <MinLength>26</MinLength>
                        <MaxLength>26</MaxLength>
                      </LengthValidator>
                      <DataType>AN,26,26</DataType>
                      <FormatService>wm.b2b.edi.util.formatServices:formatAN</FormatService>
                      <AlternateName>Leer</AlternateName>
                      <Description>Reservestellen mit BLANKS gefüllt.</Description>
                      <IDCode>612_16</IDCode>
                    </FieldDefinition>
                  </Field>
                  <FixedPositionExtractor>
                    <StartPos>102</StartPos>
                    <EndPos>128</EndPos>
                  </FixedPositionExtractor>
                </FieldUsage>
              </RecordElement>
              <AlternateName></AlternateName>
              <Description></Description>
            </RecordDefinition>
          </Record>
        </RecordUsage>
        <RecordStructure>
          <Ordered>true</Ordered>
          <RecordUsage>
            <RecordId>613</RecordId>
            <Mandatory>true</Mandatory>
            <MaxOccur>1</MaxOccur>
            <AllowUndefinedData>true</AllowUndefinedData>
            <Position>NoPosition</Position>
            <AreaId>NoArea</AreaId>
            <Record>
              <RecordDefinition>
                <CheckFields>false</CheckFields>
                <RecordElement>
                  <FieldUsage>
                    <FieldName>61301</FieldName>
                    <Mandatory>true</Mandatory>
                    <Field>
                      <FieldDefinition>
                        <LengthValidator>
                          <MinLength>3</MinLength>
                          <MaxLength>3</MaxLength>
                        </LengthValidator>
                        <DataType>N0,3,3</DataType>
                        <FormatService>wm.b2b.edi.util.formatServices:formatN0</FormatService>
                        <AlternateName>Satzart</AlternateName>
                        <Description>Konstant "613" muß immer der Satzart "612" folgen.</Description>
                        <IDCode>613_01</IDCode>
                      </FieldDefinition>
                    </Field>
                    <FixedPositionExtractor>
                      <StartPos>0</StartPos>
                      <EndPos>3</EndPos>
                    </FixedPositionExtractor>
                  </FieldUsage>
                </RecordElement>
                <RecordElement>
                  <FieldUsage>
                    <FieldName>61302</FieldName>
                    <Mandatory>true</Mandatory>
                    <Field>
                      <FieldDefinition>
                        <CodeListValidator>
                          <CodeList>01</CodeList>
                        </CodeListValidator>
                        <DataType>N0,2,2</DataType>
                        <FormatService>wm.b2b.edi.util.formatServices:formatN0</FormatService>
                        <AlternateName>Versions-Nummer</AlternateName>
                        <Description>Kennzeichnung der Aktualität einer Satzart, siehe Satzart 611.</Description>
                        <IDCode>613_02</IDCode>
                      </FieldDefinition>
                    </Field>
                    <FixedPositionExtractor>
                      <StartPos>3</StartPos>
                      <EndPos>5</EndPos>
                    </FixedPositionExtractor>
                  </FieldUsage>
                </RecordElement>
                <RecordElement>
                  <FieldUsage>
                    <FieldName>61303</FieldName>
                    <Mandatory>true</Mandatory>
                    <Field>
                      <FieldDefinition>
                        <LengthValidator>
                          <MinLength>9</MinLength>
                          <MaxLength>9</MaxLength>
                        </LengthValidator>
                        <DataType>AN,9,9</DataType>
                        <FormatService>wm.b2b.edi.util.formatServices:formatAN</FormatService>
                        <AlternateName>Auslieferungsort</AlternateName>
                        <Description>Schlüssel wie beim Hersteller geführt.</Description>
                        <IDCode>613_03</IDCode>
                      </FieldDefinition>
                    </Field>
                    <FixedPositionExtractor>
                      <StartPos>5</StartPos>
                      <EndPos>14</EndPos>
                    </FixedPositionExtractor>
                  </FieldUsage>
                </RecordElement>
                <RecordElement>
                  <FieldUsage>
                    <FieldName>61304</FieldName>
                    <Mandatory>true</Mandatory>
                    <Field>
                      <FieldDefinition>
                        <LengthValidator>
                          <MinLength>9</MinLength>
                          <MaxLength>9</MaxLength>
                        </LengthValidator>
                        <DataType>AN,9,9</DataType>
                        <FormatService>wm.b2b.edi.util.formatServices:formatAN</FormatService>
                        <AlternateName>Anlieferungsort</AlternateName>
                        <Description>Ort- oder Warenempfänger-Nummer, Schlüssel wie beim Hersteller geführt. Falls "SO" (special order) und nachfolgende special order-Nummer, dann SA 614 beachten, die auf Pos. 03 entsprechende special order-Nummer enthält.</Description>
                        <IDCode>613_04</IDCode>
                      </FieldDefinition>
                    </Field>
                    <FixedPositionExtractor>
                      <StartPos>14</StartPos>
                      <EndPos>23</EndPos>
                    </FixedPositionExtractor>
                  </FieldUsage>
                </RecordElement>
                <RecordElement>
                  <FieldUsage>
                    <FieldName>61305</FieldName>
                    <Mandatory>false</Mandatory>
                    <Field>
                      <FieldDefinition>
                        <LengthValidator>
                          <MinLength>3</MinLength>
                          <MaxLength>3</MaxLength>
                        </LengthValidator>
                        <DataType>AN,3,3</DataType>
                        <FormatService>wm.b2b.edi.util.formatServices:formatAN</FormatService>
                        <AlternateName>Fahrgebiet</AlternateName>
                        <Description>Schlüssel kann von Hersteller individuell festgelegt werden, linksbündig eintragen.</Description>
                        <IDCode>613_05</IDCode>
                      </FieldDefinition>
                    </Field>
                    <FixedPositionExtractor>
                      <StartPos>23</StartPos>
                      <EndPos>26</EndPos>
                    </FixedPositionExtractor>
                  </FieldUsage>
                </RecordElement>
                <RecordElement>
                  <FieldUsage>
                    <FieldName>61306</FieldName>
                    <Mandatory>false</Mandatory>
                    <Field>
                      <FieldDefinition>
                        <LengthValidator>
                          <MinLength>4</MinLength>
                          <MaxLength>4</MaxLength>
                        </LengthValidator>
                        <DataType>N0,4,4</DataType>
                        <FormatService>wm.b2b.edi.util.formatServices:formatN0</FormatService>
                        <AlternateName>Bereitstellungszeit</AlternateName>
                        <Description>
Format:
HHMM
                        </Description>
                        <IDCode>613_06</IDCode>
                      </FieldDefinition>
                    </Field>
                    <FixedPositionExtractor>
                      <StartPos>26</StartPos>
                      <EndPos>30</EndPos>
                    </FixedPositionExtractor>
                  </FieldUsage>
                </RecordElement>
                <RecordElement>
                  <FieldUsage>
                    <FieldName>61307</FieldName>
                    <Mandatory>false</Mandatory>
                    <Field>
                      <FieldDefinition>
                        <LengthValidator>
                          <MinLength>2</MinLength>
                          <MaxLength>2</MaxLength>
                        </LengthValidator>
                        <DataType>AN,2,2</DataType>
                        <FormatService>wm.b2b.edi.util.formatServices:formatAN</FormatService>
                        <AlternateName>Transportmittel-Schlüsssel</AlternateName>
                        <Description></Description>
                        <IDCode>613_07</IDCode>
                      </FieldDefinition>
                    </Field>
                    <FixedPositionExtractor>
                      <StartPos>30</StartPos>
                      <EndPos>32</EndPos>
                    </FixedPositionExtractor>
                  </FieldUsage>
                </RecordElement>
                <RecordElement>
                  <FieldUsage>
                    <FieldName>61308</FieldName>
                    <Mandatory>false</Mandatory>
                    <Field>
                      <FieldDefinition>
                        <LengthValidator>
                          <MinLength>25</MinLength>
                          <MaxLength>25</MaxLength>
                        </LengthValidator>
                        <DataType>AN,25,25</DataType>
                        <FormatService>wm.b2b.edi.util.formatServices:formatAN</FormatService>
                        <AlternateName>Transportmittel-Nummer</AlternateName>
                        <Description>Angabe der näheren Bezeichnung oder Nummer für das im vorstehenden Feld genannte Transportmittel.</Description>
                        <IDCode>613_08</IDCode>
                      </FieldDefinition>
                    </Field>
                    <FixedPositionExtractor>
                      <StartPos>32</StartPos>
                      <EndPos>57</EndPos>
                    </FixedPositionExtractor>
                  </FieldUsage>
                </RecordElement>
                <RecordElement>
                  <FieldUsage>
                    <FieldName>61309</FieldName>
                    <Mandatory>false</Mandatory>
                    <Field>
                      <FieldDefinition>
                        <LengthValidator>
                          <MinLength>2</MinLength>
                          <MaxLength>2</MaxLength>
                        </LengthValidator>
                        <DataType>AN,2,2</DataType>
                        <FormatService>wm.b2b.edi.util.formatServices:formatAN</FormatService>
                        <AlternateName>Ladepostition</AlternateName>
                        <Description>Schlüssel wie beim Hersteller geführt.</Description>
                        <IDCode>613_09</IDCode>
                      </FieldDefinition>
                    </Field>
                    <FixedPositionExtractor>
                      <StartPos>57</StartPos>
                      <EndPos>59</EndPos>
                    </FixedPositionExtractor>
                  </FieldUsage>
                </RecordElement>
                <RecordElement>
                  <FieldUsage>
                    <FieldName>61310</FieldName>
                    <Mandatory>false</Mandatory>
                    <Field>
                      <FieldDefinition>
                        <LengthValidator>
                          <MinLength>4</MinLength>
                          <MaxLength>4</MaxLength>
                        </LengthValidator>
                        <DataType>AN,4,4</DataType>
                        <FormatService>wm.b2b.edi.util.formatServices:formatAN</FormatService>
                        <AlternateName>Schadens-Schlüssel</AlternateName>
                        <Description>Schlüssel wie beim Hersteller geführt.</Description>
                        <IDCode>613_10</IDCode>
                      </FieldDefinition>
                    </Field>
                    <FixedPositionExtractor>
                      <StartPos>59</StartPos>
                      <EndPos>63</EndPos>
                    </FixedPositionExtractor>
                  </FieldUsage>
                </RecordElement>
                <RecordElement>
                  <FieldUsage>
                    <FieldName>61311</FieldName>
                    <Mandatory>false</Mandatory>
                    <Field>
                      <FieldDefinition>
                        <LengthValidator>
                          <MinLength>2</MinLength>
                          <MaxLength>2</MaxLength>
                        </LengthValidator>
                        <DataType>AN,2,2</DataType>
                        <FormatService>wm.b2b.edi.util.formatServices:formatAN</FormatService>
                        <AlternateName>Besondere Verfügung</AlternateName>
                        <Description>Schlüssel je Hersteller festzulegen.</Description>
                        <IDCode>613_11</IDCode>
                      </FieldDefinition>
                    </Field>
                    <FixedPositionExtractor>
                      <StartPos>63</StartPos>
                      <EndPos>65</EndPos>
                    </FixedPositionExtractor>
                  </FieldUsage>
                </RecordElement>
                <RecordElement>
                  <FieldUsage>
                    <FieldName>61312</FieldName>
                    <Mandatory>false</Mandatory>
                    <Field>
                      <FieldDefinition>
                        <LengthValidator>
                          <MinLength>6</MinLength>
                          <MaxLength>6</MaxLength>
                        </LengthValidator>
                        <DataType>N0,6,6</DataType>
                        <FormatService>wm.b2b.edi.util.formatServices:formatN0</FormatService>
                        <AlternateName>Besondere Verfügung Datum</AlternateName>
                        <Description>
Datum entsprechend der Bedeutung im Feld "Besondere Verfügung"

Format:
JJMMTT
                        </Description>
                        <IDCode>613_12</IDCode>
                      </FieldDefinition>
                    </Field>
                    <FixedPositionExtractor>
                      <StartPos>65</StartPos>
                      <EndPos>71</EndPos>
                    </FixedPositionExtractor>
                  </FieldUsage>
                </RecordElement>
                <RecordElement>
                  <FieldUsage>
                    <FieldName>61313</FieldName>
                    <Mandatory>false</Mandatory>
                    <Field>
                      <FieldDefinition>
                        <LengthValidator>
                          <MinLength>57</MinLength>
                          <MaxLength>57</MaxLength>
                        </LengthValidator>
                        <DataType>AN,57,57</DataType>
                        <FormatService>wm.b2b.edi.util.formatServices:formatAN</FormatService>
                        <AlternateName>Leer</AlternateName>
                        <Description>Reservestellen, mit BLANKS gefüllt.</Description>
                        <IDCode>613_13</IDCode>
                      </FieldDefinition>
                    </Field>
                    <FixedPositionExtractor>
                      <StartPos>71</StartPos>
                      <EndPos>128</EndPos>
                    </FixedPositionExtractor>
                  </FieldUsage>
                </RecordElement>
                <AlternateName></AlternateName>
                <Description></Description>
              </RecordDefinition>
            </Record>
          </RecordUsage>
        </RecordStructure>
        <RecordStructure>
          <Ordered>true</Ordered>
          <RecordUsage>
            <RecordId>614</RecordId>
            <Mandatory>false</Mandatory>
            <MaxOccur>1</MaxOccur>
            <AllowUndefinedData>true</AllowUndefinedData>
            <Position>NoPosition</Position>
            <AreaId>NoArea</AreaId>
            <Record>
              <RecordDefinition>
                <CheckFields>false</CheckFields>
                <RecordElement>
                  <FieldUsage>
                    <FieldName>61401</FieldName>
                    <Mandatory>true</Mandatory>
                    <Field>
                      <FieldDefinition>
                        <LengthValidator>
                          <MinLength>3</MinLength>
                          <MaxLength>3</MaxLength>
                        </LengthValidator>
                        <DataType>N0,3,3</DataType>
                        <FormatService>wm.b2b.edi.util.formatServices:formatN0</FormatService>
                        <AlternateName>Satzart</AlternateName>
                        <Description>Konstant "614"</Description>
                        <IDCode>614_01</IDCode>
                      </FieldDefinition>
                    </Field>
                    <FixedPositionExtractor>
                      <StartPos>0</StartPos>
                      <EndPos>3</EndPos>
                    </FixedPositionExtractor>
                  </FieldUsage>
                </RecordElement>
                <RecordElement>
                  <FieldUsage>
                    <FieldName>61402</FieldName>
                    <Mandatory>true</Mandatory>
                    <Field>
                      <FieldDefinition>
                        <CodeListValidator>
                          <CodeList>01</CodeList>
                        </CodeListValidator>
                        <DataType>N0,2,2</DataType>
                        <FormatService>wm.b2b.edi.util.formatServices:formatN0</FormatService>
                        <AlternateName>Versions-Nummer</AlternateName>
                        <Description>Aktualität einer Satzart, siehe Satzart 611.</Description>
                        <IDCode>614_02</IDCode>
                      </FieldDefinition>
                    </Field>
                    <FixedPositionExtractor>
                      <StartPos>3</StartPos>
                      <EndPos>5</EndPos>
                    </FixedPositionExtractor>
                  </FieldUsage>
                </RecordElement>
                <RecordElement>
                  <FieldUsage>
                    <FieldName>61403</FieldName>
                    <Mandatory>true</Mandatory>
                    <Field>
                      <FieldDefinition>
                        <LengthValidator>
                          <MinLength>7</MinLength>
                          <MaxLength>7</MaxLength>
                        </LengthValidator>
                        <DataType>AN,7,7</DataType>
                        <FormatService>wm.b2b.edi.util.formatServices:formatAN</FormatService>
                        <AlternateName>Special order-Nummer</AlternateName>
                        <Description>Für alle Fahrzeuge, die in SA 613 im Feld Anlieferungsort diese special order-Nummer enthalten, gilt der im folgenden Feld benannte Anlieferungsort, linksbündig eintragen.</Description>
                        <IDCode>614_03</IDCode>
                      </FieldDefinition>
                    </Field>
                    <FixedPositionExtractor>
                      <StartPos>5</StartPos>
                      <EndPos>12</EndPos>
                    </FixedPositionExtractor>
                  </FieldUsage>
                </RecordElement>
                <RecordElement>
                  <FieldUsage>
                    <FieldName>61404</FieldName>
                    <Mandatory>false</Mandatory>
                    <Field>
                      <FieldDefinition>
                        <LengthValidator>
                          <MinLength>116</MinLength>
                          <MaxLength>116</MaxLength>
                        </LengthValidator>
                        <DataType>AN,116,116</DataType>
                        <FormatService>wm.b2b.edi.util.formatServices:formatAN</FormatService>
                        <AlternateName>Anlieferungsort</AlternateName>
                        <Description>Verbale Beschreibung des Anlieferungsortes, linksbündig eintragen.</Description>
                        <IDCode>614_04</IDCode>
                      </FieldDefinition>
                    </Field>
                    <FixedPositionExtractor>
                      <StartPos>12</StartPos>
                      <EndPos>128</EndPos>
                    </FixedPositionExtractor>
                  </FieldUsage>
                </RecordElement>
                <AlternateName>Lieferanschriftsatz</AlternateName>
                <Description>enthält "special order" zu Pos.04 SA 613</Description>
              </RecordDefinition>
            </Record>
          </RecordUsage>
        </RecordStructure>
      </RecordStructure>
      <RecordStructure>
        <Ordered>true</Ordered>
        <RecordUsage>
          <RecordId>619</RecordId>
          <Mandatory>true</Mandatory>
          <MaxOccur>1</MaxOccur>
          <AllowUndefinedData>true</AllowUndefinedData>
          <Position>NoPosition</Position>
          <AreaId>NoArea</AreaId>
          <Record>
            <RecordDefinition>
              <CheckFields>false</CheckFields>
              <RecordElement>
                <FieldUsage>
                  <FieldName>61901</FieldName>
                  <Mandatory>true</Mandatory>
                  <Field>
                    <FieldDefinition>
                      <LengthValidator>
                        <MinLength>3</MinLength>
                        <MaxLength>3</MaxLength>
                      </LengthValidator>
                      <DataType>N0,3,3</DataType>
                      <FormatService>wm.b2b.edi.util.formatServices:formatN0</FormatService>
                      <AlternateName>Satzart</AlternateName>
                      <Description>Konstant "619"</Description>
                      <IDCode>619_01</IDCode>
                    </FieldDefinition>
                  </Field>
                  <FixedPositionExtractor>
                    <StartPos>0</StartPos>
                    <EndPos>3</EndPos>
                  </FixedPositionExtractor>
                </FieldUsage>
              </RecordElement>
              <RecordElement>
                <FieldUsage>
                  <FieldName>61902</FieldName>
                  <Mandatory>true</Mandatory>
                  <Field>
                    <FieldDefinition>
                      <CodeListValidator>
                        <CodeList>01</CodeList>
                      </CodeListValidator>
                      <DataType>N0,2,2</DataType>
                      <FormatService>wm.b2b.edi.util.formatServices:formatN0</FormatService>
                      <AlternateName>Versions-Nummer</AlternateName>
                      <Description>Aktualität einer Satzart, siehe Satzart 611.</Description>
                      <IDCode>619_02</IDCode>
                    </FieldDefinition>
                  </Field>
                  <FixedPositionExtractor>
                    <StartPos>3</StartPos>
                    <EndPos>5</EndPos>
                  </FixedPositionExtractor>
                </FieldUsage>
              </RecordElement>
              <RecordElement>
                <FieldUsage>
                  <FieldName>61903</FieldName>
                  <Mandatory>true</Mandatory>
                  <Field>
                    <FieldDefinition>
                      <LengthValidator>
                        <MinLength>7</MinLength>
                        <MaxLength>7</MaxLength>
                      </LengthValidator>
                      <DataType>N0,7,7</DataType>
                      <FormatService>wm.b2b.edi.util.formatServices:formatN0</FormatService>
                      <AlternateName>Zähler Satzart 611</AlternateName>
                      <Description>Anzahl übertragene Sätze der Satzart 611; rechtsbündig mit führenden Nullen, keine Dezimalstelle.</Description>
                      <IDCode>619_03</IDCode>
                    </FieldDefinition>
                  </Field>
                  <FixedPositionExtractor>
                    <StartPos>5</StartPos>
                    <EndPos>12</EndPos>
                  </FixedPositionExtractor>
                </FieldUsage>
              </RecordElement>
              <RecordElement>
                <FieldUsage>
                  <FieldName>61904</FieldName>
                  <Mandatory>true</Mandatory>
                  <Field>
                    <FieldDefinition>
                      <LengthValidator>
                        <MinLength>7</MinLength>
                        <MaxLength>7</MaxLength>
                      </LengthValidator>
                      <DataType>N0,7,7</DataType>
                      <FormatService>wm.b2b.edi.util.formatServices:formatN0</FormatService>
                      <AlternateName>Zähler Satzart 612</AlternateName>
                      <Description>Anzahl übertragene Sätze der Satzart 612; rechtsbündig mit führenden Nullen, keine Dezimalstelle.</Description>
                      <IDCode>619_04</IDCode>
                    </FieldDefinition>
                  </Field>
                  <FixedPositionExtractor>
                    <StartPos>12</StartPos>
                    <EndPos>19</EndPos>
                  </FixedPositionExtractor>
                </FieldUsage>
              </RecordElement>
              <RecordElement>
                <FieldUsage>
                  <FieldName>61905</FieldName>
                  <Mandatory>true</Mandatory>
                  <Field>
                    <FieldDefinition>
                      <LengthValidator>
                        <MinLength>7</MinLength>
                        <MaxLength>7</MaxLength>
                      </LengthValidator>
                      <DataType>N0,7,7</DataType>
                      <FormatService>wm.b2b.edi.util.formatServices:formatN0</FormatService>
                      <AlternateName>Zähler Satzart 613</AlternateName>
                      <Description>Anzahl übertragene Sätze der Satzart 613; rechtsbündig mit führenden Nullen, keine Dezimalstelle.</Description>
                      <IDCode>619_05</IDCode>
                    </FieldDefinition>
                  </Field>
                  <FixedPositionExtractor>
                    <StartPos>19</StartPos>
                    <EndPos>26</EndPos>
                  </FixedPositionExtractor>
                </FieldUsage>
              </RecordElement>
              <RecordElement>
                <FieldUsage>
                  <FieldName>61906</FieldName>
                  <Mandatory>true</Mandatory>
                  <Field>
                    <FieldDefinition>
                      <LengthValidator>
                        <MinLength>7</MinLength>
                        <MaxLength>7</MaxLength>
                      </LengthValidator>
                      <DataType>N0,7,7</DataType>
                      <FormatService>wm.b2b.edi.util.formatServices:formatN0</FormatService>
                      <AlternateName>Zähler Satzart 614</AlternateName>
                      <Description>Anzahl übertragene Sätze der Satzart 614; rechtsbündig mit führenden Nullen, keine Dezimalstelle.</Description>
                      <IDCode>619_06</IDCode>
                    </FieldDefinition>
                  </Field>
                  <FixedPositionExtractor>
                    <StartPos>26</StartPos>
                    <EndPos>33</EndPos>
                  </FixedPositionExtractor>
                </FieldUsage>
              </RecordElement>
              <RecordElement>
                <FieldUsage>
                  <FieldName>61907</FieldName>
                  <Mandatory>true</Mandatory>
                  <Field>
                    <FieldDefinition>
                      <LengthValidator>
                        <MinLength>7</MinLength>
                        <MaxLength>7</MaxLength>
                      </LengthValidator>
                      <DataType>N0,7,7</DataType>
                      <FormatService>wm.b2b.edi.util.formatServices:formatN0</FormatService>
                      <AlternateName>Zähler Satzart 619</AlternateName>
                      <Description>Anzahl übertragene Sätze der Satzart 619; rechtsbündig mit führenden Nullen, keine Dezimalstelle.</Description>
                      <IDCode>619_07</IDCode>
                    </FieldDefinition>
                  </Field>
                  <FixedPositionExtractor>
                    <StartPos>33</StartPos>
                    <EndPos>40</EndPos>
                  </FixedPositionExtractor>
                </FieldUsage>
              </RecordElement>
              <RecordElement>
                <FieldUsage>
                  <FieldName>61908</FieldName>
                  <Mandatory>false</Mandatory>
                  <Field>
                    <FieldDefinition>
                      <LengthValidator>
                        <MinLength>88</MinLength>
                        <MaxLength>88</MaxLength>
                      </LengthValidator>
                      <DataType>AN,88,88</DataType>
                      <FormatService>wm.b2b.edi.util.formatServices:formatAN</FormatService>
                      <AlternateName>Leer</AlternateName>
                      <Description>Reservestellen, mit BLANKS gefüllt.</Description>
                      <IDCode>619_08</IDCode>
                    </FieldDefinition>
                  </Field>
                  <FixedPositionExtractor>
                    <StartPos>40</StartPos>
                    <EndPos>128</EndPos>
                  </FixedPositionExtractor>
                </FieldUsage>
              </RecordElement>
              <AlternateName></AlternateName>
              <Description></Description>
            </RecordDefinition>
          </Record>
        </RecordUsage>
      </RecordStructure>
    </RecordStructure>
  </DocumentStructure>
  <RecordParser>
    <FixedLengthParser>
      <RecordLength>128</RecordLength>
    </FixedLengthParser>
  </RecordParser>
  <RecordIdentifier>
    <FixedPositionIdentifier>
      <StartPos>0</StartPos>
    </FixedPositionIdentifier>
  </RecordIdentifier>
  <UndefinedDataAllowed>false</UndefinedDataAllowed>
  <Description></Description>
</FFSchema>
