<?xml version="1.0" encoding="UTF-8"?>
<!-- automatically generated by GEFEG.FX -->
<!-- http://www.gefeg.com -->
<FFSchema>
  <Delimiters/>
  <DocumentStructure>
    <Ordered>true</Ordered>
    <RecordStructure>
      <Ordered>true</Ordered>
      <RecordUsage>
        <RecordId>631</RecordId>
        <Mandatory>true</Mandatory>
        <MaxOccur>1</MaxOccur>
        <AllowUndefinedData>true</AllowUndefinedData>
        <Position>NoPosition</Position>
        <AreaId>NoArea</AreaId>
        <Record>
          <RecordDefinition>
            <CheckFields>false</CheckFields>
            <RecordElement>
              <FieldUsage>
                <FieldName>63101</FieldName>
                <Mandatory>true</Mandatory>
                <Field>
                  <FieldDefinition>
                    <LengthValidator>
                      <MinLength>3</MinLength>
                      <MaxLength>3</MaxLength>
                    </LengthValidator>
                    <DataType>N0,3,3</DataType>
                    <FormatService>wm.b2b.edi.util.formatServices:formatN0</FormatService>
                    <AlternateName>Satzart</AlternateName>
                    <Description>Konstant "631" muß einmal je DFÜ-Lauf  vorhanden sein, sonst erfolgt keine Verarbeitung.</Description>
                    <IDCode>631_01</IDCode>
                  </FieldDefinition>
                </Field>
                <FixedPositionExtractor>
                  <StartPos>0</StartPos>
                  <EndPos>3</EndPos>
                </FixedPositionExtractor>
              </FieldUsage>
            </RecordElement>
            <RecordElement>
              <FieldUsage>
                <FieldName>63102</FieldName>
                <Mandatory>true</Mandatory>
                <Field>
                  <FieldDefinition>
                    <CodeListValidator>
                      <CodeList>01</CodeList>
                    </CodeListValidator>
                    <DataType>N0,2,2</DataType>
                    <FormatService>wm.b2b.edi.util.formatServices:formatN0</FormatService>
                    <AlternateName>Versions-Nummer</AlternateName>
                    <Description>Kennzeichnung der Aktualität einer Satzart</Description>
                    <IDCode>631_02</IDCode>
                  </FieldDefinition>
                </Field>
                <FixedPositionExtractor>
                  <StartPos>3</StartPos>
                  <EndPos>5</EndPos>
                </FixedPositionExtractor>
              </FieldUsage>
            </RecordElement>
            <RecordElement>
              <FieldUsage>
                <FieldName>63103</FieldName>
                <Mandatory>true</Mandatory>
                <Field>
                  <FieldDefinition>
                    <LengthValidator>
                      <MinLength>9</MinLength>
                      <MaxLength>9</MaxLength>
                    </LengthValidator>
                    <DataType>AN,9,9</DataType>
                    <FormatService>wm.b2b.edi.util.formatServices:formatAN</FormatService>
                    <AlternateName>Identnummer-Empfänger</AlternateName>
                    <Description>Identnummer vom Absender für den Empfänger festgelegt; linksbündig eintragen</Description>
                    <IDCode>631_03</IDCode>
                  </FieldDefinition>
                </Field>
                <FixedPositionExtractor>
                  <StartPos>5</StartPos>
                  <EndPos>14</EndPos>
                </FixedPositionExtractor>
              </FieldUsage>
            </RecordElement>
            <RecordElement>
              <FieldUsage>
                <FieldName>63104</FieldName>
                <Mandatory>true</Mandatory>
                <Field>
                  <FieldDefinition>
                    <LengthValidator>
                      <MinLength>9</MinLength>
                      <MaxLength>9</MaxLength>
                    </LengthValidator>
                    <DataType>AN,9,9</DataType>
                    <FormatService>wm.b2b.edi.util.formatServices:formatAN</FormatService>
                    <AlternateName>Identnummer-Sender</AlternateName>
                    <Description>Identnummer vom Empfänger für den Absender festgelegt; linksbündig eintragen.</Description>
                    <IDCode>631_04</IDCode>
                  </FieldDefinition>
                </Field>
                <FixedPositionExtractor>
                  <StartPos>14</StartPos>
                  <EndPos>23</EndPos>
                </FixedPositionExtractor>
              </FieldUsage>
            </RecordElement>
            <RecordElement>
              <FieldUsage>
                <FieldName>63105</FieldName>
                <Mandatory>true</Mandatory>
                <Field>
                  <FieldDefinition>
                    <LengthValidator>
                      <MinLength>5</MinLength>
                      <MaxLength>5</MaxLength>
                    </LengthValidator>
                    <DataType>N0,5,5</DataType>
                    <FormatService>wm.b2b.edi.util.formatServices:formatN0</FormatService>
                    <AlternateName>Übertragungs-Nummer Alt</AlternateName>
                    <Description>
Siehe Übertragungsnummer Neu.
Beim ersten Lauf ist Übertragungs-Nummer-Alt = Übertrags-Nummer Neu.
Rechtsbündig eintragen, mit führenden Nullen, keine Dezimalstellen.
                    </Description>
                    <IDCode>631_05</IDCode>
                  </FieldDefinition>
                </Field>
                <FixedPositionExtractor>
                  <StartPos>23</StartPos>
                  <EndPos>28</EndPos>
                </FixedPositionExtractor>
              </FieldUsage>
            </RecordElement>
            <RecordElement>
              <FieldUsage>
                <FieldName>63106</FieldName>
                <Mandatory>true</Mandatory>
                <Field>
                  <FieldDefinition>
                    <LengthValidator>
                      <MinLength>5</MinLength>
                      <MaxLength>5</MaxLength>
                    </LengthValidator>
                    <DataType>N0,5,5</DataType>
                    <FormatService>wm.b2b.edi.util.formatServices:formatN0</FormatService>
                    <AlternateName>Übertragungs-Nummer Neu</AlternateName>
                    <Description>
Der Absender vergibt  für jeden DFÜ-Lauf eine Übertragsnummer. Absender und Empfänger bewahren diese Nummer pro Sachgebiet/Anwendung bis zur nächsten Übertragung dieses Sachgebiets auf. Da der Absender jeweils zu der neuen Übertragungs-Nummer auch die des vorausgegangenen DFÜ-Laufs innerhalb dieses Sachgebietes angibt, kann der Empfänger die Vollständigkeit der DFÜ-Datenbestände je Sachgebiet kontrollieren. Daher ist keine lückenlos aufsteigende Reihenfolge erforderlich.
Rechtsbündig eintragen mit führenden Nullen, keine Dezimalstelle.
Beispiele für Eintragungen in den beiden Übertragungs-Nummern:
Vorgang    Nummer    Nummer
           'Alt'     'Neu'
Start:     00000     00001
oder       00000     00017
Routine:   00019     00020
oder       88051     88061
Überlauf:  99999     00001
oder       89361     00011
                    </Description>
                    <IDCode>631_06</IDCode>
                  </FieldDefinition>
                </Field>
                <FixedPositionExtractor>
                  <StartPos>28</StartPos>
                  <EndPos>33</EndPos>
                </FixedPositionExtractor>
              </FieldUsage>
            </RecordElement>
            <RecordElement>
              <FieldUsage>
                <FieldName>63107</FieldName>
                <Mandatory>true</Mandatory>
                <Field>
                  <FieldDefinition>
                    <LengthValidator>
                      <MinLength>6</MinLength>
                      <MaxLength>6</MaxLength>
                    </LengthValidator>
                    <DataType>N0,6,6</DataType>
                    <FormatService>wm.b2b.edi.util.formatServices:formatN0</FormatService>
                    <AlternateName>Übertragungs-Datum</AlternateName>
                    <Description>
Format:
JJMMTT
                    </Description>
                    <IDCode>631_07</IDCode>
                  </FieldDefinition>
                </Field>
                <FixedPositionExtractor>
                  <StartPos>33</StartPos>
                  <EndPos>39</EndPos>
                </FixedPositionExtractor>
              </FieldUsage>
            </RecordElement>
            <RecordElement>
              <FieldUsage>
                <FieldName>63108</FieldName>
                <Mandatory>true</Mandatory>
                <Field>
                  <FieldDefinition>
                    <LengthValidator>
                      <MinLength>4</MinLength>
                      <MaxLength>4</MaxLength>
                    </LengthValidator>
                    <DataType>N0,4,4</DataType>
                    <FormatService>wm.b2b.edi.util.formatServices:formatN0</FormatService>
                    <AlternateName>Übertragungs-Zeitpunkt</AlternateName>
                    <Description>
Format:
HHMM
                    </Description>
                    <IDCode>631_08</IDCode>
                  </FieldDefinition>
                </Field>
                <FixedPositionExtractor>
                  <StartPos>39</StartPos>
                  <EndPos>43</EndPos>
                </FixedPositionExtractor>
              </FieldUsage>
            </RecordElement>
            <RecordElement>
              <FieldUsage>
                <FieldName>63109</FieldName>
                <Mandatory>false</Mandatory>
                <Field>
                  <FieldDefinition>
                    <LengthValidator>
                      <MinLength>85</MinLength>
                      <MaxLength>85</MaxLength>
                    </LengthValidator>
                    <DataType>AN,85,85</DataType>
                    <FormatService>wm.b2b.edi.util.formatServices:formatAN</FormatService>
                    <AlternateName>Leer</AlternateName>
                    <Description>Reservestellen, miit BLANKS gefüllt</Description>
                    <IDCode>631_09</IDCode>
                  </FieldDefinition>
                </Field>
                <FixedPositionExtractor>
                  <StartPos>43</StartPos>
                  <EndPos>128</EndPos>
                </FixedPositionExtractor>
              </FieldUsage>
            </RecordElement>
            <AlternateName></AlternateName>
            <Description></Description>
          </RecordDefinition>
        </Record>
      </RecordUsage>
      <RecordStructure>
        <Ordered>true</Ordered>
        <RecordUsage>
          <RecordId>632</RecordId>
          <Mandatory>true</Mandatory>
          <MaxOccur>9999999</MaxOccur>
          <AllowUndefinedData>true</AllowUndefinedData>
          <Position>NoPosition</Position>
          <AreaId>NoArea</AreaId>
          <Record>
            <RecordDefinition>
              <CheckFields>false</CheckFields>
              <RecordElement>
                <FieldUsage>
                  <FieldName>63201</FieldName>
                  <Mandatory>true</Mandatory>
                  <Field>
                    <FieldDefinition>
                      <LengthValidator>
                        <MinLength>3</MinLength>
                        <MaxLength>3</MaxLength>
                      </LengthValidator>
                      <DataType>N0,3,3</DataType>
                      <FormatService>wm.b2b.edi.util.formatServices:formatN0</FormatService>
                      <AlternateName>Satzart</AlternateName>
                      <Description>Konstant "632"</Description>
                      <IDCode>632_01</IDCode>
                    </FieldDefinition>
                  </Field>
                  <FixedPositionExtractor>
                    <StartPos>0</StartPos>
                    <EndPos>3</EndPos>
                  </FixedPositionExtractor>
                </FieldUsage>
              </RecordElement>
              <RecordElement>
                <FieldUsage>
                  <FieldName>63202</FieldName>
                  <Mandatory>true</Mandatory>
                  <Field>
                    <FieldDefinition>
                      <CodeListValidator>
                        <CodeList>01</CodeList>
                      </CodeListValidator>
                      <DataType>N0,2,2</DataType>
                      <FormatService>wm.b2b.edi.util.formatServices:formatN0</FormatService>
                      <AlternateName>Versions-Nummer</AlternateName>
                      <Description>Aktualität dieser Satzart</Description>
                      <IDCode>632_02</IDCode>
                    </FieldDefinition>
                  </Field>
                  <FixedPositionExtractor>
                    <StartPos>3</StartPos>
                    <EndPos>5</EndPos>
                  </FixedPositionExtractor>
                </FieldUsage>
              </RecordElement>
              <RecordElement>
                <FieldUsage>
                  <FieldName>63203</FieldName>
                  <Mandatory>true</Mandatory>
                  <Field>
                    <FieldDefinition>
                      <LengthValidator>
                        <MinLength>1</MinLength>
                        <MaxLength>1</MaxLength>
                      </LengthValidator>
                      <DataType>AN,1,1</DataType>
                      <FormatService>wm.b2b.edi.util.formatServices:formatAN</FormatService>
                      <AlternateName>Meldungsart</AlternateName>
                      <Description>Siehe Codeliste 01.</Description>
                      <IDCode>632_03</IDCode>
                    </FieldDefinition>
                  </Field>
                  <FixedPositionExtractor>
                    <StartPos>5</StartPos>
                    <EndPos>6</EndPos>
                  </FixedPositionExtractor>
                </FieldUsage>
              </RecordElement>
              <RecordElement>
                <FieldUsage>
                  <FieldName>63204</FieldName>
                  <Mandatory>true</Mandatory>
                  <Field>
                    <FieldDefinition>
                      <LengthValidator>
                        <MinLength>9</MinLength>
                        <MaxLength>9</MaxLength>
                      </LengthValidator>
                      <DataType>AN,9,9</DataType>
                      <FormatService>wm.b2b.edi.util.formatServices:formatAN</FormatService>
                      <AlternateName>Auslieferungsort</AlternateName>
                      <Description>Postleitzahl/ Ortsname oder Schlüssel von wo abgeholt wurde; linksbündig eintragen.</Description>
                      <IDCode>632_04</IDCode>
                    </FieldDefinition>
                  </Field>
                  <FixedPositionExtractor>
                    <StartPos>6</StartPos>
                    <EndPos>15</EndPos>
                  </FixedPositionExtractor>
                </FieldUsage>
              </RecordElement>
              <RecordElement>
                <FieldUsage>
                  <FieldName>63205</FieldName>
                  <Mandatory>false</Mandatory>
                  <Field>
                    <FieldDefinition>
                      <LengthValidator>
                        <MinLength>9</MinLength>
                        <MaxLength>9</MaxLength>
                      </LengthValidator>
                      <DataType>AN,9,9</DataType>
                      <FormatService>wm.b2b.edi.util.formatServices:formatAN</FormatService>
                      <AlternateName>Anlieferungsort</AlternateName>
                      <Description>Postleitzahl/ Ortsname/ Warenempfang oder Schlüssel wohin geliefert wird; linksbündig eintragen.</Description>
                      <IDCode>632_05</IDCode>
                    </FieldDefinition>
                  </Field>
                  <FixedPositionExtractor>
                    <StartPos>15</StartPos>
                    <EndPos>24</EndPos>
                  </FixedPositionExtractor>
                </FieldUsage>
              </RecordElement>
              <RecordElement>
                <FieldUsage>
                  <FieldName>63206</FieldName>
                  <Mandatory>true</Mandatory>
                  <Field>
                    <FieldDefinition>
                      <LengthValidator>
                        <MinLength>6</MinLength>
                        <MaxLength>6</MaxLength>
                      </LengthValidator>
                      <DataType>N0,6,6</DataType>
                      <FormatService>wm.b2b.edi.util.formatServices:formatN0</FormatService>
                      <AlternateName>Datum</AlternateName>
                      <Description>
Datum der Auslieferung

Format:
JJMMTT
                      </Description>
                      <IDCode>632_06</IDCode>
                    </FieldDefinition>
                  </Field>
                  <FixedPositionExtractor>
                    <StartPos>24</StartPos>
                    <EndPos>30</EndPos>
                  </FixedPositionExtractor>
                </FieldUsage>
              </RecordElement>
              <RecordElement>
                <FieldUsage>
                  <FieldName>63207</FieldName>
                  <Mandatory>true</Mandatory>
                  <Field>
                    <FieldDefinition>
                      <LengthValidator>
                        <MinLength>4</MinLength>
                        <MaxLength>4</MaxLength>
                      </LengthValidator>
                      <DataType>N0,4,4</DataType>
                      <FormatService>wm.b2b.edi.util.formatServices:formatN0</FormatService>
                      <AlternateName>Auslieferungszeit</AlternateName>
                      <Description>
Format:
HHMM
                      </Description>
                      <IDCode>632_07</IDCode>
                    </FieldDefinition>
                  </Field>
                  <FixedPositionExtractor>
                    <StartPos>30</StartPos>
                    <EndPos>34</EndPos>
                  </FixedPositionExtractor>
                </FieldUsage>
              </RecordElement>
              <RecordElement>
                <FieldUsage>
                  <FieldName>63208</FieldName>
                  <Mandatory>true</Mandatory>
                  <Field>
                    <FieldDefinition>
                      <LengthValidator>
                        <MinLength>17</MinLength>
                        <MaxLength>17</MaxLength>
                      </LengthValidator>
                      <DataType>AN,17,17</DataType>
                      <FormatService>wm.b2b.edi.util.formatServices:formatAN</FormatService>
                      <AlternateName>Fahrgestellnummer</AlternateName>
                      <Description>Identnummer wie in SA 612</Description>
                      <IDCode>632_08</IDCode>
                    </FieldDefinition>
                  </Field>
                  <FixedPositionExtractor>
                    <StartPos>34</StartPos>
                    <EndPos>51</EndPos>
                  </FixedPositionExtractor>
                </FieldUsage>
              </RecordElement>
              <RecordElement>
                <FieldUsage>
                  <FieldName>63209</FieldName>
                  <Mandatory>false</Mandatory>
                  <Field>
                    <FieldDefinition>
                      <LengthValidator>
                        <MinLength>2</MinLength>
                        <MaxLength>2</MaxLength>
                      </LengthValidator>
                      <DataType>AN,2,2</DataType>
                      <FormatService>wm.b2b.edi.util.formatServices:formatAN</FormatService>
                      <AlternateName>Transportmittel-Schlüssel</AlternateName>
                      <Description>Siehe Codeliste 02.</Description>
                      <IDCode>632_09</IDCode>
                    </FieldDefinition>
                  </Field>
                  <FixedPositionExtractor>
                    <StartPos>51</StartPos>
                    <EndPos>53</EndPos>
                  </FixedPositionExtractor>
                </FieldUsage>
              </RecordElement>
              <RecordElement>
                <FieldUsage>
                  <FieldName>63210</FieldName>
                  <Mandatory>false</Mandatory>
                  <Field>
                    <FieldDefinition>
                      <LengthValidator>
                        <MinLength>25</MinLength>
                        <MaxLength>25</MaxLength>
                      </LengthValidator>
                      <DataType>AN,25,25</DataType>
                      <FormatService>wm.b2b.edi.util.formatServices:formatAN</FormatService>
                      <AlternateName>Transportmittel-Nummer</AlternateName>
                      <Description>Nr. von in Pos. 08 angegebenen Transportmittel.</Description>
                      <IDCode>632_10</IDCode>
                    </FieldDefinition>
                  </Field>
                  <FixedPositionExtractor>
                    <StartPos>53</StartPos>
                    <EndPos>78</EndPos>
                  </FixedPositionExtractor>
                </FieldUsage>
              </RecordElement>
              <RecordElement>
                <FieldUsage>
                  <FieldName>63211</FieldName>
                  <Mandatory>false</Mandatory>
                  <Field>
                    <FieldDefinition>
                      <LengthValidator>
                        <MinLength>2</MinLength>
                        <MaxLength>2</MaxLength>
                      </LengthValidator>
                      <DataType>AN,2,2</DataType>
                      <FormatService>wm.b2b.edi.util.formatServices:formatAN</FormatService>
                      <AlternateName>Ladepostition</AlternateName>
                      <Description>Schlüssel wie beim Hersteller geführt.</Description>
                      <IDCode>632_11</IDCode>
                    </FieldDefinition>
                  </Field>
                  <FixedPositionExtractor>
                    <StartPos>78</StartPos>
                    <EndPos>80</EndPos>
                  </FixedPositionExtractor>
                </FieldUsage>
              </RecordElement>
              <RecordElement>
                <FieldUsage>
                  <FieldName>63212</FieldName>
                  <Mandatory>false</Mandatory>
                  <Field>
                    <FieldDefinition>
                      <LengthValidator>
                        <MinLength>4</MinLength>
                        <MaxLength>4</MaxLength>
                      </LengthValidator>
                      <DataType>AN,4,4</DataType>
                      <FormatService>wm.b2b.edi.util.formatServices:formatAN</FormatService>
                      <AlternateName>Schadens-Schlüssel</AlternateName>
                      <Description>Schlüssel wie beim Hersteller geführt.</Description>
                      <IDCode>632_12</IDCode>
                    </FieldDefinition>
                  </Field>
                  <FixedPositionExtractor>
                    <StartPos>80</StartPos>
                    <EndPos>84</EndPos>
                  </FixedPositionExtractor>
                </FieldUsage>
              </RecordElement>
              <RecordElement>
                <FieldUsage>
                  <FieldName>63213</FieldName>
                  <Mandatory>false</Mandatory>
                  <Field>
                    <FieldDefinition>
                      <LengthValidator>
                        <MinLength>6</MinLength>
                        <MaxLength>6</MaxLength>
                      </LengthValidator>
                      <DataType>N0,6,6</DataType>
                      <FormatService>wm.b2b.edi.util.formatServices:formatN0</FormatService>
                      <AlternateName>Eintreff-Datum-Plan</AlternateName>
                      <Description>
Datum des voraussichtlichen Eintreffs

Format:
JJMMTT
                      </Description>
                      <IDCode>632_13</IDCode>
                    </FieldDefinition>
                  </Field>
                  <FixedPositionExtractor>
                    <StartPos>84</StartPos>
                    <EndPos>90</EndPos>
                  </FixedPositionExtractor>
                </FieldUsage>
              </RecordElement>
              <RecordElement>
                <FieldUsage>
                  <FieldName>63214</FieldName>
                  <Mandatory>false</Mandatory>
                  <Field>
                    <FieldDefinition>
                      <LengthValidator>
                        <MinLength>2</MinLength>
                        <MaxLength>2</MaxLength>
                      </LengthValidator>
                      <DataType>AN,2,2</DataType>
                      <FormatService>wm.b2b.edi.util.formatServices:formatAN</FormatService>
                      <AlternateName>Bestätigung der besonderen Verfügung</AlternateName>
                      <Description>Falls besondere Verfügung von Satzart 613, Pos. II erfüllt, hier gleichen Code einsetzen.</Description>
                      <IDCode>632_14</IDCode>
                    </FieldDefinition>
                  </Field>
                  <FixedPositionExtractor>
                    <StartPos>90</StartPos>
                    <EndPos>92</EndPos>
                  </FixedPositionExtractor>
                </FieldUsage>
              </RecordElement>
              <RecordElement>
                <FieldUsage>
                  <FieldName>63215</FieldName>
                  <Mandatory>false</Mandatory>
                  <Field>
                    <FieldDefinition>
                      <LengthValidator>
                        <MinLength>36</MinLength>
                        <MaxLength>36</MaxLength>
                      </LengthValidator>
                      <DataType>AN,36,36</DataType>
                      <FormatService>wm.b2b.edi.util.formatServices:formatAN</FormatService>
                      <AlternateName>Leer</AlternateName>
                      <Description>Reservestellen, mit BLANKS gefüllt.</Description>
                      <IDCode>632_15</IDCode>
                    </FieldDefinition>
                  </Field>
                  <FixedPositionExtractor>
                    <StartPos>92</StartPos>
                    <EndPos>128</EndPos>
                  </FixedPositionExtractor>
                </FieldUsage>
              </RecordElement>
              <AlternateName></AlternateName>
              <Description></Description>
            </RecordDefinition>
          </Record>
        </RecordUsage>
      </RecordStructure>
      <RecordStructure>
        <Ordered>true</Ordered>
        <RecordUsage>
          <RecordId>639</RecordId>
          <Mandatory>true</Mandatory>
          <MaxOccur>1</MaxOccur>
          <AllowUndefinedData>true</AllowUndefinedData>
          <Position>NoPosition</Position>
          <AreaId>NoArea</AreaId>
          <Record>
            <RecordDefinition>
              <CheckFields>false</CheckFields>
              <RecordElement>
                <FieldUsage>
                  <FieldName>63901</FieldName>
                  <Mandatory>true</Mandatory>
                  <Field>
                    <FieldDefinition>
                      <LengthValidator>
                        <MinLength>3</MinLength>
                        <MaxLength>3</MaxLength>
                      </LengthValidator>
                      <DataType>N0,3,3</DataType>
                      <FormatService>wm.b2b.edi.util.formatServices:formatN0</FormatService>
                      <AlternateName>Satzart</AlternateName>
                      <Description>Konstant "639"</Description>
                      <IDCode>639_01</IDCode>
                    </FieldDefinition>
                  </Field>
                  <FixedPositionExtractor>
                    <StartPos>0</StartPos>
                    <EndPos>3</EndPos>
                  </FixedPositionExtractor>
                </FieldUsage>
              </RecordElement>
              <RecordElement>
                <FieldUsage>
                  <FieldName>63902</FieldName>
                  <Mandatory>true</Mandatory>
                  <Field>
                    <FieldDefinition>
                      <CodeListValidator>
                        <CodeList>01</CodeList>
                      </CodeListValidator>
                      <DataType>N0,2,2</DataType>
                      <FormatService>wm.b2b.edi.util.formatServices:formatN0</FormatService>
                      <AlternateName>Versions-Nummer</AlternateName>
                      <Description>Aktualität dieser Satzart.</Description>
                      <IDCode>639_02</IDCode>
                    </FieldDefinition>
                  </Field>
                  <FixedPositionExtractor>
                    <StartPos>3</StartPos>
                    <EndPos>5</EndPos>
                  </FixedPositionExtractor>
                </FieldUsage>
              </RecordElement>
              <RecordElement>
                <FieldUsage>
                  <FieldName>63903</FieldName>
                  <Mandatory>true</Mandatory>
                  <Field>
                    <FieldDefinition>
                      <LengthValidator>
                        <MinLength>7</MinLength>
                        <MaxLength>7</MaxLength>
                      </LengthValidator>
                      <DataType>N0,7,7</DataType>
                      <FormatService>wm.b2b.edi.util.formatServices:formatN0</FormatService>
                      <AlternateName>Zähler Satzart 631</AlternateName>
                      <Description>Anzahl übertragene Sätze der Satzart 631; rechtsbündig mit führenden Nullen, keine Dezimalstelle.</Description>
                      <IDCode>639_03</IDCode>
                    </FieldDefinition>
                  </Field>
                  <FixedPositionExtractor>
                    <StartPos>5</StartPos>
                    <EndPos>12</EndPos>
                  </FixedPositionExtractor>
                </FieldUsage>
              </RecordElement>
              <RecordElement>
                <FieldUsage>
                  <FieldName>63904</FieldName>
                  <Mandatory>true</Mandatory>
                  <Field>
                    <FieldDefinition>
                      <LengthValidator>
                        <MinLength>7</MinLength>
                        <MaxLength>7</MaxLength>
                      </LengthValidator>
                      <DataType>N0,7,7</DataType>
                      <FormatService>wm.b2b.edi.util.formatServices:formatN0</FormatService>
                      <AlternateName>Zähler Satzart 632</AlternateName>
                      <Description>Anzahl übertragene Sätze der Satzart 632; rechtsbündig mit führenden Nullen, keine Dezimalstelle.</Description>
                      <IDCode>639_04</IDCode>
                    </FieldDefinition>
                  </Field>
                  <FixedPositionExtractor>
                    <StartPos>12</StartPos>
                    <EndPos>19</EndPos>
                  </FixedPositionExtractor>
                </FieldUsage>
              </RecordElement>
              <RecordElement>
                <FieldUsage>
                  <FieldName>63905</FieldName>
                  <Mandatory>true</Mandatory>
                  <Field>
                    <FieldDefinition>
                      <LengthValidator>
                        <MinLength>7</MinLength>
                        <MaxLength>7</MaxLength>
                      </LengthValidator>
                      <DataType>N0,7,7</DataType>
                      <FormatService>wm.b2b.edi.util.formatServices:formatN0</FormatService>
                      <AlternateName>Zähler Satzart 639</AlternateName>
                      <Description>Anzahl übertragene Sätze der Satzart 639; rechtsbündig mit führenden Nullen, keine Dezimalstelle.</Description>
                      <IDCode>639_05</IDCode>
                    </FieldDefinition>
                  </Field>
                  <FixedPositionExtractor>
                    <StartPos>19</StartPos>
                    <EndPos>26</EndPos>
                  </FixedPositionExtractor>
                </FieldUsage>
              </RecordElement>
              <RecordElement>
                <FieldUsage>
                  <FieldName>63906</FieldName>
                  <Mandatory>false</Mandatory>
                  <Field>
                    <FieldDefinition>
                      <LengthValidator>
                        <MinLength>102</MinLength>
                        <MaxLength>102</MaxLength>
                      </LengthValidator>
                      <DataType>AN,102,102</DataType>
                      <FormatService>wm.b2b.edi.util.formatServices:formatAN</FormatService>
                      <AlternateName>Leer</AlternateName>
                      <Description>Reservestellen, mit BLANKS gefüllt.</Description>
                      <IDCode>639_06</IDCode>
                    </FieldDefinition>
                  </Field>
                  <FixedPositionExtractor>
                    <StartPos>26</StartPos>
                    <EndPos>128</EndPos>
                  </FixedPositionExtractor>
                </FieldUsage>
              </RecordElement>
              <AlternateName></AlternateName>
              <Description></Description>
            </RecordDefinition>
          </Record>
        </RecordUsage>
      </RecordStructure>
    </RecordStructure>
  </DocumentStructure>
  <RecordParser>
    <FixedLengthParser>
      <RecordLength>128</RecordLength>
    </FixedLengthParser>
  </RecordParser>
  <RecordIdentifier>
    <FixedPositionIdentifier>
      <StartPos>0</StartPos>
    </FixedPositionIdentifier>
  </RecordIdentifier>
  <UndefinedDataAllowed>false</UndefinedDataAllowed>
  <Description></Description>
</FFSchema>
