<?xml version="1.0" encoding="UTF-8"?>
<!-- automatically generated by GEFEG.FX -->
<!-- http://www.gefeg.com -->
<FFSchema>
  <Delimiters/>
  <DocumentStructure>
    <Ordered>true</Ordered>
    <RecordStructure>
      <Ordered>true</Ordered>
      <RecordUsage>
        <RecordId>751</RecordId>
        <Mandatory>true</Mandatory>
        <MaxOccur>1</MaxOccur>
        <AllowUndefinedData>true</AllowUndefinedData>
        <Position>NoPosition</Position>
        <AreaId>NoArea</AreaId>
        <Record>
          <RecordDefinition>
            <CheckFields>false</CheckFields>
            <RecordElement>
              <FieldUsage>
                <FieldName>75101</FieldName>
                <Mandatory>true</Mandatory>
                <Field>
                  <FieldDefinition>
                    <LengthValidator>
                      <MinLength>3</MinLength>
                      <MaxLength>3</MaxLength>
                    </LengthValidator>
                    <DataType>N0,3,3</DataType>
                    <FormatService>wm.b2b.edi.util.formatServices:formatN0</FormatService>
                    <AlternateName>Satzart</AlternateName>
                    <Description>
Konstant "751"
Muß einmal je DFÜ-Lauf vorhanden sein, sonst erfolgt keine Verarbeitung.
                    </Description>
                    <IDCode>751_01</IDCode>
                  </FieldDefinition>
                </Field>
                <FixedPositionExtractor>
                  <StartPos>0</StartPos>
                  <EndPos>3</EndPos>
                </FixedPositionExtractor>
              </FieldUsage>
            </RecordElement>
            <RecordElement>
              <FieldUsage>
                <FieldName>75102</FieldName>
                <Mandatory>true</Mandatory>
                <Field>
                  <FieldDefinition>
                    <LengthValidator>
                      <MinLength>2</MinLength>
                      <MaxLength>2</MaxLength>
                    </LengthValidator>
                    <DataType>N0,2,2</DataType>
                    <FormatService>wm.b2b.edi.util.formatServices:formatN0</FormatService>
                    <AlternateName>Versions-Nummer</AlternateName>
                    <Description>
Kennzeichnung der Aktualität einer Satzart. Wird je Satzart lückenlos aufsteigend geführt und nach jeder vom VDA-AK "Vordruckwesen/Datenaustausch" beschlossenen Änderung einer Satzart jeweils um 1 erhöht.
Zulässig: 01-99.
Dokumentierte Version: "01"
                    </Description>
                    <IDCode>751_02</IDCode>
                  </FieldDefinition>
                </Field>
                <FixedPositionExtractor>
                  <StartPos>3</StartPos>
                  <EndPos>5</EndPos>
                </FixedPositionExtractor>
              </FieldUsage>
            </RecordElement>
            <RecordElement>
              <FieldUsage>
                <FieldName>75103</FieldName>
                <Mandatory>true</Mandatory>
                <Field>
                  <FieldDefinition>
                    <LengthValidator>
                      <MinLength>9</MinLength>
                      <MaxLength>9</MaxLength>
                    </LengthValidator>
                    <DataType>AN,9,9</DataType>
                    <FormatService>wm.b2b.edi.util.formatServices:formatAN</FormatService>
                    <AlternateName>Daten-Empfänger-Nummer</AlternateName>
                    <Description>
Ident-Nummer, die der Daten-Empfänger mit dem Daten-Sender vereinbart. Alle Daten einer Satzsstruktur, die das Feld Daten-Empfänger-Nummer enthalten, unterliegen dem Datenschutz.
Linksbündiger Eintrag.
                    </Description>
                    <IDCode>751_03</IDCode>
                  </FieldDefinition>
                </Field>
                <FixedPositionExtractor>
                  <StartPos>5</StartPos>
                  <EndPos>14</EndPos>
                </FixedPositionExtractor>
              </FieldUsage>
            </RecordElement>
            <RecordElement>
              <FieldUsage>
                <FieldName>75104</FieldName>
                <Mandatory>true</Mandatory>
                <Field>
                  <FieldDefinition>
                    <LengthValidator>
                      <MinLength>9</MinLength>
                      <MaxLength>9</MaxLength>
                    </LengthValidator>
                    <DataType>AN,9,9</DataType>
                    <FormatService>wm.b2b.edi.util.formatServices:formatAN</FormatService>
                    <AlternateName>Daten-Sender-Nummer</AlternateName>
                    <Description>
Ident-Nummer, die der Daten-Empfänger mit dem Datensender vereinbart. Alle Daten einer Satzstruktur, die das Feld Daten-Sender-Nummer enthalten, unterliegen dem Datenschutz.
Linksbündiger Eintrag.
                    </Description>
                    <IDCode>751_04</IDCode>
                  </FieldDefinition>
                </Field>
                <FixedPositionExtractor>
                  <StartPos>14</StartPos>
                  <EndPos>23</EndPos>
                </FixedPositionExtractor>
              </FieldUsage>
            </RecordElement>
            <RecordElement>
              <FieldUsage>
                <FieldName>75105</FieldName>
                <Mandatory>true</Mandatory>
                <Field>
                  <FieldDefinition>
                    <LengthValidator>
                      <MinLength>5</MinLength>
                      <MaxLength>5</MaxLength>
                    </LengthValidator>
                    <DataType>N0,5,5</DataType>
                    <FormatService>wm.b2b.edi.util.formatServices:formatN0</FormatService>
                    <AlternateName>Übertragungs-Nummer-Alt</AlternateName>
                    <Description>
Rechtsbündiger Eintrag mit führenden Nullen.
Keine Dezimalstelle.
Siehe Übertragungs-Nummer-Neu.
Bei der ersten Übertragung ist die Übertragungs-Nummer-Alt = Übertragungs-Nummer-Neu.
                    </Description>
                    <IDCode>751_05</IDCode>
                  </FieldDefinition>
                </Field>
                <FixedPositionExtractor>
                  <StartPos>23</StartPos>
                  <EndPos>28</EndPos>
                </FixedPositionExtractor>
              </FieldUsage>
            </RecordElement>
            <RecordElement>
              <FieldUsage>
                <FieldName>75106</FieldName>
                <Mandatory>true</Mandatory>
                <Field>
                  <FieldDefinition>
                    <LengthValidator>
                      <MinLength>5</MinLength>
                      <MaxLength>5</MaxLength>
                    </LengthValidator>
                    <DataType>N0,5,5</DataType>
                    <FormatService>wm.b2b.edi.util.formatServices:formatN0</FormatService>
                    <AlternateName>Übertragungs-Nummer-Neu</AlternateName>
                    <Description>
Der Datenersteller vergibt für jeden DFÜ-Lauf eine Übertragungs-Nummer. Datenersteller und Datenempfänger bewahren diese Nummer pro Sachgebiet bis zur nächsten Übertragung desselben Sachgebietes auf. Da der Datenersteller jeweils zu der neuen Übertragungs-Nummer auch die des vorausgegangenen DFÜ-Laufs innerhalb dieses Sachgebietes angibt, kann der Empfänger die Vollständigkeit der DFÜ-Datenbestände je Sachgebiet kontrollieren. Daher ist keine lückenlos aufsteigende Reihenfolge erforderlich.
Rechtsbündiger Eintrag mit führenden Nullen
Keine Dezimalstelle.
                    </Description>
                    <IDCode>751_06</IDCode>
                  </FieldDefinition>
                </Field>
                <FixedPositionExtractor>
                  <StartPos>28</StartPos>
                  <EndPos>33</EndPos>
                </FixedPositionExtractor>
              </FieldUsage>
            </RecordElement>
            <RecordElement>
              <FieldUsage>
                <FieldName>75107</FieldName>
                <Mandatory>true</Mandatory>
                <Field>
                  <FieldDefinition>
                    <LengthValidator>
                      <MinLength>6</MinLength>
                      <MaxLength>6</MaxLength>
                    </LengthValidator>
                    <DataType>N0,6,6</DataType>
                    <FormatService>wm.b2b.edi.util.formatServices:formatN0</FormatService>
                    <AlternateName>Übertragungs-Datum</AlternateName>
                    <Description>
Format:
JJMMTT
                    </Description>
                    <IDCode>751_07</IDCode>
                  </FieldDefinition>
                </Field>
                <FixedPositionExtractor>
                  <StartPos>33</StartPos>
                  <EndPos>39</EndPos>
                </FixedPositionExtractor>
              </FieldUsage>
            </RecordElement>
            <RecordElement>
              <FieldUsage>
                <FieldName>75108</FieldName>
                <Mandatory>false</Mandatory>
                <Field>
                  <FieldDefinition>
                    <LengthValidator>
                      <MinLength>89</MinLength>
                      <MaxLength>89</MaxLength>
                    </LengthValidator>
                    <DataType>AN,89,89</DataType>
                    <FormatService>wm.b2b.edi.util.formatServices:formatAN</FormatService>
                    <AlternateName>Leer</AlternateName>
                    <Description>mit BLANKS gefüllt</Description>
                    <IDCode>751_08</IDCode>
                  </FieldDefinition>
                </Field>
                <FixedPositionExtractor>
                  <StartPos>39</StartPos>
                  <EndPos>128</EndPos>
                </FixedPositionExtractor>
              </FieldUsage>
            </RecordElement>
            <AlternateName></AlternateName>
            <Description></Description>
          </RecordDefinition>
        </Record>
      </RecordUsage>
      <RecordStructure>
        <Ordered>true</Ordered>
        <RecordUsage>
          <RecordId>752</RecordId>
          <Mandatory>true</Mandatory>
          <MaxOccur>9999999</MaxOccur>
          <AllowUndefinedData>true</AllowUndefinedData>
          <Position>NoPosition</Position>
          <AreaId>NoArea</AreaId>
          <Record>
            <RecordDefinition>
              <CheckFields>false</CheckFields>
              <RecordElement>
                <FieldUsage>
                  <FieldName>75201</FieldName>
                  <Mandatory>true</Mandatory>
                  <Field>
                    <FieldDefinition>
                      <LengthValidator>
                        <MinLength>3</MinLength>
                        <MaxLength>3</MaxLength>
                      </LengthValidator>
                      <DataType>N0,3,3</DataType>
                      <FormatService>wm.b2b.edi.util.formatServices:formatN0</FormatService>
                      <AlternateName>Satzart</AlternateName>
                      <Description>Konstant "752"</Description>
                      <IDCode>752_01</IDCode>
                    </FieldDefinition>
                  </Field>
                  <FixedPositionExtractor>
                    <StartPos>0</StartPos>
                    <EndPos>3</EndPos>
                  </FixedPositionExtractor>
                </FieldUsage>
              </RecordElement>
              <RecordElement>
                <FieldUsage>
                  <FieldName>75202</FieldName>
                  <Mandatory>true</Mandatory>
                  <Field>
                    <FieldDefinition>
                      <LengthValidator>
                        <MinLength>2</MinLength>
                        <MaxLength>2</MaxLength>
                      </LengthValidator>
                      <DataType>N0,2,2</DataType>
                      <FormatService>wm.b2b.edi.util.formatServices:formatN0</FormatService>
                      <AlternateName>Versions-Nummer</AlternateName>
                      <Description>
Kennzeichnung der Aktualität einer Satzart.
Zulässig: 01-99.
Dokumentiert: "01".
                      </Description>
                      <IDCode>752_02</IDCode>
                    </FieldDefinition>
                  </Field>
                  <FixedPositionExtractor>
                    <StartPos>3</StartPos>
                    <EndPos>5</EndPos>
                  </FixedPositionExtractor>
                </FieldUsage>
              </RecordElement>
              <RecordElement>
                <FieldUsage>
                  <FieldName>75203</FieldName>
                  <Mandatory>true</Mandatory>
                  <Field>
                    <FieldDefinition>
                      <LengthValidator>
                        <MinLength>2</MinLength>
                        <MaxLength>2</MaxLength>
                      </LengthValidator>
                      <DataType>N0,2,2</DataType>
                      <FormatService>wm.b2b.edi.util.formatServices:formatN0</FormatService>
                      <AlternateName>Transportmittel-Schlüssel</AlternateName>
                      <Description>Verschlüsselte Form, siehe Codeliste 01.</Description>
                      <IDCode>752_03</IDCode>
                    </FieldDefinition>
                  </Field>
                  <FixedPositionExtractor>
                    <StartPos>5</StartPos>
                    <EndPos>7</EndPos>
                  </FixedPositionExtractor>
                </FieldUsage>
              </RecordElement>
              <RecordElement>
                <FieldUsage>
                  <FieldName>75204</FieldName>
                  <Mandatory>true</Mandatory>
                  <Field>
                    <FieldDefinition>
                      <LengthValidator>
                        <MinLength>25</MinLength>
                        <MaxLength>25</MaxLength>
                      </LengthValidator>
                      <DataType>AN,25,25</DataType>
                      <FormatService>wm.b2b.edi.util.formatServices:formatAN</FormatService>
                      <AlternateName>Transportmittel-Nummer</AlternateName>
                      <Description>
Angabe der näheren Bezeichnung oder Nummer für das in vorstehendem Feld genannte Transportmittel. Beispiel: Wenn der Transportmittel-Schlüssel "01" Kfz- lautet, muß hier das polizeiliche Kennzeichen der Zugmaschine und/oder Anhänger oder die Wechselbrücken-Nummer eingetragen werden.
Linksbündiger Eintrag.
Mehrere Kennzeichen durch BLANK trennen.
                      </Description>
                      <IDCode>752_04</IDCode>
                    </FieldDefinition>
                  </Field>
                  <FixedPositionExtractor>
                    <StartPos>7</StartPos>
                    <EndPos>32</EndPos>
                  </FixedPositionExtractor>
                </FieldUsage>
              </RecordElement>
              <RecordElement>
                <FieldUsage>
                  <FieldName>75205</FieldName>
                  <Mandatory>true</Mandatory>
                  <Field>
                    <FieldDefinition>
                      <LengthValidator>
                        <MinLength>17</MinLength>
                        <MaxLength>17</MaxLength>
                      </LengthValidator>
                      <DataType>AN,17,17</DataType>
                      <FormatService>wm.b2b.edi.util.formatServices:formatAN</FormatService>
                      <AlternateName>Bordero-Nummer</AlternateName>
                      <Description>
Ident-Nummer, die der Spediteur einem Bordero zuordnet. Das Bordero ist eine Zusammenstellung der von einem Spediteur für einen Warenempfänger gesammelten Einzelsendungen.
Linksbündiger Eintrag in Druckform.
                      </Description>
                      <IDCode>752_05</IDCode>
                    </FieldDefinition>
                  </Field>
                  <FixedPositionExtractor>
                    <StartPos>32</StartPos>
                    <EndPos>49</EndPos>
                  </FixedPositionExtractor>
                </FieldUsage>
              </RecordElement>
              <RecordElement>
                <FieldUsage>
                  <FieldName>75206</FieldName>
                  <Mandatory>true</Mandatory>
                  <Field>
                    <FieldDefinition>
                      <LengthValidator>
                        <MinLength>6</MinLength>
                        <MaxLength>6</MaxLength>
                      </LengthValidator>
                      <DataType>N0,6,6</DataType>
                      <FormatService>wm.b2b.edi.util.formatServices:formatN0</FormatService>
                      <AlternateName>Bordero-Datum</AlternateName>
                      <Description>
Format:
JJMMTT
                      </Description>
                      <IDCode>752_06</IDCode>
                    </FieldDefinition>
                  </Field>
                  <FixedPositionExtractor>
                    <StartPos>49</StartPos>
                    <EndPos>55</EndPos>
                  </FixedPositionExtractor>
                </FieldUsage>
              </RecordElement>
              <RecordElement>
                <FieldUsage>
                  <FieldName>75207</FieldName>
                  <Mandatory>true</Mandatory>
                  <Field>
                    <FieldDefinition>
                      <LengthValidator>
                        <MinLength>1</MinLength>
                        <MaxLength>1</MaxLength>
                      </LengthValidator>
                      <DataType>N0,1,1</DataType>
                      <FormatService>wm.b2b.edi.util.formatServices:formatN0</FormatService>
                      <AlternateName>Bordero-Korrektur-Schlüssel</AlternateName>
                      <Description>Verschlüsselte Form, siehe Codeliste 02.</Description>
                      <IDCode>752_07</IDCode>
                    </FieldDefinition>
                  </Field>
                  <FixedPositionExtractor>
                    <StartPos>55</StartPos>
                    <EndPos>56</EndPos>
                  </FixedPositionExtractor>
                </FieldUsage>
              </RecordElement>
              <RecordElement>
                <FieldUsage>
                  <FieldName>75208</FieldName>
                  <Mandatory>false</Mandatory>
                  <Field>
                    <FieldDefinition>
                      <LengthValidator>
                        <MinLength>8</MinLength>
                        <MaxLength>8</MaxLength>
                      </LengthValidator>
                      <DataType>AN,8,8</DataType>
                      <FormatService>wm.b2b.edi.util.formatServices:formatAN</FormatService>
                      <AlternateName>Sonder-Fahrt-Nr.</AlternateName>
                      <Description>
Vom Kunden vergebene Auftragsnummer zur Kennzeichnung einer Sonderfahrt mit Frachtberechnung.
Linksbündiger Eintrag.
                      </Description>
                      <IDCode>752_08</IDCode>
                    </FieldDefinition>
                  </Field>
                  <FixedPositionExtractor>
                    <StartPos>56</StartPos>
                    <EndPos>64</EndPos>
                  </FixedPositionExtractor>
                </FieldUsage>
              </RecordElement>
              <RecordElement>
                <FieldUsage>
                  <FieldName>75209</FieldName>
                  <Mandatory>false</Mandatory>
                  <Field>
                    <FieldDefinition>
                      <LengthValidator>
                        <MinLength>6</MinLength>
                        <MaxLength>6</MaxLength>
                      </LengthValidator>
                      <DataType>N0,6,6</DataType>
                      <FormatService>wm.b2b.edi.util.formatServices:formatN0</FormatService>
                      <AlternateName>Sendungs-Rauminhalt</AlternateName>
                      <Description>
Angabe der Kubikmeter, errechnet aus größter Länge, Breite und Höhe.
Rechtsbündiger Eintrag mit führenden Nullen.
Keine Dezimalstelle.
                      </Description>
                      <IDCode>752_09</IDCode>
                    </FieldDefinition>
                  </Field>
                  <FixedPositionExtractor>
                    <StartPos>64</StartPos>
                    <EndPos>70</EndPos>
                  </FixedPositionExtractor>
                </FieldUsage>
              </RecordElement>
              <RecordElement>
                <FieldUsage>
                  <FieldName>75210</FieldName>
                  <Mandatory>false</Mandatory>
                  <Field>
                    <FieldDefinition>
                      <LengthValidator>
                        <MinLength>12</MinLength>
                        <MaxLength>12</MaxLength>
                      </LengthValidator>
                      <DataType>N0,12,12</DataType>
                      <FormatService>wm.b2b.edi.util.formatServices:formatN0</FormatService>
                      <AlternateName>Sendungs-Lademeter</AlternateName>
                      <Description>
Angabe in m (Lademeter).
Rechtsbündiger Eintrag mit führenden Nullen.
Keine Dezimalstelle.
                      </Description>
                      <IDCode>752_10</IDCode>
                    </FieldDefinition>
                  </Field>
                  <FixedPositionExtractor>
                    <StartPos>70</StartPos>
                    <EndPos>82</EndPos>
                  </FixedPositionExtractor>
                </FieldUsage>
              </RecordElement>
              <RecordElement>
                <FieldUsage>
                  <FieldName>75211</FieldName>
                  <Mandatory>false</Mandatory>
                  <Field>
                    <FieldDefinition>
                      <LengthValidator>
                        <MinLength>46</MinLength>
                        <MaxLength>46</MaxLength>
                      </LengthValidator>
                      <DataType>AN,46,46</DataType>
                      <FormatService>wm.b2b.edi.util.formatServices:formatAN</FormatService>
                      <AlternateName>Leer</AlternateName>
                      <Description>mit Blanks gefüllt</Description>
                      <IDCode>752_11</IDCode>
                    </FieldDefinition>
                  </Field>
                  <FixedPositionExtractor>
                    <StartPos>82</StartPos>
                    <EndPos>128</EndPos>
                  </FixedPositionExtractor>
                </FieldUsage>
              </RecordElement>
              <AlternateName></AlternateName>
              <Description></Description>
            </RecordDefinition>
          </Record>
        </RecordUsage>
        <RecordStructure>
          <Ordered>true</Ordered>
          <RecordUsage>
            <RecordId>753</RecordId>
            <Mandatory>true</Mandatory>
            <MaxOccur>1</MaxOccur>
            <AllowUndefinedData>true</AllowUndefinedData>
            <Position>NoPosition</Position>
            <AreaId>NoArea</AreaId>
            <Record>
              <RecordDefinition>
                <CheckFields>false</CheckFields>
                <RecordElement>
                  <FieldUsage>
                    <FieldName>75301</FieldName>
                    <Mandatory>true</Mandatory>
                    <Field>
                      <FieldDefinition>
                        <LengthValidator>
                          <MinLength>3</MinLength>
                          <MaxLength>3</MaxLength>
                        </LengthValidator>
                        <DataType>N0,3,3</DataType>
                        <FormatService>wm.b2b.edi.util.formatServices:formatN0</FormatService>
                        <AlternateName>Satzart</AlternateName>
                        <Description>Konstant "753"</Description>
                        <IDCode>753_01</IDCode>
                      </FieldDefinition>
                    </Field>
                    <FixedPositionExtractor>
                      <StartPos>0</StartPos>
                      <EndPos>3</EndPos>
                    </FixedPositionExtractor>
                  </FieldUsage>
                </RecordElement>
                <RecordElement>
                  <FieldUsage>
                    <FieldName>75302</FieldName>
                    <Mandatory>true</Mandatory>
                    <Field>
                      <FieldDefinition>
                        <LengthValidator>
                          <MinLength>2</MinLength>
                          <MaxLength>2</MaxLength>
                        </LengthValidator>
                        <DataType>N0,2,2</DataType>
                        <FormatService>wm.b2b.edi.util.formatServices:formatN0</FormatService>
                        <AlternateName>Versions-Nummer</AlternateName>
                        <Description>Kennzeichnung der Aktualität einer Satzart. Siehe Satzart 751.</Description>
                        <IDCode>753_02</IDCode>
                      </FieldDefinition>
                    </Field>
                    <FixedPositionExtractor>
                      <StartPos>3</StartPos>
                      <EndPos>5</EndPos>
                    </FixedPositionExtractor>
                  </FieldUsage>
                </RecordElement>
                <RecordElement>
                  <FieldUsage>
                    <FieldName>75303</FieldName>
                    <Mandatory>false</Mandatory>
                    <Field>
                      <FieldDefinition>
                        <LengthValidator>
                          <MinLength>6</MinLength>
                          <MaxLength>6</MaxLength>
                        </LengthValidator>
                        <DataType>N0,6,6</DataType>
                        <FormatService>wm.b2b.edi.util.formatServices:formatN0</FormatService>
                        <AlternateName>Transportmittel-Aufenthalts-Datum</AlternateName>
                        <Description>
Datum, an dem sich das Transportmittel an dem angegebenen Aufenthaltsort befindet.

Format:
JJMMTT
                        </Description>
                        <IDCode>753_03</IDCode>
                      </FieldDefinition>
                    </Field>
                    <FixedPositionExtractor>
                      <StartPos>5</StartPos>
                      <EndPos>11</EndPos>
                    </FixedPositionExtractor>
                  </FieldUsage>
                </RecordElement>
                <RecordElement>
                  <FieldUsage>
                    <FieldName>75304</FieldName>
                    <Mandatory>false</Mandatory>
                    <Field>
                      <FieldDefinition>
                        <LengthValidator>
                          <MinLength>4</MinLength>
                          <MaxLength>4</MaxLength>
                        </LengthValidator>
                        <DataType>N0,4,4</DataType>
                        <FormatService>wm.b2b.edi.util.formatServices:formatN0</FormatService>
                        <AlternateName>Transportmittel-Aufenthalts-Zeit</AlternateName>
                        <Description>
Uhrzeit, zu der sich das Transportmittel an dem angegebenen Ort befindet.

Format:
HHMM
                        </Description>
                        <IDCode>753_04</IDCode>
                      </FieldDefinition>
                    </Field>
                    <FixedPositionExtractor>
                      <StartPos>11</StartPos>
                      <EndPos>15</EndPos>
                    </FixedPositionExtractor>
                  </FieldUsage>
                </RecordElement>
                <RecordElement>
                  <FieldUsage>
                    <FieldName>75305</FieldName>
                    <Mandatory>false</Mandatory>
                    <Field>
                      <FieldDefinition>
                        <LengthValidator>
                          <MinLength>35</MinLength>
                          <MaxLength>35</MaxLength>
                        </LengthValidator>
                        <DataType>AN,35,35</DataType>
                        <FormatService>wm.b2b.edi.util.formatServices:formatAN</FormatService>
                        <AlternateName>Transportmittel-Aufenthalts-Ort</AlternateName>
                        <Description>
Ort, an dem sich das Transportmittel befindet.
Linksbündiger Eintrag.
                        </Description>
                        <IDCode>753_05</IDCode>
                      </FieldDefinition>
                    </Field>
                    <FixedPositionExtractor>
                      <StartPos>15</StartPos>
                      <EndPos>50</EndPos>
                    </FixedPositionExtractor>
                  </FieldUsage>
                </RecordElement>
                <RecordElement>
                  <FieldUsage>
                    <FieldName>75306</FieldName>
                    <Mandatory>false</Mandatory>
                    <Field>
                      <FieldDefinition>
                        <LengthValidator>
                          <MinLength>6</MinLength>
                          <MaxLength>6</MaxLength>
                        </LengthValidator>
                        <DataType>N0,6,6</DataType>
                        <FormatService>wm.b2b.edi.util.formatServices:formatN0</FormatService>
                        <AlternateName>Eintreff-Datum-Plan</AlternateName>
                        <Description>
Vom Lieferer geplantes Datum, an dem die Sendung voraussichtlich beim Kunden eintreffen wird.

Format:
JJMMTT
                        </Description>
                        <IDCode>753_06</IDCode>
                      </FieldDefinition>
                    </Field>
                    <FixedPositionExtractor>
                      <StartPos>50</StartPos>
                      <EndPos>56</EndPos>
                    </FixedPositionExtractor>
                  </FieldUsage>
                </RecordElement>
                <RecordElement>
                  <FieldUsage>
                    <FieldName>75307</FieldName>
                    <Mandatory>false</Mandatory>
                    <Field>
                      <FieldDefinition>
                        <LengthValidator>
                          <MinLength>4</MinLength>
                          <MaxLength>4</MaxLength>
                        </LengthValidator>
                        <DataType>N0,4,4</DataType>
                        <FormatService>wm.b2b.edi.util.formatServices:formatN0</FormatService>
                        <AlternateName>Eintreff-Zeit-Plan</AlternateName>
                        <Description>
Vom Lieferer geplante Uhrzeit, an der die Sendung voraussichtlich beim Kunden eintreffen wird.

Format:
HHMM
                        </Description>
                        <IDCode>753_07</IDCode>
                      </FieldDefinition>
                    </Field>
                    <FixedPositionExtractor>
                      <StartPos>56</StartPos>
                      <EndPos>60</EndPos>
                    </FixedPositionExtractor>
                  </FieldUsage>
                </RecordElement>
                <RecordElement>
                  <FieldUsage>
                    <FieldName>75308</FieldName>
                    <Mandatory>true</Mandatory>
                    <Field>
                      <FieldDefinition>
                        <LengthValidator>
                          <MinLength>1</MinLength>
                          <MaxLength>1</MaxLength>
                        </LengthValidator>
                        <DataType>N0,1,1</DataType>
                        <FormatService>wm.b2b.edi.util.formatServices:formatN0</FormatService>
                        <AlternateName>Informations-Korrektur-Schlüssel</AlternateName>
                        <Description>Verschlüsselte Form, siehe Codeliste 03.</Description>
                        <IDCode>753_08</IDCode>
                      </FieldDefinition>
                    </Field>
                    <FixedPositionExtractor>
                      <StartPos>60</StartPos>
                      <EndPos>61</EndPos>
                    </FixedPositionExtractor>
                  </FieldUsage>
                </RecordElement>
                <RecordElement>
                  <FieldUsage>
                    <FieldName>75309</FieldName>
                    <Mandatory>false</Mandatory>
                    <Field>
                      <FieldDefinition>
                        <LengthValidator>
                          <MinLength>67</MinLength>
                          <MaxLength>67</MaxLength>
                        </LengthValidator>
                        <DataType>AN,67,67</DataType>
                        <FormatService>wm.b2b.edi.util.formatServices:formatAN</FormatService>
                        <AlternateName>Text</AlternateName>
                        <Description>
Freier Fließtext.
Linksbündiger Eintrag.
                        </Description>
                        <IDCode>753_09</IDCode>
                      </FieldDefinition>
                    </Field>
                    <FixedPositionExtractor>
                      <StartPos>61</StartPos>
                      <EndPos>128</EndPos>
                    </FixedPositionExtractor>
                  </FieldUsage>
                </RecordElement>
                <AlternateName></AlternateName>
                <Description></Description>
              </RecordDefinition>
            </Record>
          </RecordUsage>
        </RecordStructure>
        <RecordStructure>
          <Ordered>true</Ordered>
          <RecordUsage>
            <RecordId>754</RecordId>
            <Mandatory>true</Mandatory>
            <MaxOccur>9999999</MaxOccur>
            <AllowUndefinedData>true</AllowUndefinedData>
            <Position>NoPosition</Position>
            <AreaId>NoArea</AreaId>
            <Record>
              <RecordDefinition>
                <CheckFields>false</CheckFields>
                <RecordElement>
                  <FieldUsage>
                    <FieldName>75401</FieldName>
                    <Mandatory>true</Mandatory>
                    <Field>
                      <FieldDefinition>
                        <LengthValidator>
                          <MinLength>3</MinLength>
                          <MaxLength>3</MaxLength>
                        </LengthValidator>
                        <DataType>N0,3,3</DataType>
                        <FormatService>wm.b2b.edi.util.formatServices:formatN0</FormatService>
                        <AlternateName>Satzart</AlternateName>
                        <Description>Konstant "754"</Description>
                        <IDCode>754_01</IDCode>
                      </FieldDefinition>
                    </Field>
                    <FixedPositionExtractor>
                      <StartPos>0</StartPos>
                      <EndPos>3</EndPos>
                    </FixedPositionExtractor>
                  </FieldUsage>
                </RecordElement>
                <RecordElement>
                  <FieldUsage>
                    <FieldName>75402</FieldName>
                    <Mandatory>true</Mandatory>
                    <Field>
                      <FieldDefinition>
                        <LengthValidator>
                          <MinLength>2</MinLength>
                          <MaxLength>2</MaxLength>
                        </LengthValidator>
                        <DataType>N0,2,2</DataType>
                        <FormatService>wm.b2b.edi.util.formatServices:formatN0</FormatService>
                        <AlternateName>Versions-Nummer</AlternateName>
                        <Description>Kennzeichnung der Aktualität einer Satzart, siehe Satzart 751.</Description>
                        <IDCode>754_02</IDCode>
                      </FieldDefinition>
                    </Field>
                    <FixedPositionExtractor>
                      <StartPos>3</StartPos>
                      <EndPos>5</EndPos>
                    </FixedPositionExtractor>
                  </FieldUsage>
                </RecordElement>
                <RecordElement>
                  <FieldUsage>
                    <FieldName>75403</FieldName>
                    <Mandatory>true</Mandatory>
                    <Field>
                      <FieldDefinition>
                        <LengthValidator>
                          <MinLength>9</MinLength>
                          <MaxLength>9</MaxLength>
                        </LengthValidator>
                        <DataType>AN,9,9</DataType>
                        <FormatService>wm.b2b.edi.util.formatServices:formatAN</FormatService>
                        <AlternateName>Lieferanten-Nummer</AlternateName>
                        <Description>
Ident-Nummer, die der Kunde einem Lieferanten (Vertragspartner) zuordnet. Alle Daten einer Satzstruktur, die das Feld Lieferanten-Nummer enthalten, unterliegen dem Datenschutz.
Linksbündiger Eintrag.
                        </Description>
                        <IDCode>754_03</IDCode>
                      </FieldDefinition>
                    </Field>
                    <FixedPositionExtractor>
                      <StartPos>5</StartPos>
                      <EndPos>14</EndPos>
                    </FixedPositionExtractor>
                  </FieldUsage>
                </RecordElement>
                <RecordElement>
                  <FieldUsage>
                    <FieldName>75404</FieldName>
                    <Mandatory>true</Mandatory>
                    <Field>
                      <FieldDefinition>
                        <LengthValidator>
                          <MinLength>8</MinLength>
                          <MaxLength>8</MaxLength>
                        </LengthValidator>
                        <DataType>N0,8,8</DataType>
                        <FormatService>wm.b2b.edi.util.formatServices:formatN0</FormatService>
                        <AlternateName>Sendungs-Ladungs-Bezugsnummer</AlternateName>
                        <Description>Bezugsnummer, die der Versender/Lieferant der Sendung/Ladung zuordnet. Rechtsbündiger Eintrag mit führenden Nullen. Die Nummer darf sich nicht im Zeitraum eines Jahres wiederholen. Diese Nummer soll der Versender auf dem "Speditionsauftrag VDA 4922", Feld 8 bzw. beim Bahnfrachtbrief im Feld 13A eintragen.</Description>
                        <IDCode>754_04</IDCode>
                      </FieldDefinition>
                    </Field>
                    <FixedPositionExtractor>
                      <StartPos>14</StartPos>
                      <EndPos>22</EndPos>
                    </FixedPositionExtractor>
                  </FieldUsage>
                </RecordElement>
                <RecordElement>
                  <FieldUsage>
                    <FieldName>75405</FieldName>
                    <Mandatory>false</Mandatory>
                    <Field>
                      <FieldDefinition>
                        <LengthValidator>
                          <MinLength>17</MinLength>
                          <MaxLength>17</MaxLength>
                        </LengthValidator>
                        <DataType>AN,17,17</DataType>
                        <FormatService>wm.b2b.edi.util.formatServices:formatAN</FormatService>
                        <AlternateName>Speditions-Auftrags-Nummer</AlternateName>
                        <Description>
Ident-Nummer, die der Spediteur einem Auftrag zuordnet.
Linksbündiger Eintrag.
                        </Description>
                        <IDCode>754_05</IDCode>
                      </FieldDefinition>
                    </Field>
                    <FixedPositionExtractor>
                      <StartPos>22</StartPos>
                      <EndPos>39</EndPos>
                    </FixedPositionExtractor>
                  </FieldUsage>
                </RecordElement>
                <RecordElement>
                  <FieldUsage>
                    <FieldName>75406</FieldName>
                    <Mandatory>false</Mandatory>
                    <Field>
                      <FieldDefinition>
                        <LengthValidator>
                          <MinLength>6</MinLength>
                          <MaxLength>6</MaxLength>
                        </LengthValidator>
                        <DataType>N0,6,6</DataType>
                        <FormatService>wm.b2b.edi.util.formatServices:formatN0</FormatService>
                        <AlternateName>Speditions-Erfassungs-Datum</AlternateName>
                        <Description>
Wird vom Spediteur vergeben.

Format:
JJMMTT
                        </Description>
                        <IDCode>754_06</IDCode>
                      </FieldDefinition>
                    </Field>
                    <FixedPositionExtractor>
                      <StartPos>39</StartPos>
                      <EndPos>45</EndPos>
                    </FixedPositionExtractor>
                  </FieldUsage>
                </RecordElement>
                <RecordElement>
                  <FieldUsage>
                    <FieldName>75407</FieldName>
                    <Mandatory>false</Mandatory>
                    <Field>
                      <FieldDefinition>
                        <LengthValidator>
                          <MinLength>1</MinLength>
                          <MaxLength>1</MaxLength>
                        </LengthValidator>
                        <DataType>AN,1,1</DataType>
                        <FormatService>wm.b2b.edi.util.formatServices:formatAN</FormatService>
                        <AlternateName>Sendungs-Umfang-Schlüssel</AlternateName>
                        <Description>Verschlüsselte Form, siehe Codeliste 04.</Description>
                        <IDCode>754_07</IDCode>
                      </FieldDefinition>
                    </Field>
                    <FixedPositionExtractor>
                      <StartPos>45</StartPos>
                      <EndPos>46</EndPos>
                    </FixedPositionExtractor>
                  </FieldUsage>
                </RecordElement>
                <RecordElement>
                  <FieldUsage>
                    <FieldName>75408</FieldName>
                    <Mandatory>false</Mandatory>
                    <Field>
                      <FieldDefinition>
                        <LengthValidator>
                          <MinLength>7</MinLength>
                          <MaxLength>7</MaxLength>
                        </LengthValidator>
                        <DataType>N0,7,7</DataType>
                        <FormatService>wm.b2b.edi.util.formatServices:formatN0</FormatService>
                        <AlternateName>Sendungs-Gewicht Brutto</AlternateName>
                        <Description>
Warengewicht einschließlich Verpackung und/oder Ladehilfsmittel, aber ausschließlich der Behältnisse des Frachtführers. (Angabe aus Frachtbrief, ähnlich TDED 6292).
Mengeneinheit: kg
Rechtsbündiger Eintrag mit führenden Nullen
Keine Dezimalstelle.
                        </Description>
                        <IDCode>754_08</IDCode>
                      </FieldDefinition>
                    </Field>
                    <FixedPositionExtractor>
                      <StartPos>46</StartPos>
                      <EndPos>53</EndPos>
                    </FixedPositionExtractor>
                  </FieldUsage>
                </RecordElement>
                <RecordElement>
                  <FieldUsage>
                    <FieldName>75409</FieldName>
                    <Mandatory>false</Mandatory>
                    <Field>
                      <FieldDefinition>
                        <LengthValidator>
                          <MinLength>7</MinLength>
                          <MaxLength>7</MaxLength>
                        </LengthValidator>
                        <DataType>N0,7,7</DataType>
                        <FormatService>wm.b2b.edi.util.formatServices:formatN0</FormatService>
                        <AlternateName>Sendungs-Gewicht Netto</AlternateName>
                        <Description>
Warengewicht einschließlich Verpackung ohne Ladehilfsmittel und die Behältnisse des Frachtführers (ähnlich TDED 6160).
Mengeneinheit: kg
Rechtsbündiger Eintrag mit führenden Nullen.
Keine Dezimalstelle.
                        </Description>
                        <IDCode>754_09</IDCode>
                      </FieldDefinition>
                    </Field>
                    <FixedPositionExtractor>
                      <StartPos>53</StartPos>
                      <EndPos>60</EndPos>
                    </FixedPositionExtractor>
                  </FieldUsage>
                </RecordElement>
                <RecordElement>
                  <FieldUsage>
                    <FieldName>75410</FieldName>
                    <Mandatory>false</Mandatory>
                    <Field>
                      <FieldDefinition>
                        <LengthValidator>
                          <MinLength>4</MinLength>
                          <MaxLength>4</MaxLength>
                        </LengthValidator>
                        <DataType>N0,4,4</DataType>
                        <FormatService>wm.b2b.edi.util.formatServices:formatN0</FormatService>
                        <AlternateName>Anzahl Packstücke</AlternateName>
                        <Description>
Summe aller in der Sendung enthaltenen für den Frachtführer/Spediteur erkennbaren Packmittel ohne Beachtung der unterschiedlichen Packmittel-Typen.
Rechtsbündiger Eintrag mit führenden Nullen.
Keine Dezimalstelle.
                        </Description>
                        <IDCode>754_10</IDCode>
                      </FieldDefinition>
                    </Field>
                    <FixedPositionExtractor>
                      <StartPos>60</StartPos>
                      <EndPos>64</EndPos>
                    </FixedPositionExtractor>
                  </FieldUsage>
                </RecordElement>
                <RecordElement>
                  <FieldUsage>
                    <FieldName>75411</FieldName>
                    <Mandatory>false</Mandatory>
                    <Field>
                      <FieldDefinition>
                        <LengthValidator>
                          <MinLength>5</MinLength>
                          <MaxLength>5</MaxLength>
                        </LengthValidator>
                        <DataType>AN,5,5</DataType>
                        <FormatService>wm.b2b.edi.util.formatServices:formatAN</FormatService>
                        <AlternateName>Abladestelle</AlternateName>
                        <Description>
Bezeichnet die Stelle im Werk-Kunde, an der die Ware abgeladen werden soll. Verschlüsselte Form des Kunden.
Linksbündiger Eintrag.
                        </Description>
                        <IDCode>754_11</IDCode>
                      </FieldDefinition>
                    </Field>
                    <FixedPositionExtractor>
                      <StartPos>64</StartPos>
                      <EndPos>69</EndPos>
                    </FixedPositionExtractor>
                  </FieldUsage>
                </RecordElement>
                <RecordElement>
                  <FieldUsage>
                    <FieldName>75412</FieldName>
                    <Mandatory>true</Mandatory>
                    <Field>
                      <FieldDefinition>
                        <LengthValidator>
                          <MinLength>3</MinLength>
                          <MaxLength>3</MaxLength>
                        </LengthValidator>
                        <DataType>AN,3,3</DataType>
                        <FormatService>wm.b2b.edi.util.formatServices:formatAN</FormatService>
                        <AlternateName>Werk-Lieferant</AlternateName>
                        <Description>
Werk des Lieferanten, aus dem geliefert wird, verschlüsselte Form des Lieferanten.
Linksbündiger Eintrag.
                        </Description>
                        <IDCode>754_12</IDCode>
                      </FieldDefinition>
                    </Field>
                    <FixedPositionExtractor>
                      <StartPos>69</StartPos>
                      <EndPos>72</EndPos>
                    </FixedPositionExtractor>
                  </FieldUsage>
                </RecordElement>
                <RecordElement>
                  <FieldUsage>
                    <FieldName>75413</FieldName>
                    <Mandatory>false</Mandatory>
                    <Field>
                      <FieldDefinition>
                        <LengthValidator>
                          <MinLength>3</MinLength>
                          <MaxLength>3</MaxLength>
                        </LengthValidator>
                        <DataType>AN,3,3</DataType>
                        <FormatService>wm.b2b.edi.util.formatServices:formatAN</FormatService>
                        <AlternateName>Werk-Kunde</AlternateName>
                        <Description>
Werk des Kunden, an das geliefert werden soll. Verschlüsselte Form des Kunden.
Linksbündiger Eintrag.
                        </Description>
                        <IDCode>754_13</IDCode>
                      </FieldDefinition>
                    </Field>
                    <FixedPositionExtractor>
                      <StartPos>72</StartPos>
                      <EndPos>75</EndPos>
                    </FixedPositionExtractor>
                  </FieldUsage>
                </RecordElement>
                <RecordElement>
                  <FieldUsage>
                    <FieldName>75414</FieldName>
                    <Mandatory>false</Mandatory>
                    <Field>
                      <FieldDefinition>
                        <LengthValidator>
                          <MinLength>53</MinLength>
                          <MaxLength>53</MaxLength>
                        </LengthValidator>
                        <DataType>AN,53,53</DataType>
                        <FormatService>wm.b2b.edi.util.formatServices:formatAN</FormatService>
                        <AlternateName>Leer</AlternateName>
                        <Description>mit BLANKS gefüllt</Description>
                        <IDCode>754_14</IDCode>
                      </FieldDefinition>
                    </Field>
                    <FixedPositionExtractor>
                      <StartPos>75</StartPos>
                      <EndPos>128</EndPos>
                    </FixedPositionExtractor>
                  </FieldUsage>
                </RecordElement>
                <AlternateName></AlternateName>
                <Description></Description>
              </RecordDefinition>
            </Record>
          </RecordUsage>
          <RecordStructure>
            <Ordered>true</Ordered>
            <RecordUsage>
              <RecordId>755</RecordId>
              <Mandatory>true</Mandatory>
              <MaxOccur>9999999</MaxOccur>
              <AllowUndefinedData>true</AllowUndefinedData>
              <Position>NoPosition</Position>
              <AreaId>NoArea</AreaId>
              <Record>
                <RecordDefinition>
                  <CheckFields>false</CheckFields>
                  <RecordElement>
                    <FieldUsage>
                      <FieldName>75501</FieldName>
                      <Mandatory>true</Mandatory>
                      <Field>
                        <FieldDefinition>
                          <LengthValidator>
                            <MinLength>3</MinLength>
                            <MaxLength>3</MaxLength>
                          </LengthValidator>
                          <DataType>N0,3,3</DataType>
                          <FormatService>wm.b2b.edi.util.formatServices:formatN0</FormatService>
                          <AlternateName>Satzart</AlternateName>
                          <Description>Konstant "755"</Description>
                          <IDCode>755_01</IDCode>
                        </FieldDefinition>
                      </Field>
                      <FixedPositionExtractor>
                        <StartPos>0</StartPos>
                        <EndPos>3</EndPos>
                      </FixedPositionExtractor>
                    </FieldUsage>
                  </RecordElement>
                  <RecordElement>
                    <FieldUsage>
                      <FieldName>75502</FieldName>
                      <Mandatory>true</Mandatory>
                      <Field>
                        <FieldDefinition>
                          <LengthValidator>
                            <MinLength>2</MinLength>
                            <MaxLength>2</MaxLength>
                          </LengthValidator>
                          <DataType>N0,2,2</DataType>
                          <FormatService>wm.b2b.edi.util.formatServices:formatN0</FormatService>
                          <AlternateName>Versions-Nummer</AlternateName>
                          <Description>
Kennzeichnung der Aktualität dieser Satzart.
Zulässig: 01-99.
Dokumentiert: "01".
                          </Description>
                          <IDCode>755_02</IDCode>
                        </FieldDefinition>
                      </Field>
                      <FixedPositionExtractor>
                        <StartPos>3</StartPos>
                        <EndPos>5</EndPos>
                      </FixedPositionExtractor>
                    </FieldUsage>
                  </RecordElement>
                  <RecordElement>
                    <FieldUsage>
                      <FieldName>75503</FieldName>
                      <Mandatory>true</Mandatory>
                      <Field>
                        <FieldDefinition>
                          <LengthValidator>
                            <MinLength>8</MinLength>
                            <MaxLength>8</MaxLength>
                          </LengthValidator>
                          <DataType>AN,8,8</DataType>
                          <FormatService>wm.b2b.edi.util.formatServices:formatAN</FormatService>
                          <AlternateName>Lieferschein-Nummer</AlternateName>
                          <Description>
Ident-Nummer, die der Lieferant einem Lieferschein zuordnet.
Rechtsbündiger Eintrag mit führenden Nullen.
Aufsteigende Reihenfolge.
                          </Description>
                          <IDCode>755_04</IDCode>
                        </FieldDefinition>
                      </Field>
                      <FixedPositionExtractor>
                        <StartPos>5</StartPos>
                        <EndPos>13</EndPos>
                      </FixedPositionExtractor>
                    </FieldUsage>
                  </RecordElement>
                  <RecordElement>
                    <FieldUsage>
                      <FieldName>75504</FieldName>
                      <Mandatory>false</Mandatory>
                      <Field>
                        <FieldDefinition>
                          <LengthValidator>
                            <MinLength>8</MinLength>
                            <MaxLength>8</MaxLength>
                          </LengthValidator>
                          <DataType>AN,8,8</DataType>
                          <FormatService>wm.b2b.edi.util.formatServices:formatAN</FormatService>
                          <AlternateName>Lieferschein-Nummer</AlternateName>
                          <Description>
Ident-Nummer, die der Lieferant einem Lieferschein zuordnet.
Rechtsbündiger Eintrag mit führenden Nullen.
Aufsteigende Reihenfolge.
                          </Description>
                          <IDCode>755_05</IDCode>
                        </FieldDefinition>
                      </Field>
                      <FixedPositionExtractor>
                        <StartPos>13</StartPos>
                        <EndPos>21</EndPos>
                      </FixedPositionExtractor>
                    </FieldUsage>
                  </RecordElement>
                  <RecordElement>
                    <FieldUsage>
                      <FieldName>75505</FieldName>
                      <Mandatory>false</Mandatory>
                      <Field>
                        <FieldDefinition>
                          <LengthValidator>
                            <MinLength>8</MinLength>
                            <MaxLength>8</MaxLength>
                          </LengthValidator>
                          <DataType>AN,8,8</DataType>
                          <FormatService>wm.b2b.edi.util.formatServices:formatAN</FormatService>
                          <AlternateName>Lieferschein-Nummer</AlternateName>
                          <Description>
Ident-Nummer, die der Lieferant einem Lieferschein zuordnet.
Rechtsbündiger Eintrag mit führenden Nullen.
Aufsteigende Reihenfolge.
                          </Description>
                          <IDCode>755_06</IDCode>
                        </FieldDefinition>
                      </Field>
                      <FixedPositionExtractor>
                        <StartPos>21</StartPos>
                        <EndPos>29</EndPos>
                      </FixedPositionExtractor>
                    </FieldUsage>
                  </RecordElement>
                  <RecordElement>
                    <FieldUsage>
                      <FieldName>75506</FieldName>
                      <Mandatory>false</Mandatory>
                      <Field>
                        <FieldDefinition>
                          <LengthValidator>
                            <MinLength>8</MinLength>
                            <MaxLength>8</MaxLength>
                          </LengthValidator>
                          <DataType>AN,8,8</DataType>
                          <FormatService>wm.b2b.edi.util.formatServices:formatAN</FormatService>
                          <AlternateName>Lieferschein-Nummer</AlternateName>
                          <Description>
Ident-Nummer, die der Lieferant einem Lieferschein zuordnet.
Rechtsbündiger Eintrag mit führenden Nullen.
Aufsteigende Reihenfolge.
                          </Description>
                          <IDCode>755_07</IDCode>
                        </FieldDefinition>
                      </Field>
                      <FixedPositionExtractor>
                        <StartPos>29</StartPos>
                        <EndPos>37</EndPos>
                      </FixedPositionExtractor>
                    </FieldUsage>
                  </RecordElement>
                  <RecordElement>
                    <FieldUsage>
                      <FieldName>75507</FieldName>
                      <Mandatory>false</Mandatory>
                      <Field>
                        <FieldDefinition>
                          <LengthValidator>
                            <MinLength>8</MinLength>
                            <MaxLength>8</MaxLength>
                          </LengthValidator>
                          <DataType>AN,8,8</DataType>
                          <FormatService>wm.b2b.edi.util.formatServices:formatAN</FormatService>
                          <AlternateName>Lieferschein-Nummer</AlternateName>
                          <Description>
Ident-Nummer, die der Lieferant einem Lieferschein zuordnet.
Rechtsbündiger Eintrag mit führenden Nullen.
Aufsteigende Reihenfolge.
                          </Description>
                          <IDCode>755_08</IDCode>
                        </FieldDefinition>
                      </Field>
                      <FixedPositionExtractor>
                        <StartPos>37</StartPos>
                        <EndPos>45</EndPos>
                      </FixedPositionExtractor>
                    </FieldUsage>
                  </RecordElement>
                  <RecordElement>
                    <FieldUsage>
                      <FieldName>75508</FieldName>
                      <Mandatory>false</Mandatory>
                      <Field>
                        <FieldDefinition>
                          <LengthValidator>
                            <MinLength>8</MinLength>
                            <MaxLength>8</MaxLength>
                          </LengthValidator>
                          <DataType>AN,8,8</DataType>
                          <FormatService>wm.b2b.edi.util.formatServices:formatAN</FormatService>
                          <AlternateName>Lieferschein-Nummer</AlternateName>
                          <Description>
Ident-Nummer, die der Lieferant einem Lieferschein zuordnet.
Rechtsbündiger Eintrag mit führenden Nullen.
Aufsteigende Reihenfolge.
                          </Description>
                          <IDCode>755_09</IDCode>
                        </FieldDefinition>
                      </Field>
                      <FixedPositionExtractor>
                        <StartPos>45</StartPos>
                        <EndPos>53</EndPos>
                      </FixedPositionExtractor>
                    </FieldUsage>
                  </RecordElement>
                  <RecordElement>
                    <FieldUsage>
                      <FieldName>75509</FieldName>
                      <Mandatory>false</Mandatory>
                      <Field>
                        <FieldDefinition>
                          <LengthValidator>
                            <MinLength>8</MinLength>
                            <MaxLength>8</MaxLength>
                          </LengthValidator>
                          <DataType>AN,8,8</DataType>
                          <FormatService>wm.b2b.edi.util.formatServices:formatAN</FormatService>
                          <AlternateName>Lieferschein-Nummer</AlternateName>
                          <Description>
Ident-Nummer, die der Lieferant einem Lieferschein zuordnet.
Rechtsbündiger Eintrag mit führenden Nullen.
Aufsteigende Reihenfolge.
                          </Description>
                          <IDCode>755_10</IDCode>
                        </FieldDefinition>
                      </Field>
                      <FixedPositionExtractor>
                        <StartPos>53</StartPos>
                        <EndPos>61</EndPos>
                      </FixedPositionExtractor>
                    </FieldUsage>
                  </RecordElement>
                  <RecordElement>
                    <FieldUsage>
                      <FieldName>75510</FieldName>
                      <Mandatory>false</Mandatory>
                      <Field>
                        <FieldDefinition>
                          <LengthValidator>
                            <MinLength>8</MinLength>
                            <MaxLength>8</MaxLength>
                          </LengthValidator>
                          <DataType>AN,8,8</DataType>
                          <FormatService>wm.b2b.edi.util.formatServices:formatAN</FormatService>
                          <AlternateName>Lieferschein-Nummer</AlternateName>
                          <Description>
Ident-Nummer, die der Lieferant einem Lieferschein zuordnet.
Rechtsbündiger Eintrag mit führenden Nullen.
Aufsteigende Reihenfolge.
                          </Description>
                          <IDCode>755_11</IDCode>
                        </FieldDefinition>
                      </Field>
                      <FixedPositionExtractor>
                        <StartPos>61</StartPos>
                        <EndPos>69</EndPos>
                      </FixedPositionExtractor>
                    </FieldUsage>
                  </RecordElement>
                  <RecordElement>
                    <FieldUsage>
                      <FieldName>75511</FieldName>
                      <Mandatory>false</Mandatory>
                      <Field>
                        <FieldDefinition>
                          <LengthValidator>
                            <MinLength>8</MinLength>
                            <MaxLength>8</MaxLength>
                          </LengthValidator>
                          <DataType>AN,8,8</DataType>
                          <FormatService>wm.b2b.edi.util.formatServices:formatAN</FormatService>
                          <AlternateName>Lieferschein-Nummer</AlternateName>
                          <Description>
Ident-Nummer, die der Lieferant einem Lieferschein zuordnet.
Rechtsbündiger Eintrag mit führenden Nullen.
Aufsteigende Reihenfolge.
                          </Description>
                          <IDCode>755_12</IDCode>
                        </FieldDefinition>
                      </Field>
                      <FixedPositionExtractor>
                        <StartPos>69</StartPos>
                        <EndPos>77</EndPos>
                      </FixedPositionExtractor>
                    </FieldUsage>
                  </RecordElement>
                  <RecordElement>
                    <FieldUsage>
                      <FieldName>75512</FieldName>
                      <Mandatory>false</Mandatory>
                      <Field>
                        <FieldDefinition>
                          <LengthValidator>
                            <MinLength>8</MinLength>
                            <MaxLength>8</MaxLength>
                          </LengthValidator>
                          <DataType>AN,8,8</DataType>
                          <FormatService>wm.b2b.edi.util.formatServices:formatAN</FormatService>
                          <AlternateName>Lieferschein-Nummer</AlternateName>
                          <Description>
Ident-Nummer, die der Lieferant einem Lieferschein zuordnet.
Rechtsbündiger Eintrag mit führenden Nullen.
Aufsteigende Reihenfolge.
                          </Description>
                          <IDCode>755_13</IDCode>
                        </FieldDefinition>
                      </Field>
                      <FixedPositionExtractor>
                        <StartPos>77</StartPos>
                        <EndPos>85</EndPos>
                      </FixedPositionExtractor>
                    </FieldUsage>
                  </RecordElement>
                  <RecordElement>
                    <FieldUsage>
                      <FieldName>75513</FieldName>
                      <Mandatory>false</Mandatory>
                      <Field>
                        <FieldDefinition>
                          <LengthValidator>
                            <MinLength>8</MinLength>
                            <MaxLength>8</MaxLength>
                          </LengthValidator>
                          <DataType>AN,8,8</DataType>
                          <FormatService>wm.b2b.edi.util.formatServices:formatAN</FormatService>
                          <AlternateName>Lieferschein-Nummer</AlternateName>
                          <Description>
Ident-Nummer, die der Lieferant einem Lieferschein zuordnet.
Rechtsbündiger Eintrag mit führenden Nullen.
Aufsteigende Reihenfolge.
                          </Description>
                          <IDCode>755_14</IDCode>
                        </FieldDefinition>
                      </Field>
                      <FixedPositionExtractor>
                        <StartPos>85</StartPos>
                        <EndPos>93</EndPos>
                      </FixedPositionExtractor>
                    </FieldUsage>
                  </RecordElement>
                  <RecordElement>
                    <FieldUsage>
                      <FieldName>75514</FieldName>
                      <Mandatory>false</Mandatory>
                      <Field>
                        <FieldDefinition>
                          <LengthValidator>
                            <MinLength>8</MinLength>
                            <MaxLength>8</MaxLength>
                          </LengthValidator>
                          <DataType>AN,8,8</DataType>
                          <FormatService>wm.b2b.edi.util.formatServices:formatAN</FormatService>
                          <AlternateName>Lieferschein-Nummer</AlternateName>
                          <Description>
Ident-Nummer, die der Lieferant einem Lieferschein zuordnet.
Rechtsbündiger Eintrag mit führenden Nullen.
Aufsteigende Reihenfolge.
                          </Description>
                          <IDCode>755_15</IDCode>
                        </FieldDefinition>
                      </Field>
                      <FixedPositionExtractor>
                        <StartPos>93</StartPos>
                        <EndPos>101</EndPos>
                      </FixedPositionExtractor>
                    </FieldUsage>
                  </RecordElement>
                  <RecordElement>
                    <FieldUsage>
                      <FieldName>75515</FieldName>
                      <Mandatory>false</Mandatory>
                      <Field>
                        <FieldDefinition>
                          <LengthValidator>
                            <MinLength>8</MinLength>
                            <MaxLength>8</MaxLength>
                          </LengthValidator>
                          <DataType>AN,8,8</DataType>
                          <FormatService>wm.b2b.edi.util.formatServices:formatAN</FormatService>
                          <AlternateName>Lieferschein-Nummer</AlternateName>
                          <Description>
Ident-Nummer, die der Lieferant einem Lieferschein zuordnet.
Rechtsbündiger Eintrag mit führenden Nullen.
Aufsteigende Reihenfolge.
                          </Description>
                          <IDCode>755_16</IDCode>
                        </FieldDefinition>
                      </Field>
                      <FixedPositionExtractor>
                        <StartPos>101</StartPos>
                        <EndPos>109</EndPos>
                      </FixedPositionExtractor>
                    </FieldUsage>
                  </RecordElement>
                  <RecordElement>
                    <FieldUsage>
                      <FieldName>75516</FieldName>
                      <Mandatory>false</Mandatory>
                      <Field>
                        <FieldDefinition>
                          <LengthValidator>
                            <MinLength>8</MinLength>
                            <MaxLength>8</MaxLength>
                          </LengthValidator>
                          <DataType>AN,8,8</DataType>
                          <FormatService>wm.b2b.edi.util.formatServices:formatAN</FormatService>
                          <AlternateName>Lieferschein-Nummer</AlternateName>
                          <Description>
Ident-Nummer, die der Lieferant einem Lieferschein zuordnet.
Rechtsbündiger Eintrag mit führenden Nullen.
Aufsteigende Reihenfolge.
                          </Description>
                          <IDCode>755_17</IDCode>
                        </FieldDefinition>
                      </Field>
                      <FixedPositionExtractor>
                        <StartPos>109</StartPos>
                        <EndPos>117</EndPos>
                      </FixedPositionExtractor>
                    </FieldUsage>
                  </RecordElement>
                  <RecordElement>
                    <FieldUsage>
                      <FieldName>75517</FieldName>
                      <Mandatory>false</Mandatory>
                      <Field>
                        <FieldDefinition>
                          <LengthValidator>
                            <MinLength>8</MinLength>
                            <MaxLength>8</MaxLength>
                          </LengthValidator>
                          <DataType>AN,8,8</DataType>
                          <FormatService>wm.b2b.edi.util.formatServices:formatAN</FormatService>
                          <AlternateName>Lieferschein-Nummer</AlternateName>
                          <Description>
Ident-Nummer, die der Lieferant einem Lieferschein zuordnet.
Rechtsbündiger Eintrag mit führenden Nullen.
Aufsteigende Reihenfolge.
                          </Description>
                          <IDCode>755_18</IDCode>
                        </FieldDefinition>
                      </Field>
                      <FixedPositionExtractor>
                        <StartPos>117</StartPos>
                        <EndPos>125</EndPos>
                      </FixedPositionExtractor>
                    </FieldUsage>
                  </RecordElement>
                  <RecordElement>
                    <FieldUsage>
                      <FieldName>75518</FieldName>
                      <Mandatory>false</Mandatory>
                      <Field>
                        <FieldDefinition>
                          <LengthValidator>
                            <MinLength>3</MinLength>
                            <MaxLength>3</MaxLength>
                          </LengthValidator>
                          <DataType>AN,3,3</DataType>
                          <FormatService>wm.b2b.edi.util.formatServices:formatAN</FormatService>
                          <AlternateName>Leer</AlternateName>
                          <Description>mit BLANKS gefüllt</Description>
                          <IDCode>755_19</IDCode>
                        </FieldDefinition>
                      </Field>
                      <FixedPositionExtractor>
                        <StartPos>125</StartPos>
                        <EndPos>128</EndPos>
                      </FixedPositionExtractor>
                    </FieldUsage>
                  </RecordElement>
                  <AlternateName></AlternateName>
                  <Description></Description>
                </RecordDefinition>
              </Record>
            </RecordUsage>
          </RecordStructure>
        </RecordStructure>
      </RecordStructure>
      <RecordStructure>
        <Ordered>true</Ordered>
        <RecordUsage>
          <RecordId>759</RecordId>
          <Mandatory>true</Mandatory>
          <MaxOccur>1</MaxOccur>
          <AllowUndefinedData>true</AllowUndefinedData>
          <Position>NoPosition</Position>
          <AreaId>NoArea</AreaId>
          <Record>
            <RecordDefinition>
              <CheckFields>false</CheckFields>
              <RecordElement>
                <FieldUsage>
                  <FieldName>75901</FieldName>
                  <Mandatory>true</Mandatory>
                  <Field>
                    <FieldDefinition>
                      <LengthValidator>
                        <MinLength>3</MinLength>
                        <MaxLength>3</MaxLength>
                      </LengthValidator>
                      <DataType>N0,3,3</DataType>
                      <FormatService>wm.b2b.edi.util.formatServices:formatN0</FormatService>
                      <AlternateName>Satzart</AlternateName>
                      <Description>Konstant "759"</Description>
                      <IDCode>759_01</IDCode>
                    </FieldDefinition>
                  </Field>
                  <FixedPositionExtractor>
                    <StartPos>0</StartPos>
                    <EndPos>3</EndPos>
                  </FixedPositionExtractor>
                </FieldUsage>
              </RecordElement>
              <RecordElement>
                <FieldUsage>
                  <FieldName>75902</FieldName>
                  <Mandatory>true</Mandatory>
                  <Field>
                    <FieldDefinition>
                      <LengthValidator>
                        <MinLength>2</MinLength>
                        <MaxLength>2</MaxLength>
                      </LengthValidator>
                      <DataType>N0,2,2</DataType>
                      <FormatService>wm.b2b.edi.util.formatServices:formatN0</FormatService>
                      <AlternateName>Versions-Nummer</AlternateName>
                      <Description>Kennzeichnung der Aktualität einer Satzart, siehe Satzart 751.</Description>
                      <IDCode>759_02</IDCode>
                    </FieldDefinition>
                  </Field>
                  <FixedPositionExtractor>
                    <StartPos>3</StartPos>
                    <EndPos>5</EndPos>
                  </FixedPositionExtractor>
                </FieldUsage>
              </RecordElement>
              <RecordElement>
                <FieldUsage>
                  <FieldName>75903</FieldName>
                  <Mandatory>true</Mandatory>
                  <Field>
                    <FieldDefinition>
                      <LengthValidator>
                        <MinLength>7</MinLength>
                        <MaxLength>7</MaxLength>
                      </LengthValidator>
                      <DataType>N0,7,7</DataType>
                      <FormatService>wm.b2b.edi.util.formatServices:formatN0</FormatService>
                      <AlternateName>Zähler-Satzart 751</AlternateName>
                      <Description>
Anzahl übertragene Satzarten 751.
Rechtsbündiger Eintrag mit führenden Nullen.
Keine Dezimalstelle.
                      </Description>
                      <IDCode>759_03</IDCode>
                    </FieldDefinition>
                  </Field>
                  <FixedPositionExtractor>
                    <StartPos>5</StartPos>
                    <EndPos>12</EndPos>
                  </FixedPositionExtractor>
                </FieldUsage>
              </RecordElement>
              <RecordElement>
                <FieldUsage>
                  <FieldName>75904</FieldName>
                  <Mandatory>true</Mandatory>
                  <Field>
                    <FieldDefinition>
                      <LengthValidator>
                        <MinLength>7</MinLength>
                        <MaxLength>7</MaxLength>
                      </LengthValidator>
                      <DataType>N0,7,7</DataType>
                      <FormatService>wm.b2b.edi.util.formatServices:formatN0</FormatService>
                      <AlternateName>Zähler-Satzart 752</AlternateName>
                      <Description>
Anzahl übertragene Satzarten 752.
Rechtsbündiger Eintrag mit führenden Nullen.
Keine Dezimalstelle.
                      </Description>
                      <IDCode>759_04</IDCode>
                    </FieldDefinition>
                  </Field>
                  <FixedPositionExtractor>
                    <StartPos>12</StartPos>
                    <EndPos>19</EndPos>
                  </FixedPositionExtractor>
                </FieldUsage>
              </RecordElement>
              <RecordElement>
                <FieldUsage>
                  <FieldName>75905</FieldName>
                  <Mandatory>true</Mandatory>
                  <Field>
                    <FieldDefinition>
                      <LengthValidator>
                        <MinLength>7</MinLength>
                        <MaxLength>7</MaxLength>
                      </LengthValidator>
                      <DataType>N0,7,7</DataType>
                      <FormatService>wm.b2b.edi.util.formatServices:formatN0</FormatService>
                      <AlternateName>Zähler-Satzart 753</AlternateName>
                      <Description>
Anzahl übertragene Satzarten 753.
Rechtsbündiger Eintrag mit führenden Nullen.
Keine Dezimalstelle.
                      </Description>
                      <IDCode>759_05</IDCode>
                    </FieldDefinition>
                  </Field>
                  <FixedPositionExtractor>
                    <StartPos>19</StartPos>
                    <EndPos>26</EndPos>
                  </FixedPositionExtractor>
                </FieldUsage>
              </RecordElement>
              <RecordElement>
                <FieldUsage>
                  <FieldName>75906</FieldName>
                  <Mandatory>true</Mandatory>
                  <Field>
                    <FieldDefinition>
                      <LengthValidator>
                        <MinLength>7</MinLength>
                        <MaxLength>7</MaxLength>
                      </LengthValidator>
                      <DataType>N0,7,7</DataType>
                      <FormatService>wm.b2b.edi.util.formatServices:formatN0</FormatService>
                      <AlternateName>Zähler-Satzart 754</AlternateName>
                      <Description>
Anzahl übertragene Satzarten 754.
Rechtsbündiger Eintrag mit führenden Nullen.
Keine Dezimalstelle.
                      </Description>
                      <IDCode>759_06</IDCode>
                    </FieldDefinition>
                  </Field>
                  <FixedPositionExtractor>
                    <StartPos>26</StartPos>
                    <EndPos>33</EndPos>
                  </FixedPositionExtractor>
                </FieldUsage>
              </RecordElement>
              <RecordElement>
                <FieldUsage>
                  <FieldName>75907</FieldName>
                  <Mandatory>true</Mandatory>
                  <Field>
                    <FieldDefinition>
                      <LengthValidator>
                        <MinLength>7</MinLength>
                        <MaxLength>7</MaxLength>
                      </LengthValidator>
                      <DataType>N0,7,7</DataType>
                      <FormatService>wm.b2b.edi.util.formatServices:formatN0</FormatService>
                      <AlternateName>Zähler-Satzart 755</AlternateName>
                      <Description>
Anzahl übertragene Satzarten 755.
Rechtsbündiger Eintrag mit führenden Nullen.
Keine Dezimalstelle.
                      </Description>
                      <IDCode>759_07</IDCode>
                    </FieldDefinition>
                  </Field>
                  <FixedPositionExtractor>
                    <StartPos>33</StartPos>
                    <EndPos>40</EndPos>
                  </FixedPositionExtractor>
                </FieldUsage>
              </RecordElement>
              <RecordElement>
                <FieldUsage>
                  <FieldName>75908</FieldName>
                  <Mandatory>true</Mandatory>
                  <Field>
                    <FieldDefinition>
                      <LengthValidator>
                        <MinLength>7</MinLength>
                        <MaxLength>7</MaxLength>
                      </LengthValidator>
                      <DataType>N0,7,7</DataType>
                      <FormatService>wm.b2b.edi.util.formatServices:formatN0</FormatService>
                      <AlternateName>Zähler-Satzart 759</AlternateName>
                      <Description>
Anzahl übertragene Satzarten 759.
Rechtsbündiger Eintrag mit führenden Nullen.
Keine Dezimalstelle.
                      </Description>
                      <IDCode>759_08</IDCode>
                    </FieldDefinition>
                  </Field>
                  <FixedPositionExtractor>
                    <StartPos>40</StartPos>
                    <EndPos>47</EndPos>
                  </FixedPositionExtractor>
                </FieldUsage>
              </RecordElement>
              <RecordElement>
                <FieldUsage>
                  <FieldName>75909</FieldName>
                  <Mandatory>false</Mandatory>
                  <Field>
                    <FieldDefinition>
                      <LengthValidator>
                        <MinLength>81</MinLength>
                        <MaxLength>81</MaxLength>
                      </LengthValidator>
                      <DataType>AN,81,81</DataType>
                      <FormatService>wm.b2b.edi.util.formatServices:formatAN</FormatService>
                      <AlternateName>Leer</AlternateName>
                      <Description>mit BLANKS gefüllt</Description>
                      <IDCode>759_09</IDCode>
                    </FieldDefinition>
                  </Field>
                  <FixedPositionExtractor>
                    <StartPos>47</StartPos>
                    <EndPos>128</EndPos>
                  </FixedPositionExtractor>
                </FieldUsage>
              </RecordElement>
              <AlternateName></AlternateName>
              <Description></Description>
            </RecordDefinition>
          </Record>
        </RecordUsage>
      </RecordStructure>
    </RecordStructure>
  </DocumentStructure>
  <RecordParser>
    <FixedLengthParser>
      <RecordLength>128</RecordLength>
    </FixedLengthParser>
  </RecordParser>
  <RecordIdentifier>
    <FixedPositionIdentifier>
      <StartPos>0</StartPos>
    </FixedPositionIdentifier>
  </RecordIdentifier>
  <UndefinedDataAllowed>false</UndefinedDataAllowed>
  <Description>Anlieferungsdaten vom Spediteur an den Kunden/Warenempfänger</Description>
</FFSchema>
