<?xml version="1.0" encoding="UTF-8"?>
<!-- automatically generated by GEFEG.FX -->
<!-- http://www.gefeg.com -->
<FFSchema>
  <Delimiters/>
  <DocumentStructure>
    <Ordered>true</Ordered>
    <RecordStructure>
      <Ordered>true</Ordered>
      <RecordUsage>
        <RecordId>721</RecordId>
        <Mandatory>true</Mandatory>
        <MaxOccur>1</MaxOccur>
        <AllowUndefinedData>true</AllowUndefinedData>
        <Position>NoPosition</Position>
        <AreaId>NoArea</AreaId>
        <Record>
          <RecordDefinition>
            <CheckFields>false</CheckFields>
            <RecordElement>
              <FieldUsage>
                <FieldName>72101</FieldName>
                <Mandatory>true</Mandatory>
                <Field>
                  <FieldDefinition>
                    <LengthValidator>
                      <MinLength>3</MinLength>
                      <MaxLength>3</MaxLength>
                    </LengthValidator>
                    <DataType>N0,3,3</DataType>
                    <FormatService>wm.b2b.edi.util.formatServices:formatN0</FormatService>
                    <AlternateName>Satzart</AlternateName>
                    <Description>Konstant "721"</Description>
                    <IDCode>721_01</IDCode>
                  </FieldDefinition>
                </Field>
                <FixedPositionExtractor>
                  <StartPos>0</StartPos>
                  <EndPos>3</EndPos>
                </FixedPositionExtractor>
              </FieldUsage>
            </RecordElement>
            <RecordElement>
              <FieldUsage>
                <FieldName>72102</FieldName>
                <Mandatory>true</Mandatory>
                <Field>
                  <FieldDefinition>
                    <CodeListValidator>
                      <CodeList>01</CodeList>
                    </CodeListValidator>
                    <DataType>N0,2,2</DataType>
                    <FormatService>wm.b2b.edi.util.formatServices:formatN0</FormatService>
                    <AlternateName>Versions-Nummer</AlternateName>
                    <Description>Aktualität dieser Satzart</Description>
                    <IDCode>721_02</IDCode>
                  </FieldDefinition>
                </Field>
                <FixedPositionExtractor>
                  <StartPos>3</StartPos>
                  <EndPos>5</EndPos>
                </FixedPositionExtractor>
              </FieldUsage>
            </RecordElement>
            <RecordElement>
              <FieldUsage>
                <FieldName>72103</FieldName>
                <Mandatory>true</Mandatory>
                <Field>
                  <FieldDefinition>
                    <LengthValidator>
                      <MinLength>9</MinLength>
                      <MaxLength>9</MaxLength>
                    </LengthValidator>
                    <DataType>AN,9,9</DataType>
                    <FormatService>wm.b2b.edi.util.formatServices:formatAN</FormatService>
                    <AlternateName>Daten-Empfänger-Nummer</AlternateName>
                    <Description>
Ident-Nummer, die der Daten-Sender mit dem Daten-Empfänger vereinbart.
Linksbündiger Eintrag.
                    </Description>
                    <IDCode>721_03</IDCode>
                  </FieldDefinition>
                </Field>
                <FixedPositionExtractor>
                  <StartPos>5</StartPos>
                  <EndPos>14</EndPos>
                </FixedPositionExtractor>
              </FieldUsage>
            </RecordElement>
            <RecordElement>
              <FieldUsage>
                <FieldName>72104</FieldName>
                <Mandatory>true</Mandatory>
                <Field>
                  <FieldDefinition>
                    <LengthValidator>
                      <MinLength>9</MinLength>
                      <MaxLength>9</MaxLength>
                    </LengthValidator>
                    <DataType>AN,9,9</DataType>
                    <FormatService>wm.b2b.edi.util.formatServices:formatAN</FormatService>
                    <AlternateName>Daten-Sender-Nummer</AlternateName>
                    <Description>
Ident-Nummer, die der Daten-Empfänger mit dem Datensender vereinbart.
Linksbündiger Eintrag.
                    </Description>
                    <IDCode>721_04</IDCode>
                  </FieldDefinition>
                </Field>
                <FixedPositionExtractor>
                  <StartPos>14</StartPos>
                  <EndPos>23</EndPos>
                </FixedPositionExtractor>
              </FieldUsage>
            </RecordElement>
            <RecordElement>
              <FieldUsage>
                <FieldName>72105</FieldName>
                <Mandatory>true</Mandatory>
                <Field>
                  <FieldDefinition>
                    <LengthValidator>
                      <MinLength>5</MinLength>
                      <MaxLength>5</MaxLength>
                    </LengthValidator>
                    <DataType>N0,5,5</DataType>
                    <FormatService>wm.b2b.edi.util.formatServices:formatN0</FormatService>
                    <AlternateName>Übertragungs-Nummer-Alt</AlternateName>
                    <Description>
Beschreibung siehe Übertragungs-Nummer-Neu. Bei der ersten Übertragung ist Übertragungs-Nummer-Alt=00000.
Rechtsbündiger Eintrag mit führenden Nullen.
                    </Description>
                    <IDCode>721_05</IDCode>
                  </FieldDefinition>
                </Field>
                <FixedPositionExtractor>
                  <StartPos>23</StartPos>
                  <EndPos>28</EndPos>
                </FixedPositionExtractor>
              </FieldUsage>
            </RecordElement>
            <RecordElement>
              <FieldUsage>
                <FieldName>72106</FieldName>
                <Mandatory>true</Mandatory>
                <Field>
                  <FieldDefinition>
                    <LengthValidator>
                      <MinLength>5</MinLength>
                      <MaxLength>5</MaxLength>
                    </LengthValidator>
                    <DataType>N0,5,5</DataType>
                    <FormatService>wm.b2b.edi.util.formatServices:formatN0</FormatService>
                    <AlternateName>Übertragungs-Nummer-Neu</AlternateName>
                    <Description>
Der Datenersteller vergibt innerhalb einer Anwendung (z.B. Lieferabruf-DFÜ, Rechnungs-DFÜ usw.) für jeden DFÜ-Erstellungslauf eine Übertragungsnummer (neu). Der Wert "00000" darf nicht verwendet werden. Datenersteller und Empfänger bewahren diese Nummer bis zur nächsten Übertragung derselben Anwendung auf. Da der Datenersteller jeweils bis zu der neuen Übertragungs-Nummer auch die des vorausgegangenen DFÜ-Erstellungslaufes innerhalb dieser Anwendung angibt (als Nummer-Alt), kann der Empfänger die Vollständigkeit der DFÜ-Bestände je Anwendung kontrollieren. Daher ist keine lückenlos aufsteigende Nummernfolge erforderlich. Rechtsbündiger Eintrag mit führenden Nullen.

Beispiele für Eintragungen in den beiden Übertragungs-Nummern:

Vorgang     Nummer-Alt    Nummer-Neu
Start:      00000         00001
   oder:    00000         00017

Routine:    00019         00020
   oder:    88051         88061

Überlauf:   99999         00001
   oder:    89361         00011
                    </Description>
                    <IDCode>721_06</IDCode>
                  </FieldDefinition>
                </Field>
                <FixedPositionExtractor>
                  <StartPos>28</StartPos>
                  <EndPos>33</EndPos>
                </FixedPositionExtractor>
              </FieldUsage>
            </RecordElement>
            <RecordElement>
              <FieldUsage>
                <FieldName>72107</FieldName>
                <Mandatory>true</Mandatory>
                <Field>
                  <FieldDefinition>
                    <LengthValidator>
                      <MinLength>6</MinLength>
                      <MaxLength>6</MaxLength>
                    </LengthValidator>
                    <DataType>N0,6,6</DataType>
                    <FormatService>wm.b2b.edi.util.formatServices:formatN0</FormatService>
                    <AlternateName>Übertragungs-Datum</AlternateName>
                    <Description>
Format:
JJMMTT
                    </Description>
                    <IDCode>721_07</IDCode>
                  </FieldDefinition>
                </Field>
                <FixedPositionExtractor>
                  <StartPos>33</StartPos>
                  <EndPos>39</EndPos>
                </FixedPositionExtractor>
              </FieldUsage>
            </RecordElement>
            <RecordElement>
              <FieldUsage>
                <FieldName>72108</FieldName>
                <Mandatory>true</Mandatory>
                <Field>
                  <FieldDefinition>
                    <CodeListValidator>
                      <CodeList>09</CodeList>
                    </CodeListValidator>
                    <DataType>N0,2,2</DataType>
                    <FormatService>wm.b2b.edi.util.formatServices:formatN0</FormatService>
                    <AlternateName>Schlüssel-Übertragungs-Zweck</AlternateName>
                    <Description>
Codierung der Informationsart.
Verschlüsselte Form, siehe Codeliste 01.
                    </Description>
                    <IDCode>721_08</IDCode>
                  </FieldDefinition>
                </Field>
                <FixedPositionExtractor>
                  <StartPos>39</StartPos>
                  <EndPos>41</EndPos>
                </FixedPositionExtractor>
              </FieldUsage>
            </RecordElement>
            <RecordElement>
              <FieldUsage>
                <FieldName>72109</FieldName>
                <Mandatory>false</Mandatory>
                <Field>
                  <FieldDefinition>
                    <LengthValidator>
                      <MinLength>40</MinLength>
                      <MaxLength>40</MaxLength>
                    </LengthValidator>
                    <DataType>AN,40,40</DataType>
                    <FormatService>wm.b2b.edi.util.formatServices:formatAN</FormatService>
                    <AlternateName>Text1</AlternateName>
                    <Description>
Freier Text, z.B. zur Angabe der Kontakt-Stelle bzw. -Person des Senders für Rückfragen ect.
Linksbündiger Eintrag.
                    </Description>
                    <IDCode>721_09</IDCode>
                  </FieldDefinition>
                </Field>
                <FixedPositionExtractor>
                  <StartPos>41</StartPos>
                  <EndPos>81</EndPos>
                </FixedPositionExtractor>
              </FieldUsage>
            </RecordElement>
            <RecordElement>
              <FieldUsage>
                <FieldName>72110</FieldName>
                <Mandatory>false</Mandatory>
                <Field>
                  <FieldDefinition>
                    <LengthValidator>
                      <MinLength>40</MinLength>
                      <MaxLength>40</MaxLength>
                    </LengthValidator>
                    <DataType>AN,40,40</DataType>
                    <FormatService>wm.b2b.edi.util.formatServices:formatAN</FormatService>
                    <AlternateName>Text2</AlternateName>
                    <Description>
Freier Text, z.B. zur Angabe der Kontakt-Stelle bzw. -Person des Senders für Rückfragen ect.
Linksbündiger Eintrag.
                    </Description>
                    <IDCode>721_10</IDCode>
                  </FieldDefinition>
                </Field>
                <FixedPositionExtractor>
                  <StartPos>81</StartPos>
                  <EndPos>121</EndPos>
                </FixedPositionExtractor>
              </FieldUsage>
            </RecordElement>
            <RecordElement>
              <FieldUsage>
                <FieldName>72111</FieldName>
                <Mandatory>false</Mandatory>
                <Field>
                  <FieldDefinition>
                    <LengthValidator>
                      <MinLength>7</MinLength>
                      <MaxLength>7</MaxLength>
                    </LengthValidator>
                    <DataType>AN,7,7</DataType>
                    <FormatService>wm.b2b.edi.util.formatServices:formatAN</FormatService>
                    <AlternateName>Leer</AlternateName>
                    <Description>Mit BLANKS gefüllt</Description>
                    <IDCode>721_11</IDCode>
                  </FieldDefinition>
                </Field>
                <FixedPositionExtractor>
                  <StartPos>121</StartPos>
                  <EndPos>128</EndPos>
                </FixedPositionExtractor>
              </FieldUsage>
            </RecordElement>
            <AlternateName></AlternateName>
            <Description></Description>
          </RecordDefinition>
        </Record>
      </RecordUsage>
      <RecordStructure>
        <Ordered>true</Ordered>
        <RecordUsage>
          <RecordId>722</RecordId>
          <Mandatory>true</Mandatory>
          <MaxOccur>9999999</MaxOccur>
          <AllowUndefinedData>true</AllowUndefinedData>
          <Position>NoPosition</Position>
          <AreaId>NoArea</AreaId>
          <Record>
            <RecordDefinition>
              <CheckFields>false</CheckFields>
              <RecordElement>
                <FieldUsage>
                  <FieldName>72201</FieldName>
                  <Mandatory>true</Mandatory>
                  <Field>
                    <FieldDefinition>
                      <LengthValidator>
                        <MinLength>3</MinLength>
                        <MaxLength>3</MaxLength>
                      </LengthValidator>
                      <DataType>N0,3,3</DataType>
                      <FormatService>wm.b2b.edi.util.formatServices:formatN0</FormatService>
                      <AlternateName>Satzart</AlternateName>
                      <Description>Konstant "722"</Description>
                      <IDCode>722_01</IDCode>
                    </FieldDefinition>
                  </Field>
                  <FixedPositionExtractor>
                    <StartPos>0</StartPos>
                    <EndPos>3</EndPos>
                  </FixedPositionExtractor>
                </FieldUsage>
              </RecordElement>
              <RecordElement>
                <FieldUsage>
                  <FieldName>72202</FieldName>
                  <Mandatory>true</Mandatory>
                  <Field>
                    <FieldDefinition>
                      <CodeListValidator>
                        <CodeList>01</CodeList>
                      </CodeListValidator>
                      <DataType>N0,2,2</DataType>
                      <FormatService>wm.b2b.edi.util.formatServices:formatN0</FormatService>
                      <AlternateName>Versions-Nummer</AlternateName>
                      <Description>Aktualität dieser Satzart</Description>
                      <IDCode>722_02</IDCode>
                    </FieldDefinition>
                  </Field>
                  <FixedPositionExtractor>
                    <StartPos>3</StartPos>
                    <EndPos>5</EndPos>
                  </FixedPositionExtractor>
                </FieldUsage>
              </RecordElement>
              <RecordElement>
                <FieldUsage>
                  <FieldName>72203</FieldName>
                  <Mandatory>true</Mandatory>
                  <Field>
                    <FieldDefinition>
                      <LengthValidator>
                        <MinLength>9</MinLength>
                        <MaxLength>9</MaxLength>
                      </LengthValidator>
                      <DataType>AN,9,9</DataType>
                      <FormatService>wm.b2b.edi.util.formatServices:formatAN</FormatService>
                      <AlternateName>Lieferanten-Nummer</AlternateName>
                      <Description>Lieferanten-Nummer, alphanumerisch, linksbündig</Description>
                      <IDCode>722_03</IDCode>
                    </FieldDefinition>
                  </Field>
                  <FixedPositionExtractor>
                    <StartPos>5</StartPos>
                    <EndPos>14</EndPos>
                  </FixedPositionExtractor>
                </FieldUsage>
              </RecordElement>
              <RecordElement>
                <FieldUsage>
                  <FieldName>72204</FieldName>
                  <Mandatory>false</Mandatory>
                  <Field>
                    <FieldDefinition>
                      <LengthValidator>
                        <MinLength>5</MinLength>
                        <MaxLength>5</MaxLength>
                      </LengthValidator>
                      <DataType>AN,5,5</DataType>
                      <FormatService>wm.b2b.edi.util.formatServices:formatAN</FormatService>
                      <AlternateName>Ortschlüssel-Lieferant</AlternateName>
                      <Description>
Detaillierung des Bestandsortes (Werk, Abladestelle, Leergutlager, ect.) beim Lieferanten, verschlüsselte Form des Lieferanten. BLANKS, falls keine weitere Detaillierung vereinbart wird.
Linksbündiger Eintrag.
                      </Description>
                      <IDCode>722_04</IDCode>
                    </FieldDefinition>
                  </Field>
                  <FixedPositionExtractor>
                    <StartPos>14</StartPos>
                    <EndPos>19</EndPos>
                  </FixedPositionExtractor>
                </FieldUsage>
              </RecordElement>
              <RecordElement>
                <FieldUsage>
                  <FieldName>72205</FieldName>
                  <Mandatory>true</Mandatory>
                  <Field>
                    <FieldDefinition>
                      <LengthValidator>
                        <MinLength>9</MinLength>
                        <MaxLength>9</MaxLength>
                      </LengthValidator>
                      <DataType>AN,9,9</DataType>
                      <FormatService>wm.b2b.edi.util.formatServices:formatAN</FormatService>
                      <AlternateName>Kunden-Nummer</AlternateName>
                      <Description>Kunden-Nummer, alphanumerisch, linksbündig</Description>
                      <IDCode>722_05</IDCode>
                    </FieldDefinition>
                  </Field>
                  <FixedPositionExtractor>
                    <StartPos>19</StartPos>
                    <EndPos>28</EndPos>
                  </FixedPositionExtractor>
                </FieldUsage>
              </RecordElement>
              <RecordElement>
                <FieldUsage>
                  <FieldName>72206</FieldName>
                  <Mandatory>false</Mandatory>
                  <Field>
                    <FieldDefinition>
                      <LengthValidator>
                        <MinLength>5</MinLength>
                        <MaxLength>5</MaxLength>
                      </LengthValidator>
                      <DataType>AN,5,5</DataType>
                      <FormatService>wm.b2b.edi.util.formatServices:formatAN</FormatService>
                      <AlternateName>Ortsschlüssel-kunde</AlternateName>
                      <Description>
Detaillierung des Bestandsortes beim Kunden, verschlüsselte Form des Kunden. Blanks, falls keine weitere Detaillierung vereinbart wird.
Linksbündiger Eintrag.
                      </Description>
                      <IDCode>722_06</IDCode>
                    </FieldDefinition>
                  </Field>
                  <FixedPositionExtractor>
                    <StartPos>28</StartPos>
                    <EndPos>33</EndPos>
                  </FixedPositionExtractor>
                </FieldUsage>
              </RecordElement>
              <RecordElement>
                <FieldUsage>
                  <FieldName>72207</FieldName>
                  <Mandatory>false</Mandatory>
                  <Field>
                    <FieldDefinition>
                      <LengthValidator>
                        <MinLength>40</MinLength>
                        <MaxLength>40</MaxLength>
                      </LengthValidator>
                      <DataType>AN,40,40</DataType>
                      <FormatService>wm.b2b.edi.util.formatServices:formatAN</FormatService>
                      <AlternateName>Text1</AlternateName>
                      <Description>Freier Text 1</Description>
                      <IDCode>722_07</IDCode>
                    </FieldDefinition>
                  </Field>
                  <FixedPositionExtractor>
                    <StartPos>33</StartPos>
                    <EndPos>73</EndPos>
                  </FixedPositionExtractor>
                </FieldUsage>
              </RecordElement>
              <RecordElement>
                <FieldUsage>
                  <FieldName>72208</FieldName>
                  <Mandatory>false</Mandatory>
                  <Field>
                    <FieldDefinition>
                      <LengthValidator>
                        <MinLength>40</MinLength>
                        <MaxLength>40</MaxLength>
                      </LengthValidator>
                      <DataType>AN,40,40</DataType>
                      <FormatService>wm.b2b.edi.util.formatServices:formatAN</FormatService>
                      <AlternateName>Text2</AlternateName>
                      <Description>Freier Text 2</Description>
                      <IDCode>722_08</IDCode>
                    </FieldDefinition>
                  </Field>
                  <FixedPositionExtractor>
                    <StartPos>73</StartPos>
                    <EndPos>113</EndPos>
                  </FixedPositionExtractor>
                </FieldUsage>
              </RecordElement>
              <RecordElement>
                <FieldUsage>
                  <FieldName>72209</FieldName>
                  <Mandatory>false</Mandatory>
                  <Field>
                    <FieldDefinition>
                      <LengthValidator>
                        <MinLength>15</MinLength>
                        <MaxLength>15</MaxLength>
                      </LengthValidator>
                      <DataType>AN,15,15</DataType>
                      <FormatService>wm.b2b.edi.util.formatServices:formatAN</FormatService>
                      <AlternateName>Leer</AlternateName>
                      <Description>Mit BLANKS gefüllt.</Description>
                      <IDCode>722_09</IDCode>
                    </FieldDefinition>
                  </Field>
                  <FixedPositionExtractor>
                    <StartPos>113</StartPos>
                    <EndPos>128</EndPos>
                  </FixedPositionExtractor>
                </FieldUsage>
              </RecordElement>
              <AlternateName></AlternateName>
              <Description></Description>
            </RecordDefinition>
          </Record>
        </RecordUsage>
        <RecordStructure>
          <Ordered>true</Ordered>
          <RecordUsage>
            <RecordId>723</RecordId>
            <Mandatory>true</Mandatory>
            <MaxOccur>9999999</MaxOccur>
            <AllowUndefinedData>true</AllowUndefinedData>
            <Position>NoPosition</Position>
            <AreaId>NoArea</AreaId>
            <Record>
              <RecordDefinition>
                <CheckFields>false</CheckFields>
                <RecordElement>
                  <FieldUsage>
                    <FieldName>72301</FieldName>
                    <Mandatory>true</Mandatory>
                    <Field>
                      <FieldDefinition>
                        <LengthValidator>
                          <MinLength>3</MinLength>
                          <MaxLength>3</MaxLength>
                        </LengthValidator>
                        <DataType>N0,3,3</DataType>
                        <FormatService>wm.b2b.edi.util.formatServices:formatN0</FormatService>
                        <AlternateName>Satzart</AlternateName>
                        <Description>Konstant "723"</Description>
                        <IDCode>723_01</IDCode>
                      </FieldDefinition>
                    </Field>
                    <FixedPositionExtractor>
                      <StartPos>0</StartPos>
                      <EndPos>3</EndPos>
                    </FixedPositionExtractor>
                  </FieldUsage>
                </RecordElement>
                <RecordElement>
                  <FieldUsage>
                    <FieldName>72302</FieldName>
                    <Mandatory>true</Mandatory>
                    <Field>
                      <FieldDefinition>
                        <CodeListValidator>
                          <CodeList>01</CodeList>
                        </CodeListValidator>
                        <DataType>N0,2,2</DataType>
                        <FormatService>wm.b2b.edi.util.formatServices:formatN0</FormatService>
                        <AlternateName>Versions-Nummer</AlternateName>
                        <Description>Aktualität dieser Satzart.</Description>
                        <IDCode>723_02</IDCode>
                      </FieldDefinition>
                    </Field>
                    <FixedPositionExtractor>
                      <StartPos>3</StartPos>
                      <EndPos>5</EndPos>
                    </FixedPositionExtractor>
                  </FieldUsage>
                </RecordElement>
                <RecordElement>
                  <FieldUsage>
                    <FieldName>72303</FieldName>
                    <Mandatory>false</Mandatory>
                    <Field>
                      <FieldDefinition>
                        <LengthValidator>
                          <MinLength>22</MinLength>
                          <MaxLength>22</MaxLength>
                        </LengthValidator>
                        <DataType>AN,22,22</DataType>
                        <FormatService>wm.b2b.edi.util.formatServices:formatAN</FormatService>
                        <AlternateName>Sachnummer-Kunde</AlternateName>
                        <Description>Bezeichnung des Kunden für die Ladungsträger-Art, linksbündig eintragen.</Description>
                        <IDCode>723_03</IDCode>
                      </FieldDefinition>
                    </Field>
                    <FixedPositionExtractor>
                      <StartPos>5</StartPos>
                      <EndPos>27</EndPos>
                    </FixedPositionExtractor>
                  </FieldUsage>
                </RecordElement>
                <RecordElement>
                  <FieldUsage>
                    <FieldName>72304</FieldName>
                    <Mandatory>false</Mandatory>
                    <Field>
                      <FieldDefinition>
                        <LengthValidator>
                          <MinLength>9</MinLength>
                          <MaxLength>9</MaxLength>
                        </LengthValidator>
                        <DataType>AN,9,9</DataType>
                        <FormatService>wm.b2b.edi.util.formatServices:formatAN</FormatService>
                        <AlternateName>Ladungsträger-Gruppe</AlternateName>
                        <Description>
Bezeichnung der Gruppe, zu der die Ladungsträger-Art gehört.
Linksbündig
                        </Description>
                        <IDCode>723_04</IDCode>
                      </FieldDefinition>
                    </Field>
                    <FixedPositionExtractor>
                      <StartPos>27</StartPos>
                      <EndPos>36</EndPos>
                    </FixedPositionExtractor>
                  </FieldUsage>
                </RecordElement>
                <RecordElement>
                  <FieldUsage>
                    <FieldName>72305</FieldName>
                    <Mandatory>false</Mandatory>
                    <Field>
                      <FieldDefinition>
                        <LengthValidator>
                          <MinLength>22</MinLength>
                          <MaxLength>22</MaxLength>
                        </LengthValidator>
                        <DataType>AN,22,22</DataType>
                        <FormatService>wm.b2b.edi.util.formatServices:formatAN</FormatService>
                        <AlternateName>Sachnummer-Lieferant</AlternateName>
                        <Description>Bezeichnung des Lieferanten für die Ladungsträger-Art, linksbündig eintragen.</Description>
                        <IDCode>723_05</IDCode>
                      </FieldDefinition>
                    </Field>
                    <FixedPositionExtractor>
                      <StartPos>36</StartPos>
                      <EndPos>58</EndPos>
                    </FixedPositionExtractor>
                  </FieldUsage>
                </RecordElement>
                <RecordElement>
                  <FieldUsage>
                    <FieldName>72306</FieldName>
                    <Mandatory>false</Mandatory>
                    <Field>
                      <FieldDefinition>
                        <LengthValidator>
                          <MinLength>13</MinLength>
                          <MaxLength>13</MaxLength>
                        </LengthValidator>
                        <DataType>N0,13,13</DataType>
                        <FormatService>wm.b2b.edi.util.formatServices:formatN0</FormatService>
                        <AlternateName>Anzahl Ladungsträger Bestand-alt</AlternateName>
                        <Description>
Kontoauszug: Endbstand des letzten Auszugs (Übertrag).
Kontoauszug (Übertragungszweck 01 und 02): Pos. 6 bis 10 sind Mußfelder.
Rechtsbündiger Eintrag.
                        </Description>
                        <IDCode>723_06</IDCode>
                      </FieldDefinition>
                    </Field>
                    <FixedPositionExtractor>
                      <StartPos>58</StartPos>
                      <EndPos>71</EndPos>
                    </FixedPositionExtractor>
                  </FieldUsage>
                </RecordElement>
                <RecordElement>
                  <FieldUsage>
                    <FieldName>72307</FieldName>
                    <Mandatory>false</Mandatory>
                    <Field>
                      <FieldDefinition>
                        <LengthValidator>
                          <MinLength>1</MinLength>
                          <MaxLength>1</MaxLength>
                        </LengthValidator>
                        <DataType>AN,1,1</DataType>
                        <FormatService>wm.b2b.edi.util.formatServices:formatAN</FormatService>
                        <AlternateName>Vorzeichen-Bestand-alt</AlternateName>
                        <Description>
Vorzeichen der Mengenangabe, siehe Codeliste 02.
Kontoauszug (Übertragungszweck 01 und 02): Pos. 6 bis 10 sind Mußfelder.
                        </Description>
                        <IDCode>723_07</IDCode>
                      </FieldDefinition>
                    </Field>
                    <FixedPositionExtractor>
                      <StartPos>71</StartPos>
                      <EndPos>72</EndPos>
                    </FixedPositionExtractor>
                  </FieldUsage>
                </RecordElement>
                <RecordElement>
                  <FieldUsage>
                    <FieldName>72308</FieldName>
                    <Mandatory>true</Mandatory>
                    <Field>
                      <FieldDefinition>
                        <LengthValidator>
                          <MinLength>6</MinLength>
                          <MaxLength>6</MaxLength>
                        </LengthValidator>
                        <DataType>N0,6,6</DataType>
                        <FormatService>wm.b2b.edi.util.formatServices:formatN0</FormatService>
                        <AlternateName>Buchungsdatum Bestand-alt</AlternateName>
                        <Description>
Kontoauszug: Datum des letzten Auszugs
Kontoauszug (Übertragungszweck 01 und 02): Pos. 6 bis 10 sind Mußfelder.
Inventur-Rückmeldung (Übertragungszweck 05): Pos. 8 bis 10 sind Mußfelder.

Format:
JJMMTT
                        </Description>
                        <IDCode>723_08</IDCode>
                      </FieldDefinition>
                    </Field>
                    <FixedPositionExtractor>
                      <StartPos>72</StartPos>
                      <EndPos>78</EndPos>
                    </FixedPositionExtractor>
                  </FieldUsage>
                </RecordElement>
                <RecordElement>
                  <FieldUsage>
                    <FieldName>72309</FieldName>
                    <Mandatory>false</Mandatory>
                    <Field>
                      <FieldDefinition>
                        <LengthValidator>
                          <MinLength>13</MinLength>
                          <MaxLength>13</MaxLength>
                        </LengthValidator>
                        <DataType>N0,13,13</DataType>
                        <FormatService>wm.b2b.edi.util.formatServices:formatN0</FormatService>
                        <AlternateName>Anzahl-Ladungsträger Bestand-neu</AlternateName>
                        <Description>
Kontoauszug: Endbestand des vorliegenden Auszugs. Inventur-Rückmeldung: gezählter Bestand nach Inventuraufnahme.
Kontoauszug (Übertragungszweck 01 und 02): Pos. 6 bis 10 sind Mußfelder.
Inventur-Rückmeldung (Übertragungszweck 05): Pos. 8 bis 10 sind Mußfelder.
Rechtsbündiger Eintrag.
                        </Description>
                        <IDCode>723_09</IDCode>
                      </FieldDefinition>
                    </Field>
                    <FixedPositionExtractor>
                      <StartPos>78</StartPos>
                      <EndPos>91</EndPos>
                    </FixedPositionExtractor>
                  </FieldUsage>
                </RecordElement>
                <RecordElement>
                  <FieldUsage>
                    <FieldName>72310</FieldName>
                    <Mandatory>false</Mandatory>
                    <Field>
                      <FieldDefinition>
                        <LengthValidator>
                          <MinLength>1</MinLength>
                          <MaxLength>1</MaxLength>
                        </LengthValidator>
                        <DataType>AN,1,1</DataType>
                        <FormatService>wm.b2b.edi.util.formatServices:formatAN</FormatService>
                        <AlternateName>Vorzeichen-Bestand-neu</AlternateName>
                        <Description>
Vorzeichen der Mengenangabe, siehe Codeliste 02.
Kontoauszug (Übertragungszweck 01 und 02): Pos. 6 bis 10 sind Mußfelder.
Inventur-Rückmeldung (Übertragungszweck 05): Pos. 8 bis 10 sind Mußfelder.
                        </Description>
                        <IDCode>723_10</IDCode>
                      </FieldDefinition>
                    </Field>
                    <FixedPositionExtractor>
                      <StartPos>91</StartPos>
                      <EndPos>92</EndPos>
                    </FixedPositionExtractor>
                  </FieldUsage>
                </RecordElement>
                <RecordElement>
                  <FieldUsage>
                    <FieldName>72311</FieldName>
                    <Mandatory>false</Mandatory>
                    <Field>
                      <FieldDefinition>
                        <LengthValidator>
                          <MinLength>6</MinLength>
                          <MaxLength>6</MaxLength>
                        </LengthValidator>
                        <DataType>N0,6,6</DataType>
                        <FormatService>wm.b2b.edi.util.formatServices:formatN0</FormatService>
                        <AlternateName>Buchungsdatum Bestand-neu</AlternateName>
                        <Description>
Datum der aktuellen Bestandsangaben

Format:
JJMMTT
                        </Description>
                        <IDCode>723_11</IDCode>
                      </FieldDefinition>
                    </Field>
                    <FixedPositionExtractor>
                      <StartPos>92</StartPos>
                      <EndPos>98</EndPos>
                    </FixedPositionExtractor>
                  </FieldUsage>
                </RecordElement>
                <RecordElement>
                  <FieldUsage>
                    <FieldName>72312</FieldName>
                    <Mandatory>true</Mandatory>
                    <Field>
                      <FieldDefinition>
                        <LengthValidator>
                          <MinLength>1</MinLength>
                          <MaxLength>1</MaxLength>
                        </LengthValidator>
                        <DataType>AN,1,1</DataType>
                        <FormatService>wm.b2b.edi.util.formatServices:formatAN</FormatService>
                        <AlternateName>Kennzeichen-Vorgangsdaten vorhanden</AlternateName>
                        <Description>
Kennzeichen, ob Daten zu Vorgängen vorhanden sind.
Werte: "J" oder "N".
Falls "N" : Bestand-neu = Bestand-alt
                        </Description>
                        <IDCode>723_12</IDCode>
                      </FieldDefinition>
                    </Field>
                    <FixedPositionExtractor>
                      <StartPos>98</StartPos>
                      <EndPos>99</EndPos>
                    </FixedPositionExtractor>
                  </FieldUsage>
                </RecordElement>
                <RecordElement>
                  <FieldUsage>
                    <FieldName>72313</FieldName>
                    <Mandatory>false</Mandatory>
                    <Field>
                      <FieldDefinition>
                        <LengthValidator>
                          <MinLength>13</MinLength>
                          <MaxLength>13</MaxLength>
                        </LengthValidator>
                        <DataType>N0,13,13</DataType>
                        <FormatService>wm.b2b.edi.util.formatServices:formatN0</FormatService>
                        <AlternateName>Sollwert-Anzahl</AlternateName>
                        <Description>
Sollwert Anzahl Ladungsträger beim Lieferanten
Rechtsbündiger Eintrag.
                        </Description>
                        <IDCode>723_13</IDCode>
                      </FieldDefinition>
                    </Field>
                    <FixedPositionExtractor>
                      <StartPos>99</StartPos>
                      <EndPos>112</EndPos>
                    </FixedPositionExtractor>
                  </FieldUsage>
                </RecordElement>
                <RecordElement>
                  <FieldUsage>
                    <FieldName>72314</FieldName>
                    <Mandatory>false</Mandatory>
                    <Field>
                      <FieldDefinition>
                        <LengthValidator>
                          <MinLength>3</MinLength>
                          <MaxLength>3</MaxLength>
                        </LengthValidator>
                        <DataType>N0,3,3</DataType>
                        <FormatService>wm.b2b.edi.util.formatServices:formatN0</FormatService>
                        <AlternateName>Sollwert-Tage</AlternateName>
                        <Description>
Anzahl der Produktionstage, für die der Sollwert gerechnet ist.
Rechtsbündiger Eintrag.
                        </Description>
                        <IDCode>723_14</IDCode>
                      </FieldDefinition>
                    </Field>
                    <FixedPositionExtractor>
                      <StartPos>112</StartPos>
                      <EndPos>115</EndPos>
                    </FixedPositionExtractor>
                  </FieldUsage>
                </RecordElement>
                <RecordElement>
                  <FieldUsage>
                    <FieldName>72315</FieldName>
                    <Mandatory>false</Mandatory>
                    <Field>
                      <FieldDefinition>
                        <LengthValidator>
                          <MinLength>13</MinLength>
                          <MaxLength>13</MaxLength>
                        </LengthValidator>
                        <DataType>AN,13,13</DataType>
                        <FormatService>wm.b2b.edi.util.formatServices:formatAN</FormatService>
                        <AlternateName>Leer</AlternateName>
                        <Description>Mit BLANKS gefüllt.</Description>
                        <IDCode>723_15</IDCode>
                      </FieldDefinition>
                    </Field>
                    <FixedPositionExtractor>
                      <StartPos>115</StartPos>
                      <EndPos>128</EndPos>
                    </FixedPositionExtractor>
                  </FieldUsage>
                </RecordElement>
                <AlternateName></AlternateName>
                <Description></Description>
              </RecordDefinition>
            </Record>
          </RecordUsage>
          <RecordStructure>
            <Ordered>true</Ordered>
            <RecordUsage>
              <RecordId>724</RecordId>
              <Mandatory>true</Mandatory>
              <MaxOccur>9999999</MaxOccur>
              <AllowUndefinedData>true</AllowUndefinedData>
              <Position>NoPosition</Position>
              <AreaId>NoArea</AreaId>
              <Record>
                <RecordDefinition>
                  <CheckFields>false</CheckFields>
                  <RecordElement>
                    <FieldUsage>
                      <FieldName>72401</FieldName>
                      <Mandatory>true</Mandatory>
                      <Field>
                        <FieldDefinition>
                          <LengthValidator>
                            <MinLength>3</MinLength>
                            <MaxLength>3</MaxLength>
                          </LengthValidator>
                          <DataType>N0,3,3</DataType>
                          <FormatService>wm.b2b.edi.util.formatServices:formatN0</FormatService>
                          <AlternateName>Satzart</AlternateName>
                          <Description>Konstant "724"</Description>
                          <IDCode>724_01</IDCode>
                        </FieldDefinition>
                      </Field>
                      <FixedPositionExtractor>
                        <StartPos>0</StartPos>
                        <EndPos>3</EndPos>
                      </FixedPositionExtractor>
                    </FieldUsage>
                  </RecordElement>
                  <RecordElement>
                    <FieldUsage>
                      <FieldName>72402</FieldName>
                      <Mandatory>true</Mandatory>
                      <Field>
                        <FieldDefinition>
                          <CodeListValidator>
                            <CodeList>03</CodeList>
                          </CodeListValidator>
                          <DataType>N0,2,2</DataType>
                          <FormatService>wm.b2b.edi.util.formatServices:formatN0</FormatService>
                          <AlternateName>Versions-Nummer</AlternateName>
                          <Description>Aktualität dieser Satzart</Description>
                          <IDCode>724_02</IDCode>
                        </FieldDefinition>
                      </Field>
                      <FixedPositionExtractor>
                        <StartPos>3</StartPos>
                        <EndPos>5</EndPos>
                      </FixedPositionExtractor>
                    </FieldUsage>
                  </RecordElement>
                  <RecordElement>
                    <FieldUsage>
                      <FieldName>72403</FieldName>
                      <Mandatory>true</Mandatory>
                      <Field>
                        <FieldDefinition>
                          <LengthValidator>
                            <MinLength>2</MinLength>
                            <MaxLength>2</MaxLength>
                          </LengthValidator>
                          <DataType>N0,2,2</DataType>
                          <FormatService>wm.b2b.edi.util.formatServices:formatN0</FormatService>
                          <AlternateName>Vorgangs-Schlüssel</AlternateName>
                          <Description>Verschlüsselte Art des Vorgangs/Belegs, siehe Codeliste 03.</Description>
                          <IDCode>724_03</IDCode>
                        </FieldDefinition>
                      </Field>
                      <FixedPositionExtractor>
                        <StartPos>5</StartPos>
                        <EndPos>7</EndPos>
                      </FixedPositionExtractor>
                    </FieldUsage>
                  </RecordElement>
                  <RecordElement>
                    <FieldUsage>
                      <FieldName>72404</FieldName>
                      <Mandatory>true</Mandatory>
                      <Field>
                        <FieldDefinition>
                          <LengthValidator>
                            <MinLength>8</MinLength>
                            <MaxLength>8</MaxLength>
                          </LengthValidator>
                          <DataType>AN,8,8</DataType>
                          <FormatService>wm.b2b.edi.util.formatServices:formatAN</FormatService>
                          <AlternateName>Beleg-Nummer</AlternateName>
                          <Description>Ident.-Nummer, die der Vorgangsauslöser diesem Vorgang zuteilt, z.B. Lieferschein-Nummer, Frachtbrief-Nummer</Description>
                          <IDCode>724_04</IDCode>
                        </FieldDefinition>
                      </Field>
                      <FixedPositionExtractor>
                        <StartPos>7</StartPos>
                        <EndPos>15</EndPos>
                      </FixedPositionExtractor>
                    </FieldUsage>
                  </RecordElement>
                  <RecordElement>
                    <FieldUsage>
                      <FieldName>72405</FieldName>
                      <Mandatory>false</Mandatory>
                      <Field>
                        <FieldDefinition>
                          <LengthValidator>
                            <MinLength>3</MinLength>
                            <MaxLength>3</MaxLength>
                          </LengthValidator>
                          <DataType>N0,3,3</DataType>
                          <FormatService>wm.b2b.edi.util.formatServices:formatN0</FormatService>
                          <AlternateName>Beleg-Pos-Nr. 1</AlternateName>
                          <Description>
Nummer der Position auf dem Beleg, unter der das Material geführt wurde.
Rechtsbündiger Eintrag.
                          </Description>
                          <IDCode>724_05</IDCode>
                        </FieldDefinition>
                      </Field>
                      <FixedPositionExtractor>
                        <StartPos>15</StartPos>
                        <EndPos>18</EndPos>
                      </FixedPositionExtractor>
                    </FieldUsage>
                  </RecordElement>
                  <RecordElement>
                    <FieldUsage>
                      <FieldName>72406</FieldName>
                      <Mandatory>false</Mandatory>
                      <Field>
                        <FieldDefinition>
                          <LengthValidator>
                            <MinLength>3</MinLength>
                            <MaxLength>3</MaxLength>
                          </LengthValidator>
                          <DataType>N0,3,3</DataType>
                          <FormatService>wm.b2b.edi.util.formatServices:formatN0</FormatService>
                          <AlternateName>Beleg-Pos.Nr. 2</AlternateName>
                          <Description>
Nummer der Position auf dem Beleg, unter der der Ladungsträger geführt wurde.
Rechtsbündiger Eintrag.
                          </Description>
                          <IDCode>724_06</IDCode>
                        </FieldDefinition>
                      </Field>
                      <FixedPositionExtractor>
                        <StartPos>18</StartPos>
                        <EndPos>21</EndPos>
                      </FixedPositionExtractor>
                    </FieldUsage>
                  </RecordElement>
                  <RecordElement>
                    <FieldUsage>
                      <FieldName>72407</FieldName>
                      <Mandatory>true</Mandatory>
                      <Field>
                        <FieldDefinition>
                          <LengthValidator>
                            <MinLength>6</MinLength>
                            <MaxLength>6</MaxLength>
                          </LengthValidator>
                          <DataType>N0,6,6</DataType>
                          <FormatService>wm.b2b.edi.util.formatServices:formatN0</FormatService>
                          <AlternateName>Beleg-Datum</AlternateName>
                          <Description>
Datum des Vorgangsauslösers, z.B. Datum des Lieferscheins.

Format:
JJMMTT
                          </Description>
                          <IDCode>724_07</IDCode>
                        </FieldDefinition>
                      </Field>
                      <FixedPositionExtractor>
                        <StartPos>21</StartPos>
                        <EndPos>27</EndPos>
                      </FixedPositionExtractor>
                    </FieldUsage>
                  </RecordElement>
                  <RecordElement>
                    <FieldUsage>
                      <FieldName>72408</FieldName>
                      <Mandatory>true</Mandatory>
                      <Field>
                        <FieldDefinition>
                          <LengthValidator>
                            <MinLength>13</MinLength>
                            <MaxLength>13</MaxLength>
                          </LengthValidator>
                          <DataType>N0,13,13</DataType>
                          <FormatService>wm.b2b.edi.util.formatServices:formatN0</FormatService>
                          <AlternateName>Anzahl Ladungsträger</AlternateName>
                          <Description>
Menge in Stück für diesen Vorgang.
Rechtsbündiger Eintrag.
                          </Description>
                          <IDCode>724_08</IDCode>
                        </FieldDefinition>
                      </Field>
                      <FixedPositionExtractor>
                        <StartPos>27</StartPos>
                        <EndPos>40</EndPos>
                      </FixedPositionExtractor>
                    </FieldUsage>
                  </RecordElement>
                  <RecordElement>
                    <FieldUsage>
                      <FieldName>72409</FieldName>
                      <Mandatory>false</Mandatory>
                      <Field>
                        <FieldDefinition>
                          <LengthValidator>
                            <MinLength>1</MinLength>
                            <MaxLength>1</MaxLength>
                          </LengthValidator>
                          <DataType>AN,1,1</DataType>
                          <FormatService>wm.b2b.edi.util.formatServices:formatAN</FormatService>
                          <AlternateName>Vorzeichen Anzahl-Ladungsträger</AlternateName>
                          <Description>Vorzeichen der Mengenangabe, siehe Codeliste 02.</Description>
                          <IDCode>724_09</IDCode>
                        </FieldDefinition>
                      </Field>
                      <FixedPositionExtractor>
                        <StartPos>40</StartPos>
                        <EndPos>41</EndPos>
                      </FixedPositionExtractor>
                    </FieldUsage>
                  </RecordElement>
                  <RecordElement>
                    <FieldUsage>
                      <FieldName>72410</FieldName>
                      <Mandatory>false</Mandatory>
                      <Field>
                        <FieldDefinition>
                          <LengthValidator>
                            <MinLength>6</MinLength>
                            <MaxLength>6</MaxLength>
                          </LengthValidator>
                          <DataType>N0,6,6</DataType>
                          <FormatService>wm.b2b.edi.util.formatServices:formatN0</FormatService>
                          <AlternateName>Buchungs-Datum</AlternateName>
                          <Description>
Datum, zu dem dieser Vorgang gebucht wurde.

Format:
JJMMTT
                          </Description>
                          <IDCode>724_10</IDCode>
                        </FieldDefinition>
                      </Field>
                      <FixedPositionExtractor>
                        <StartPos>41</StartPos>
                        <EndPos>47</EndPos>
                      </FixedPositionExtractor>
                    </FieldUsage>
                  </RecordElement>
                  <RecordElement>
                    <FieldUsage>
                      <FieldName>72411</FieldName>
                      <Mandatory>false</Mandatory>
                      <Field>
                        <FieldDefinition>
                          <LengthValidator>
                            <MinLength>14</MinLength>
                            <MaxLength>14</MaxLength>
                          </LengthValidator>
                          <DataType>AN,14,14</DataType>
                          <FormatService>wm.b2b.edi.util.formatServices:formatAN</FormatService>
                          <AlternateName>Transport-Partner-Nummer</AlternateName>
                          <Description>
Name und/oder Nummer des Beteiligten, der den Transport durchführt.
Linksbündiger Eintrag.
                          </Description>
                          <IDCode>724_11</IDCode>
                        </FieldDefinition>
                      </Field>
                      <FixedPositionExtractor>
                        <StartPos>47</StartPos>
                        <EndPos>61</EndPos>
                      </FixedPositionExtractor>
                    </FieldUsage>
                  </RecordElement>
                  <RecordElement>
                    <FieldUsage>
                      <FieldName>72412</FieldName>
                      <Mandatory>false</Mandatory>
                      <Field>
                        <FieldDefinition>
                          <LengthValidator>
                            <MinLength>8</MinLength>
                            <MaxLength>8</MaxLength>
                          </LengthValidator>
                          <DataType>AN,8,8</DataType>
                          <FormatService>wm.b2b.edi.util.formatServices:formatAN</FormatService>
                          <AlternateName>Bezug-Beleg-Nummer</AlternateName>
                          <Description>Falls sich dieser Vorgang auf einen vorherigen Vorgang bezieht (z.B. Korrektur), stehen in Pos.12-18 die Daten des Bezug-Belegs: Beleg-Nummer, Beleg-Pos-Nummern, Beleg-Datum, Anzahl und Buchungsdatum, vgl. Beschreibung Pos.4</Description>
                          <IDCode>724_12</IDCode>
                        </FieldDefinition>
                      </Field>
                      <FixedPositionExtractor>
                        <StartPos>61</StartPos>
                        <EndPos>69</EndPos>
                      </FixedPositionExtractor>
                    </FieldUsage>
                  </RecordElement>
                  <RecordElement>
                    <FieldUsage>
                      <FieldName>72413</FieldName>
                      <Mandatory>false</Mandatory>
                      <Field>
                        <FieldDefinition>
                          <LengthValidator>
                            <MinLength>3</MinLength>
                            <MaxLength>3</MaxLength>
                          </LengthValidator>
                          <DataType>N0,3,3</DataType>
                          <FormatService>wm.b2b.edi.util.formatServices:formatN0</FormatService>
                          <AlternateName>Bezug-Beleg-Pos-Nr-1</AlternateName>
                          <Description>
siehe Beschreibung Pos. 5
Rechtsbündiger Eintrag.
                          </Description>
                          <IDCode>724_13</IDCode>
                        </FieldDefinition>
                      </Field>
                      <FixedPositionExtractor>
                        <StartPos>69</StartPos>
                        <EndPos>72</EndPos>
                      </FixedPositionExtractor>
                    </FieldUsage>
                  </RecordElement>
                  <RecordElement>
                    <FieldUsage>
                      <FieldName>72414</FieldName>
                      <Mandatory>false</Mandatory>
                      <Field>
                        <FieldDefinition>
                          <LengthValidator>
                            <MinLength>3</MinLength>
                            <MaxLength>3</MaxLength>
                          </LengthValidator>
                          <DataType>N0,3,3</DataType>
                          <FormatService>wm.b2b.edi.util.formatServices:formatN0</FormatService>
                          <AlternateName>Bezugs-Beleg-Pos-Nr-2</AlternateName>
                          <Description>
siehe Beschreibung Pos. 6
Rechtsbündiger Eintrag.
                          </Description>
                          <IDCode>724_14</IDCode>
                        </FieldDefinition>
                      </Field>
                      <FixedPositionExtractor>
                        <StartPos>72</StartPos>
                        <EndPos>75</EndPos>
                      </FixedPositionExtractor>
                    </FieldUsage>
                  </RecordElement>
                  <RecordElement>
                    <FieldUsage>
                      <FieldName>72415</FieldName>
                      <Mandatory>false</Mandatory>
                      <Field>
                        <FieldDefinition>
                          <LengthValidator>
                            <MinLength>6</MinLength>
                            <MaxLength>6</MaxLength>
                          </LengthValidator>
                          <DataType>N0,6,6</DataType>
                          <FormatService>wm.b2b.edi.util.formatServices:formatN0</FormatService>
                          <AlternateName>Bezug-Beleg-Datum</AlternateName>
                          <Description>siehe Beschreibung Pos. 7</Description>
                          <IDCode>724_15</IDCode>
                        </FieldDefinition>
                      </Field>
                      <FixedPositionExtractor>
                        <StartPos>75</StartPos>
                        <EndPos>81</EndPos>
                      </FixedPositionExtractor>
                    </FieldUsage>
                  </RecordElement>
                  <RecordElement>
                    <FieldUsage>
                      <FieldName>72416</FieldName>
                      <Mandatory>false</Mandatory>
                      <Field>
                        <FieldDefinition>
                          <LengthValidator>
                            <MinLength>13</MinLength>
                            <MaxLength>13</MaxLength>
                          </LengthValidator>
                          <DataType>N0,13,13</DataType>
                          <FormatService>wm.b2b.edi.util.formatServices:formatN0</FormatService>
                          <AlternateName>Bezug-Anzahl</AlternateName>
                          <Description>Siehe Beschreibung Pos. 8</Description>
                          <IDCode>724_16</IDCode>
                        </FieldDefinition>
                      </Field>
                      <FixedPositionExtractor>
                        <StartPos>81</StartPos>
                        <EndPos>94</EndPos>
                      </FixedPositionExtractor>
                    </FieldUsage>
                  </RecordElement>
                  <RecordElement>
                    <FieldUsage>
                      <FieldName>72417</FieldName>
                      <Mandatory>false</Mandatory>
                      <Field>
                        <FieldDefinition>
                          <LengthValidator>
                            <MinLength>1</MinLength>
                            <MaxLength>1</MaxLength>
                          </LengthValidator>
                          <DataType>AN,1,1</DataType>
                          <FormatService>wm.b2b.edi.util.formatServices:formatAN</FormatService>
                          <AlternateName>Bezug-Vorzeichen-Anzahl</AlternateName>
                          <Description>siehe Beschreibung Pos. 9</Description>
                          <IDCode>724_17</IDCode>
                        </FieldDefinition>
                      </Field>
                      <FixedPositionExtractor>
                        <StartPos>94</StartPos>
                        <EndPos>95</EndPos>
                      </FixedPositionExtractor>
                    </FieldUsage>
                  </RecordElement>
                  <RecordElement>
                    <FieldUsage>
                      <FieldName>72418</FieldName>
                      <Mandatory>false</Mandatory>
                      <Field>
                        <FieldDefinition>
                          <LengthValidator>
                            <MinLength>6</MinLength>
                            <MaxLength>6</MaxLength>
                          </LengthValidator>
                          <DataType>N0,6,6</DataType>
                          <FormatService>wm.b2b.edi.util.formatServices:formatN0</FormatService>
                          <AlternateName>Bezug-Buchungsdatum</AlternateName>
                          <Description>Siehe Beschreibung Pos. 10</Description>
                          <IDCode>724_18</IDCode>
                        </FieldDefinition>
                      </Field>
                      <FixedPositionExtractor>
                        <StartPos>95</StartPos>
                        <EndPos>101</EndPos>
                      </FixedPositionExtractor>
                    </FieldUsage>
                  </RecordElement>
                  <RecordElement>
                    <FieldUsage>
                      <FieldName>72419</FieldName>
                      <Mandatory>false</Mandatory>
                      <Field>
                        <FieldDefinition>
                          <LengthValidator>
                            <MinLength>6</MinLength>
                            <MaxLength>6</MaxLength>
                          </LengthValidator>
                          <DataType>N0,6,6</DataType>
                          <FormatService>wm.b2b.edi.util.formatServices:formatN0</FormatService>
                          <AlternateName>Anliefer-Datum</AlternateName>
                          <Description>Siehe Beschreibung Pos. 10</Description>
                          <IDCode>724_19</IDCode>
                        </FieldDefinition>
                      </Field>
                      <FixedPositionExtractor>
                        <StartPos>101</StartPos>
                        <EndPos>107</EndPos>
                      </FixedPositionExtractor>
                    </FieldUsage>
                  </RecordElement>
                  <RecordElement>
                    <FieldUsage>
                      <FieldName>72420</FieldName>
                      <Mandatory>false</Mandatory>
                      <Field>
                        <FieldDefinition>
                          <LengthValidator>
                            <MinLength>3</MinLength>
                            <MaxLength>3</MaxLength>
                          </LengthValidator>
                          <DataType>AN,3,3</DataType>
                          <FormatService>wm.b2b.edi.util.formatServices:formatAN</FormatService>
                          <AlternateName>Werk Kunde</AlternateName>
                          <Description>
Werk des Kunden, in dem der Behältereingang oder -ausgang erfaßt wurde.
Linksbündiger Eintrag.
                          </Description>
                          <IDCode>724_20</IDCode>
                        </FieldDefinition>
                      </Field>
                      <FixedPositionExtractor>
                        <StartPos>107</StartPos>
                        <EndPos>110</EndPos>
                      </FixedPositionExtractor>
                    </FieldUsage>
                  </RecordElement>
                  <RecordElement>
                    <FieldUsage>
                      <FieldName>72421</FieldName>
                      <Mandatory>false</Mandatory>
                      <Field>
                        <FieldDefinition>
                          <LengthValidator>
                            <MinLength>18</MinLength>
                            <MaxLength>18</MaxLength>
                          </LengthValidator>
                          <DataType>AN,18,18</DataType>
                          <FormatService>wm.b2b.edi.util.formatServices:formatAN</FormatService>
                          <AlternateName>Leer</AlternateName>
                          <Description>Mit BLANKS gefüllt</Description>
                          <IDCode>724_21</IDCode>
                        </FieldDefinition>
                      </Field>
                      <FixedPositionExtractor>
                        <StartPos>110</StartPos>
                        <EndPos>128</EndPos>
                      </FixedPositionExtractor>
                    </FieldUsage>
                  </RecordElement>
                  <AlternateName></AlternateName>
                  <Description></Description>
                </RecordDefinition>
              </Record>
            </RecordUsage>
            <RecordStructure>
              <Ordered>true</Ordered>
              <RecordUsage>
                <RecordId>725</RecordId>
                <Mandatory>false</Mandatory>
                <MaxOccur>1</MaxOccur>
                <AllowUndefinedData>true</AllowUndefinedData>
                <Position>NoPosition</Position>
                <AreaId>NoArea</AreaId>
                <Record>
                  <RecordDefinition>
                    <CheckFields>false</CheckFields>
                    <RecordElement>
                      <FieldUsage>
                        <FieldName>72501</FieldName>
                        <Mandatory>true</Mandatory>
                        <Field>
                          <FieldDefinition>
                            <LengthValidator>
                              <MinLength>3</MinLength>
                              <MaxLength>3</MaxLength>
                            </LengthValidator>
                            <DataType>N0,3,3</DataType>
                            <FormatService>wm.b2b.edi.util.formatServices:formatN0</FormatService>
                            <AlternateName>Satzart</AlternateName>
                            <Description>Konstant "725"</Description>
                            <IDCode>725_01</IDCode>
                          </FieldDefinition>
                        </Field>
                        <FixedPositionExtractor>
                          <StartPos>0</StartPos>
                          <EndPos>3</EndPos>
                        </FixedPositionExtractor>
                      </FieldUsage>
                    </RecordElement>
                    <RecordElement>
                      <FieldUsage>
                        <FieldName>72502</FieldName>
                        <Mandatory>true</Mandatory>
                        <Field>
                          <FieldDefinition>
                            <CodeListValidator>
                              <CodeList>01</CodeList>
                            </CodeListValidator>
                            <DataType>N0,2,2</DataType>
                            <FormatService>wm.b2b.edi.util.formatServices:formatN0</FormatService>
                            <AlternateName>Versions-Nummer</AlternateName>
                            <Description>Aktualität dieser Satzart.</Description>
                            <IDCode>725_02</IDCode>
                          </FieldDefinition>
                        </Field>
                        <FixedPositionExtractor>
                          <StartPos>3</StartPos>
                          <EndPos>5</EndPos>
                        </FixedPositionExtractor>
                      </FieldUsage>
                    </RecordElement>
                    <RecordElement>
                      <FieldUsage>
                        <FieldName>72503</FieldName>
                        <Mandatory>true</Mandatory>
                        <Field>
                          <FieldDefinition>
                            <LengthValidator>
                              <MinLength>40</MinLength>
                              <MaxLength>40</MaxLength>
                            </LengthValidator>
                            <DataType>AN,40,40</DataType>
                            <FormatService>wm.b2b.edi.util.formatServices:formatAN</FormatService>
                            <AlternateName>Text 1</AlternateName>
                            <Description>
Zeile 1
Freier Text für zusätzliche Informationen, die nicht automatisiert ausgewertet werden
                            </Description>
                            <IDCode>725_03</IDCode>
                          </FieldDefinition>
                        </Field>
                        <FixedPositionExtractor>
                          <StartPos>5</StartPos>
                          <EndPos>45</EndPos>
                        </FixedPositionExtractor>
                      </FieldUsage>
                    </RecordElement>
                    <RecordElement>
                      <FieldUsage>
                        <FieldName>72504</FieldName>
                        <Mandatory>false</Mandatory>
                        <Field>
                          <FieldDefinition>
                            <LengthValidator>
                              <MinLength>40</MinLength>
                              <MaxLength>40</MaxLength>
                            </LengthValidator>
                            <DataType>AN,40,40</DataType>
                            <FormatService>wm.b2b.edi.util.formatServices:formatAN</FormatService>
                            <AlternateName>Text 2</AlternateName>
                            <Description>Zeile 2</Description>
                            <IDCode>725_04</IDCode>
                          </FieldDefinition>
                        </Field>
                        <FixedPositionExtractor>
                          <StartPos>45</StartPos>
                          <EndPos>85</EndPos>
                        </FixedPositionExtractor>
                      </FieldUsage>
                    </RecordElement>
                    <RecordElement>
                      <FieldUsage>
                        <FieldName>72505</FieldName>
                        <Mandatory>false</Mandatory>
                        <Field>
                          <FieldDefinition>
                            <LengthValidator>
                              <MinLength>40</MinLength>
                              <MaxLength>40</MaxLength>
                            </LengthValidator>
                            <DataType>AN,40,40</DataType>
                            <FormatService>wm.b2b.edi.util.formatServices:formatAN</FormatService>
                            <AlternateName>Text 3</AlternateName>
                            <Description>Zeile 3</Description>
                            <IDCode>725_05</IDCode>
                          </FieldDefinition>
                        </Field>
                        <FixedPositionExtractor>
                          <StartPos>85</StartPos>
                          <EndPos>125</EndPos>
                        </FixedPositionExtractor>
                      </FieldUsage>
                    </RecordElement>
                    <RecordElement>
                      <FieldUsage>
                        <FieldName>72506</FieldName>
                        <Mandatory>false</Mandatory>
                        <Field>
                          <FieldDefinition>
                            <LengthValidator>
                              <MinLength>3</MinLength>
                              <MaxLength>3</MaxLength>
                            </LengthValidator>
                            <DataType>AN,3,3</DataType>
                            <FormatService>wm.b2b.edi.util.formatServices:formatAN</FormatService>
                            <AlternateName>Leer</AlternateName>
                            <Description>Mit Leerzeichen gefüllt.</Description>
                            <IDCode>725_06</IDCode>
                          </FieldDefinition>
                        </Field>
                        <FixedPositionExtractor>
                          <StartPos>125</StartPos>
                          <EndPos>128</EndPos>
                        </FixedPositionExtractor>
                      </FieldUsage>
                    </RecordElement>
                    <AlternateName>Text</AlternateName>
                    <Description>Satzlänge 128</Description>
                  </RecordDefinition>
                </Record>
              </RecordUsage>
            </RecordStructure>
          </RecordStructure>
        </RecordStructure>
      </RecordStructure>
      <RecordStructure>
        <Ordered>true</Ordered>
        <RecordUsage>
          <RecordId>729</RecordId>
          <Mandatory>true</Mandatory>
          <MaxOccur>1</MaxOccur>
          <AllowUndefinedData>true</AllowUndefinedData>
          <Position>NoPosition</Position>
          <AreaId>NoArea</AreaId>
          <Record>
            <RecordDefinition>
              <CheckFields>false</CheckFields>
              <RecordElement>
                <FieldUsage>
                  <FieldName>72901</FieldName>
                  <Mandatory>true</Mandatory>
                  <Field>
                    <FieldDefinition>
                      <LengthValidator>
                        <MinLength>3</MinLength>
                        <MaxLength>3</MaxLength>
                      </LengthValidator>
                      <DataType>N0,3,3</DataType>
                      <FormatService>wm.b2b.edi.util.formatServices:formatN0</FormatService>
                      <AlternateName>Satzart</AlternateName>
                      <Description>Konstant "729"</Description>
                      <IDCode>729_01</IDCode>
                    </FieldDefinition>
                  </Field>
                  <FixedPositionExtractor>
                    <StartPos>0</StartPos>
                    <EndPos>3</EndPos>
                  </FixedPositionExtractor>
                </FieldUsage>
              </RecordElement>
              <RecordElement>
                <FieldUsage>
                  <FieldName>72902</FieldName>
                  <Mandatory>true</Mandatory>
                  <Field>
                    <FieldDefinition>
                      <CodeListValidator>
                        <CodeList>01</CodeList>
                      </CodeListValidator>
                      <DataType>N0,2,2</DataType>
                      <FormatService>wm.b2b.edi.util.formatServices:formatN0</FormatService>
                      <AlternateName>Versions-Nummer</AlternateName>
                      <Description>Aktualität dieser Satzart</Description>
                      <IDCode>729_02</IDCode>
                    </FieldDefinition>
                  </Field>
                  <FixedPositionExtractor>
                    <StartPos>3</StartPos>
                    <EndPos>5</EndPos>
                  </FixedPositionExtractor>
                </FieldUsage>
              </RecordElement>
              <RecordElement>
                <FieldUsage>
                  <FieldName>72903</FieldName>
                  <Mandatory>true</Mandatory>
                  <Field>
                    <FieldDefinition>
                      <LengthValidator>
                        <MinLength>7</MinLength>
                        <MaxLength>7</MaxLength>
                      </LengthValidator>
                      <DataType>N0,7,7</DataType>
                      <FormatService>wm.b2b.edi.util.formatServices:formatN0</FormatService>
                      <AlternateName>Zähler-Satzart 721</AlternateName>
                      <Description>
Anzahl übertragener Sätze der Satzart 721.
Rechtsbündiger Eintrag mit führenden Nullen.
                      </Description>
                      <IDCode>729_03</IDCode>
                    </FieldDefinition>
                  </Field>
                  <FixedPositionExtractor>
                    <StartPos>5</StartPos>
                    <EndPos>12</EndPos>
                  </FixedPositionExtractor>
                </FieldUsage>
              </RecordElement>
              <RecordElement>
                <FieldUsage>
                  <FieldName>72904</FieldName>
                  <Mandatory>true</Mandatory>
                  <Field>
                    <FieldDefinition>
                      <LengthValidator>
                        <MinLength>7</MinLength>
                        <MaxLength>7</MaxLength>
                      </LengthValidator>
                      <DataType>N0,7,7</DataType>
                      <FormatService>wm.b2b.edi.util.formatServices:formatN0</FormatService>
                      <AlternateName>Zähler-Satzart 722</AlternateName>
                      <Description>
Anzahl übertragener Sätze der Satzart 722.
Rechtsbündiger Eintrag mit führenden Nullen.
                      </Description>
                      <IDCode>729_04</IDCode>
                    </FieldDefinition>
                  </Field>
                  <FixedPositionExtractor>
                    <StartPos>12</StartPos>
                    <EndPos>19</EndPos>
                  </FixedPositionExtractor>
                </FieldUsage>
              </RecordElement>
              <RecordElement>
                <FieldUsage>
                  <FieldName>72905</FieldName>
                  <Mandatory>true</Mandatory>
                  <Field>
                    <FieldDefinition>
                      <LengthValidator>
                        <MinLength>7</MinLength>
                        <MaxLength>7</MaxLength>
                      </LengthValidator>
                      <DataType>N0,7,7</DataType>
                      <FormatService>wm.b2b.edi.util.formatServices:formatN0</FormatService>
                      <AlternateName>Zähler-Satzart 723</AlternateName>
                      <Description>
Anzahl übertragener Sätze der Satzart 723.
Rechtsbündiger Eintrag mit führenden Nullen.
                      </Description>
                      <IDCode>729_05</IDCode>
                    </FieldDefinition>
                  </Field>
                  <FixedPositionExtractor>
                    <StartPos>19</StartPos>
                    <EndPos>26</EndPos>
                  </FixedPositionExtractor>
                </FieldUsage>
              </RecordElement>
              <RecordElement>
                <FieldUsage>
                  <FieldName>72906</FieldName>
                  <Mandatory>true</Mandatory>
                  <Field>
                    <FieldDefinition>
                      <LengthValidator>
                        <MinLength>7</MinLength>
                        <MaxLength>7</MaxLength>
                      </LengthValidator>
                      <DataType>N0,7,7</DataType>
                      <FormatService>wm.b2b.edi.util.formatServices:formatN0</FormatService>
                      <AlternateName>Zähler-Satzart 724</AlternateName>
                      <Description>
Anzahl übertragener Sätze der Satzart 724.
Rechtsbündiger Eintrag mit führenden Nullen.
                      </Description>
                      <IDCode>729_06</IDCode>
                    </FieldDefinition>
                  </Field>
                  <FixedPositionExtractor>
                    <StartPos>26</StartPos>
                    <EndPos>33</EndPos>
                  </FixedPositionExtractor>
                </FieldUsage>
              </RecordElement>
              <RecordElement>
                <FieldUsage>
                  <FieldName>72907</FieldName>
                  <Mandatory>true</Mandatory>
                  <Field>
                    <FieldDefinition>
                      <LengthValidator>
                        <MinLength>7</MinLength>
                        <MaxLength>7</MaxLength>
                      </LengthValidator>
                      <DataType>N0,7,7</DataType>
                      <FormatService>wm.b2b.edi.util.formatServices:formatN0</FormatService>
                      <AlternateName>Zähler-Satzart 725</AlternateName>
                      <Description>
Anzahl übertragener Sätze der Satzart 725.
Rechtsbündiger Eintrag mit führenden Nullen.
                      </Description>
                      <IDCode>729_07</IDCode>
                    </FieldDefinition>
                  </Field>
                  <FixedPositionExtractor>
                    <StartPos>33</StartPos>
                    <EndPos>40</EndPos>
                  </FixedPositionExtractor>
                </FieldUsage>
              </RecordElement>
              <RecordElement>
                <FieldUsage>
                  <FieldName>72908</FieldName>
                  <Mandatory>true</Mandatory>
                  <Field>
                    <FieldDefinition>
                      <LengthValidator>
                        <MinLength>7</MinLength>
                        <MaxLength>7</MaxLength>
                      </LengthValidator>
                      <DataType>N0,7,7</DataType>
                      <FormatService>wm.b2b.edi.util.formatServices:formatN0</FormatService>
                      <AlternateName>Zähler-Satzart 729</AlternateName>
                      <Description>
Anzahl übertragener Sätze der Satzart 729.
Rechtsbündiger Eintrag mit führenden Nullen.
                      </Description>
                      <IDCode>729_08</IDCode>
                    </FieldDefinition>
                  </Field>
                  <FixedPositionExtractor>
                    <StartPos>40</StartPos>
                    <EndPos>47</EndPos>
                  </FixedPositionExtractor>
                </FieldUsage>
              </RecordElement>
              <RecordElement>
                <FieldUsage>
                  <FieldName>72909</FieldName>
                  <Mandatory>false</Mandatory>
                  <Field>
                    <FieldDefinition>
                      <LengthValidator>
                        <MinLength>81</MinLength>
                        <MaxLength>81</MaxLength>
                      </LengthValidator>
                      <DataType>AN,81,81</DataType>
                      <FormatService>wm.b2b.edi.util.formatServices:formatAN</FormatService>
                      <AlternateName>Leer</AlternateName>
                      <Description>Mit BLANKS gefüllt</Description>
                      <IDCode>729_09</IDCode>
                    </FieldDefinition>
                  </Field>
                  <FixedPositionExtractor>
                    <StartPos>47</StartPos>
                    <EndPos>128</EndPos>
                  </FixedPositionExtractor>
                </FieldUsage>
              </RecordElement>
              <AlternateName></AlternateName>
              <Description></Description>
            </RecordDefinition>
          </Record>
        </RecordUsage>
      </RecordStructure>
    </RecordStructure>
  </DocumentStructure>
  <RecordParser>
    <FixedLengthParser>
      <RecordLength>128</RecordLength>
    </FixedLengthParser>
  </RecordParser>
  <RecordIdentifier>
    <FixedPositionIdentifier>
      <StartPos>0</StartPos>
    </FixedPositionIdentifier>
  </RecordIdentifier>
  <UndefinedDataAllowed>false</UndefinedDataAllowed>
  <Description></Description>
</FFSchema>
