<?xml version="1.0" encoding="UTF-8"?>

<FLOW VERSION="3.0" CLEANUP="true">
  <COMMENT></COMMENT>

  <!-- nodes -->

<MAP TIMEOUT="" MODE="STANDALONE">
  <COMMENT></COMMENT>
  <MAPTARGET>

<Values version="2.0">
  <record name="xml" javaclass="com.wm.util.Values">
    <value name="node_type">record</value>
    <value name="field_type">record</value>
    <value name="field_dim">0</value>
    <value name="field_opt">false</value>
    <array name="rec_fields" type="record" depth="1">
      <record javaclass="com.wm.util.Values">
        <value name="node_type">record</value>
        <value name="field_name">senderIDQualifier</value>
        <value name="field_type">string</value>
        <value name="field_dim">0</value>
        <value name="field_opt">false</value>
      </record>
      <record javaclass="com.wm.util.Values">
        <value name="node_type">record</value>
        <value name="field_name">senderID</value>
        <value name="field_type">string</value>
        <value name="field_dim">0</value>
        <value name="field_opt">false</value>
      </record>
      <record javaclass="com.wm.util.Values">
        <value name="node_type">record</value>
        <value name="field_name">receiverIDQualifier</value>
        <value name="field_type">string</value>
        <value name="field_dim">0</value>
        <value name="field_opt">false</value>
      </record>
      <record javaclass="com.wm.util.Values">
        <value name="node_type">record</value>
        <value name="field_name">receiverID</value>
        <value name="field_type">string</value>
        <value name="field_dim">0</value>
        <value name="field_opt">false</value>
      </record>
      <record javaclass="com.wm.util.Values">
        <value name="node_type">record</value>
        <value name="field_name">content</value>
        <value name="field_type">object</value>
        <value name="field_dim">0</value>
        <value name="field_opt">false</value>
      </record>
      <record javaclass="com.wm.util.Values">
        <value name="node_type">record</value>
        <value name="field_name">EDIBatch</value>
        <value name="field_type">recref</value>
        <value name="field_dim">0</value>
        <value name="field_opt">false</value>
        <value name="rec_closed">false</value>
        <value name="rec_ref">wm.b2b.editn.rec:EDIBatchData</value>
      </record>
      <record javaclass="com.wm.util.Values">
        <value name="node_type">record</value>
        <value name="node_comment"></value>
        <record name="node_hints" javaclass="com.wm.util.Values">
          <value name="field_usereditable">false</value>
          <value name="field_largerEditor">false</value>
          <value name="field_password">false</value>
        </record>
        <value name="field_name">type</value>
        <value name="field_type">string</value>
        <value name="field_dim">0</value>
        <value name="field_opt">false</value>
        <array name="field_options" type="value" depth="1">
          <value>STBatch</value>
          <value>GPBatch</value>
          <value>ICBatch</value>
        </array>
      </record>
      <record javaclass="com.wm.util.Values">
        <value name="node_type">record</value>
        <value name="node_comment"></value>
        <record name="node_hints" javaclass="com.wm.util.Values">
          <value name="field_usereditable">false</value>
          <value name="field_largerEditor">false</value>
          <value name="field_password">false</value>
        </record>
        <value name="field_name">standard</value>
        <value name="field_type">string</value>
        <value name="field_dim">0</value>
        <value name="field_opt">false</value>
        <array name="field_options" type="value" depth="1">
          <value>X12</value>
          <value>UNEDIFACT</value>
          <value>USC</value>
          <value>VICS</value>
        </array>
      </record>
    </array>
    <value name="rec_closed">false</value>
  </record>
</Values>
</MAPTARGET>
  <MAPSOURCE>

<Values version="2.0">
  <record name="xml" javaclass="com.wm.util.Values">
    <value name="node_type">record</value>
    <value name="field_type">record</value>
    <value name="field_dim">0</value>
    <value name="field_opt">false</value>
    <array name="rec_fields" type="record" depth="1">
      <record javaclass="com.wm.util.Values">
        <value name="node_type">record</value>
        <value name="field_name">senderIDQualifier</value>
        <value name="field_type">string</value>
        <value name="field_dim">0</value>
        <value name="field_opt">false</value>
      </record>
      <record javaclass="com.wm.util.Values">
        <value name="node_type">record</value>
        <value name="field_name">senderID</value>
        <value name="field_type">string</value>
        <value name="field_dim">0</value>
        <value name="field_opt">false</value>
      </record>
      <record javaclass="com.wm.util.Values">
        <value name="node_type">record</value>
        <value name="field_name">receiverIDQualifier</value>
        <value name="field_type">string</value>
        <value name="field_dim">0</value>
        <value name="field_opt">false</value>
      </record>
      <record javaclass="com.wm.util.Values">
        <value name="node_type">record</value>
        <value name="field_name">receiverID</value>
        <value name="field_type">string</value>
        <value name="field_dim">0</value>
        <value name="field_opt">false</value>
      </record>
      <record javaclass="com.wm.util.Values">
        <value name="node_type">record</value>
        <value name="field_name">content</value>
        <value name="field_type">object</value>
        <value name="field_dim">0</value>
        <value name="field_opt">false</value>
      </record>
      <record javaclass="com.wm.util.Values">
        <value name="node_type">record</value>
        <value name="node_comment"></value>
        <record name="node_hints" javaclass="com.wm.util.Values">
          <value name="field_usereditable">false</value>
          <value name="field_largerEditor">false</value>
          <value name="field_password">false</value>
        </record>
        <value name="field_name">type</value>
        <value name="field_type">string</value>
        <value name="field_dim">0</value>
        <value name="field_opt">false</value>
        <array name="field_options" type="value" depth="1">
          <value>STBatch</value>
          <value>GPBatch</value>
          <value>ICBatch</value>
        </array>
      </record>
      <record javaclass="com.wm.util.Values">
        <value name="node_type">record</value>
        <value name="node_comment"></value>
        <record name="node_hints" javaclass="com.wm.util.Values">
          <value name="field_usereditable">false</value>
          <value name="field_largerEditor">false</value>
          <value name="field_password">false</value>
        </record>
        <value name="field_name">standard</value>
        <value name="field_type">string</value>
        <value name="field_dim">0</value>
        <value name="field_opt">false</value>
        <array name="field_options" type="value" depth="1">
          <value>X12</value>
          <value>UNEDIFACT</value>
          <value>USC</value>
          <value>VICS</value>
        </array>
      </record>
    </array>
    <value name="rec_closed">false</value>
  </record>
</Values>
</MAPSOURCE>

  <!-- nodes -->

<MAPCOPY NAME="Link" FROM="/senderIDQualifier;1;0" TO="/EDIBatch;4;0;wm.b2b.editn.rec:EDIBatchData/senderIDQualifier;1;0">
</MAPCOPY>

<MAPCOPY NAME="Link" FROM="/senderID;1;0" TO="/EDIBatch;4;0;wm.b2b.editn.rec:EDIBatchData/senderID;1;0">
</MAPCOPY>

<MAPCOPY NAME="Link" FROM="/receiverIDQualifier;1;0" TO="/EDIBatch;4;0;wm.b2b.editn.rec:EDIBatchData/receiverIDQualifier;1;0">
</MAPCOPY>

<MAPCOPY NAME="Link" FROM="/receiverID;1;0" TO="/EDIBatch;4;0;wm.b2b.editn.rec:EDIBatchData/receiverID;1;0">
</MAPCOPY>

<MAPCOPY NAME="Link" FROM="/content;3;0" TO="/EDIBatch;4;0;wm.b2b.editn.rec:EDIBatchData/content;3;0">
</MAPCOPY>

<MAPCOPY NAME="Link" FROM="/type;1;0" TO="/EDIBatch;4;0;wm.b2b.editn.rec:EDIBatchData/type;1;0">
</MAPCOPY>

<MAPCOPY NAME="Link" FROM="/standard;1;0" TO="/EDIBatch;4;0;wm.b2b.editn.rec:EDIBatchData/standard;1;0">
</MAPCOPY>
</MAP>

<INVOKE TIMEOUT="" SERVICE="wm.tn.doc:recognize" VALIDATE-IN="$none" VALIDATE-OUT="$none">
  <COMMENT></COMMENT>

  <!-- nodes -->

<MAP MODE="INPUT">
</MAP>

<MAP MODE="OUTPUT">
  <MAPTARGET>

<Values version="2.0">
  <record name="xml" javaclass="com.wm.util.Values">
    <value name="node_type">record</value>
    <value name="field_type">record</value>
    <value name="field_dim">0</value>
    <value name="field_opt">false</value>
    <array name="rec_fields" type="record" depth="1">
      <record javaclass="com.wm.util.Values">
        <value name="node_type">record</value>
        <value name="field_name">senderIDQualifier</value>
        <value name="field_type">string</value>
        <value name="field_dim">0</value>
        <value name="field_opt">false</value>
      </record>
      <record javaclass="com.wm.util.Values">
        <value name="node_type">record</value>
        <value name="field_name">senderID</value>
        <value name="field_type">string</value>
        <value name="field_dim">0</value>
        <value name="field_opt">false</value>
      </record>
      <record javaclass="com.wm.util.Values">
        <value name="node_type">record</value>
        <value name="field_name">receiverIDQualifier</value>
        <value name="field_type">string</value>
        <value name="field_dim">0</value>
        <value name="field_opt">false</value>
      </record>
      <record javaclass="com.wm.util.Values">
        <value name="node_type">record</value>
        <value name="field_name">receiverID</value>
        <value name="field_type">string</value>
        <value name="field_dim">0</value>
        <value name="field_opt">false</value>
      </record>
      <record javaclass="com.wm.util.Values">
        <value name="node_type">record</value>
        <value name="field_name">content</value>
        <value name="field_type">object</value>
        <value name="field_dim">0</value>
        <value name="field_opt">false</value>
      </record>
      <record javaclass="com.wm.util.Values">
        <value name="node_type">record</value>
        <value name="field_name">EDIBatch</value>
        <value name="field_type">recref</value>
        <value name="field_dim">0</value>
        <value name="field_opt">false</value>
        <value name="rec_closed">false</value>
        <value name="rec_ref">wm.b2b.editn.rec:EDIBatchData</value>
      </record>
      <record javaclass="com.wm.util.Values">
        <value name="node_type">record</value>
        <value name="field_name">bizdoc</value>
        <value name="field_type">recref</value>
        <value name="field_dim">0</value>
        <value name="field_opt">false</value>
        <value name="rec_closed">false</value>
        <value name="rec_ref">wm.tn.rec:BizDocEnvelope</value>
      </record>
    </array>
    <value name="rec_closed">false</value>
  </record>
</Values>
</MAPTARGET>
  <MAPSOURCE>

<Values version="2.0">
  <record name="xml" javaclass="com.wm.util.Values">
    <value name="node_type">record</value>
    <value name="field_name">recognizeOutput</value>
    <value name="field_type">record</value>
    <value name="field_dim">0</value>
    <value name="field_opt">false</value>
    <list name="rec_fields">
    </list>
    <value name="rec_closed">false</value>
  </record>
</Values>
</MAPSOURCE>

  <!-- nodes -->

<MAPDELETE NAME="Dropper" FIELD="/EDIBatch;4;0;wm.b2b.editn.rec:EDIBatchData">
</MAPDELETE>
</MAP>
</INVOKE>

<INVOKE TIMEOUT="" SERVICE="wm.tn.route:routeBizdoc" VALIDATE-IN="$none" VALIDATE-OUT="$none">
  <COMMENT></COMMENT>

  <!-- nodes -->

<MAP MODE="INPUT">
</MAP>

<MAP MODE="OUTPUT">
</MAP>
</INVOKE>
</FLOW>
