<?xml version="1.0" encoding="UTF-8"?>
<IDataXMLCoder version="1.0">
  <record javaclass="com.wm.data.BasicData">
    <record name="version" javaclass="com.wm.data.BasicData">
      <value name="major">1</value>
      <value name="minor">0</value>
    </record>
    <record name="types" javaclass="com.wm.data.BasicData">
      <idatacodable name="7f000001f70d649100070000" javaclass="wm.b2b.editn.EDITransactionDocType">
        <value name="TypeID">7f000001f70d649100070000</value>
        <value name="TypeName">ODETTE 3 AVIEXP</value>
        <null name="TypeDescription"/>
        <idatacodable name="Deleted" javaclass="com.wm.data.MBoolean">
          <value name="MBoolean">false</value>
        </idatacodable>
        <value name="LastModified">2000-10-02 11:13:47.755</value>
        <value name="ValidationSvc">wm.b2b.editn:validateTransaction</value>
        <record name="PreProcessingFlags" javaclass="com.wm.app.tn.route.PreRoutingFlags">
          <value name="verify?">no</value>
          <value name="validate?">no</value>
          <value name="persist?">yes</value>
          <value name="unique?">no</value>
        </record>
        <value name="standard">ODETTE</value>
        <value name="version">3</value>
        <value name="transaction">AVIEXP</value>
      </idatacodable>
      <idatacodable name="7f000001f70d649100070001" javaclass="wm.b2b.editn.EDITransactionDocType">
        <value name="TypeID">7f000001f70d649100070001</value>
        <value name="TypeName">ODETTE 3 AVIGRU</value>
        <null name="TypeDescription"/>
        <idatacodable name="Deleted" javaclass="com.wm.data.MBoolean">
          <value name="MBoolean">false</value>
        </idatacodable>
        <value name="LastModified">2000-10-02 11:13:47.755</value>
        <value name="ValidationSvc">wm.b2b.editn:validateTransaction</value>
        <record name="PreProcessingFlags" javaclass="com.wm.app.tn.route.PreRoutingFlags">
          <value name="verify?">no</value>
          <value name="validate?">no</value>
          <value name="persist?">yes</value>
          <value name="unique?">no</value>
        </record>
        <value name="standard">ODETTE</value>
        <value name="version">3</value>
        <value name="transaction">AVIGRU</value>
      </idatacodable>
      <idatacodable name="7f000001f70d649100070002" javaclass="wm.b2b.editn.EDITransactionDocType">
        <value name="TypeID">7f000001f70d649100070002</value>
        <value name="TypeName">ODETTE 3 AVIREX</value>
        <null name="TypeDescription"/>
        <idatacodable name="Deleted" javaclass="com.wm.data.MBoolean">
          <value name="MBoolean">false</value>
        </idatacodable>
        <value name="LastModified">2000-10-02 11:13:47.755</value>
        <value name="ValidationSvc">wm.b2b.editn:validateTransaction</value>
        <record name="PreProcessingFlags" javaclass="com.wm.app.tn.route.PreRoutingFlags">
          <value name="verify?">no</value>
          <value name="validate?">no</value>
          <value name="persist?">yes</value>
          <value name="unique?">no</value>
        </record>
        <value name="standard">ODETTE</value>
        <value name="version">3</value>
        <value name="transaction">AVIREX</value>
      </idatacodable>
      <idatacodable name="7f000001f70d649100070003" javaclass="wm.b2b.editn.EDITransactionDocType">
        <value name="TypeID">7f000001f70d649100070003</value>
        <value name="TypeName">ODETTE 3 BASDAT</value>
        <null name="TypeDescription"/>
        <idatacodable name="Deleted" javaclass="com.wm.data.MBoolean">
          <value name="MBoolean">false</value>
        </idatacodable>
        <value name="LastModified">2000-10-02 11:13:47.755</value>
        <value name="ValidationSvc">wm.b2b.editn:validateTransaction</value>
        <record name="PreProcessingFlags" javaclass="com.wm.app.tn.route.PreRoutingFlags">
          <value name="verify?">no</value>
          <value name="validate?">no</value>
          <value name="persist?">yes</value>
          <value name="unique?">no</value>
        </record>
        <value name="standard">ODETTE</value>
        <value name="version">3</value>
        <value name="transaction">BASDAT</value>
      </idatacodable>
      <idatacodable name="7f000001f70d649100070004" javaclass="wm.b2b.editn.EDITransactionDocType">
        <value name="TypeID">7f000001f70d649100070004</value>
        <value name="TypeName">ODETTE 3 CONTRL</value>
        <null name="TypeDescription"/>
        <idatacodable name="Deleted" javaclass="com.wm.data.MBoolean">
          <value name="MBoolean">false</value>
        </idatacodable>
        <value name="LastModified">2000-10-02 11:13:47.755</value>
        <value name="ValidationSvc">wm.b2b.editn:validateTransaction</value>
        <record name="PreProcessingFlags" javaclass="com.wm.app.tn.route.PreRoutingFlags">
          <value name="verify?">no</value>
          <value name="validate?">no</value>
          <value name="persist?">yes</value>
          <value name="unique?">no</value>
        </record>
        <value name="standard">ODETTE</value>
        <value name="version">3</value>
        <value name="transaction">CONTRL</value>
      </idatacodable>
      <idatacodable name="7f000001f70d649100070005" javaclass="wm.b2b.editn.EDITransactionDocType">
        <value name="TypeID">7f000001f70d649100070005</value>
        <value name="TypeName">ODETTE 3 CREDIT</value>
        <null name="TypeDescription"/>
        <idatacodable name="Deleted" javaclass="com.wm.data.MBoolean">
          <value name="MBoolean">false</value>
        </idatacodable>
        <value name="LastModified">2000-10-02 11:13:47.755</value>
        <value name="ValidationSvc">wm.b2b.editn:validateTransaction</value>
        <record name="PreProcessingFlags" javaclass="com.wm.app.tn.route.PreRoutingFlags">
          <value name="verify?">no</value>
          <value name="validate?">no</value>
          <value name="persist?">yes</value>
          <value name="unique?">no</value>
        </record>
        <value name="standard">ODETTE</value>
        <value name="version">3</value>
        <value name="transaction">CREDIT</value>
      </idatacodable>
      <idatacodable name="7f000001f70d649100070006" javaclass="wm.b2b.editn.EDITransactionDocType">
        <value name="TypeID">7f000001f70d649100070006</value>
        <value name="TypeName">ODETTE 3 DEBNOT</value>
        <null name="TypeDescription"/>
        <idatacodable name="Deleted" javaclass="com.wm.data.MBoolean">
          <value name="MBoolean">false</value>
        </idatacodable>
        <value name="LastModified">2000-10-02 11:13:47.755</value>
        <value name="ValidationSvc">wm.b2b.editn:validateTransaction</value>
        <record name="PreProcessingFlags" javaclass="com.wm.app.tn.route.PreRoutingFlags">
          <value name="verify?">no</value>
          <value name="validate?">no</value>
          <value name="persist?">yes</value>
          <value name="unique?">no</value>
        </record>
        <value name="standard">ODETTE</value>
        <value name="version">3</value>
        <value name="transaction">DEBNOT</value>
      </idatacodable>
      <idatacodable name="7f000001f70d649100070007" javaclass="wm.b2b.editn.EDITransactionDocType">
        <value name="TypeID">7f000001f70d649100070007</value>
        <value name="TypeName">ODETTE 3 DELINS</value>
        <null name="TypeDescription"/>
        <idatacodable name="Deleted" javaclass="com.wm.data.MBoolean">
          <value name="MBoolean">false</value>
        </idatacodable>
        <value name="LastModified">2000-10-02 11:13:47.755</value>
        <value name="ValidationSvc">wm.b2b.editn:validateTransaction</value>
        <record name="PreProcessingFlags" javaclass="com.wm.app.tn.route.PreRoutingFlags">
          <value name="verify?">no</value>
          <value name="validate?">no</value>
          <value name="persist?">yes</value>
          <value name="unique?">no</value>
        </record>
        <value name="standard">ODETTE</value>
        <value name="version">3</value>
        <value name="transaction">DELINS</value>
      </idatacodable>
      <idatacodable name="7f000001f70d649100070008" javaclass="wm.b2b.editn.EDITransactionDocType">
        <value name="TypeID">7f000001f70d649100070008</value>
        <value name="TypeName">ODETTE 3 ENQIRY</value>
        <null name="TypeDescription"/>
        <idatacodable name="Deleted" javaclass="com.wm.data.MBoolean">
          <value name="MBoolean">false</value>
        </idatacodable>
        <value name="LastModified">2000-10-02 11:13:47.755</value>
        <value name="ValidationSvc">wm.b2b.editn:validateTransaction</value>
        <record name="PreProcessingFlags" javaclass="com.wm.app.tn.route.PreRoutingFlags">
          <value name="verify?">no</value>
          <value name="validate?">no</value>
          <value name="persist?">yes</value>
          <value name="unique?">no</value>
        </record>
        <value name="standard">ODETTE</value>
        <value name="version">3</value>
        <value name="transaction">ENQIRY</value>
      </idatacodable>
      <idatacodable name="7f000001f70d649100070009" javaclass="wm.b2b.editn.EDITransactionDocType">
        <value name="TypeID">7f000001f70d649100070009</value>
        <value name="TypeName">ODETTE 3 FORDIS</value>
        <null name="TypeDescription"/>
        <idatacodable name="Deleted" javaclass="com.wm.data.MBoolean">
          <value name="MBoolean">false</value>
        </idatacodable>
        <value name="LastModified">2000-10-02 11:13:47.755</value>
        <value name="ValidationSvc">wm.b2b.editn:validateTransaction</value>
        <record name="PreProcessingFlags" javaclass="com.wm.app.tn.route.PreRoutingFlags">
          <value name="verify?">no</value>
          <value name="validate?">no</value>
          <value name="persist?">yes</value>
          <value name="unique?">no</value>
        </record>
        <value name="standard">ODETTE</value>
        <value name="version">3</value>
        <value name="transaction">FORDIS</value>
      </idatacodable>
      <idatacodable name="7f000001f70d649100070010" javaclass="wm.b2b.editn.EDITransactionDocType">
        <value name="TypeID">7f000001f70d649100070010</value>
        <value name="TypeName">ODETTE 3 INVOIC</value>
        <null name="TypeDescription"/>
        <idatacodable name="Deleted" javaclass="com.wm.data.MBoolean">
          <value name="MBoolean">false</value>
        </idatacodable>
        <value name="LastModified">2000-10-02 11:13:47.755</value>
        <value name="ValidationSvc">wm.b2b.editn:validateTransaction</value>
        <record name="PreProcessingFlags" javaclass="com.wm.app.tn.route.PreRoutingFlags">
          <value name="verify?">no</value>
          <value name="validate?">no</value>
          <value name="persist?">yes</value>
          <value name="unique?">no</value>
        </record>
        <value name="standard">ODETTE</value>
        <value name="version">3</value>
        <value name="transaction">INVOIC</value>
      </idatacodable>
      <idatacodable name="7f000001f70d649100070011" javaclass="wm.b2b.editn.EDITransactionDocType">
        <value name="TypeID">7f000001f70d649100070011</value>
        <value name="TypeName">ODETTE 3 KANBAN</value>
        <null name="TypeDescription"/>
        <idatacodable name="Deleted" javaclass="com.wm.data.MBoolean">
          <value name="MBoolean">false</value>
        </idatacodable>
        <value name="LastModified">2000-10-02 11:13:47.755</value>
        <value name="ValidationSvc">wm.b2b.editn:validateTransaction</value>
        <record name="PreProcessingFlags" javaclass="com.wm.app.tn.route.PreRoutingFlags">
          <value name="verify?">no</value>
          <value name="validate?">no</value>
          <value name="persist?">yes</value>
          <value name="unique?">no</value>
        </record>
        <value name="standard">ODETTE</value>
        <value name="version">3</value>
        <value name="transaction">KANBAN</value>
      </idatacodable>
      <idatacodable name="7f000001f70d649100070012" javaclass="wm.b2b.editn.EDITransactionDocType">
        <value name="TypeID">7f000001f70d649100070012</value>
        <value name="TypeName">ODETTE 3 OFFERR</value>
        <null name="TypeDescription"/>
        <idatacodable name="Deleted" javaclass="com.wm.data.MBoolean">
          <value name="MBoolean">false</value>
        </idatacodable>
        <value name="LastModified">2000-10-02 11:13:47.755</value>
        <value name="ValidationSvc">wm.b2b.editn:validateTransaction</value>
        <record name="PreProcessingFlags" javaclass="com.wm.app.tn.route.PreRoutingFlags">
          <value name="verify?">no</value>
          <value name="validate?">no</value>
          <value name="persist?">yes</value>
          <value name="unique?">no</value>
        </record>
        <value name="standard">ODETTE</value>
        <value name="version">3</value>
        <value name="transaction">OFFERR</value>
      </idatacodable>
      <idatacodable name="7f000001f70d649100070013" javaclass="wm.b2b.editn.EDITransactionDocType">
        <value name="TypeID">7f000001f70d649100070013</value>
        <value name="TypeName">ODETTE 3 ORDELI</value>
        <null name="TypeDescription"/>
        <idatacodable name="Deleted" javaclass="com.wm.data.MBoolean">
          <value name="MBoolean">false</value>
        </idatacodable>
        <value name="LastModified">2000-10-02 11:13:47.755</value>
        <value name="ValidationSvc">wm.b2b.editn:validateTransaction</value>
        <record name="PreProcessingFlags" javaclass="com.wm.app.tn.route.PreRoutingFlags">
          <value name="verify?">no</value>
          <value name="validate?">no</value>
          <value name="persist?">yes</value>
          <value name="unique?">no</value>
        </record>
        <value name="standard">ODETTE</value>
        <value name="version">3</value>
        <value name="transaction">ORDELI</value>
      </idatacodable>
      <idatacodable name="7f000001f70d649100070014" javaclass="wm.b2b.editn.EDITransactionDocType">
        <value name="TypeID">7f000001f70d649100070014</value>
        <value name="TypeName">ODETTE 3 ORDERR</value>
        <null name="TypeDescription"/>
        <idatacodable name="Deleted" javaclass="com.wm.data.MBoolean">
          <value name="MBoolean">false</value>
        </idatacodable>
        <value name="LastModified">2000-10-02 11:13:47.755</value>
        <value name="ValidationSvc">wm.b2b.editn:validateTransaction</value>
        <record name="PreProcessingFlags" javaclass="com.wm.app.tn.route.PreRoutingFlags">
          <value name="verify?">no</value>
          <value name="validate?">no</value>
          <value name="persist?">yes</value>
          <value name="unique?">no</value>
        </record>
        <value name="standard">ODETTE</value>
        <value name="version">3</value>
        <value name="transaction">ORDERR</value>
      </idatacodable>
      <idatacodable name="7f000001f70d649100070015" javaclass="wm.b2b.editn.EDITransactionDocType">
        <value name="TypeID">7f000001f70d649100070015</value>
        <value name="TypeName">ODETTE 3 OSTENQ</value>
        <null name="TypeDescription"/>
        <idatacodable name="Deleted" javaclass="com.wm.data.MBoolean">
          <value name="MBoolean">false</value>
        </idatacodable>
        <value name="LastModified">2000-10-02 11:13:47.755</value>
        <value name="ValidationSvc">wm.b2b.editn:validateTransaction</value>
        <record name="PreProcessingFlags" javaclass="com.wm.app.tn.route.PreRoutingFlags">
          <value name="verify?">no</value>
          <value name="validate?">no</value>
          <value name="persist?">yes</value>
          <value name="unique?">no</value>
        </record>
        <value name="standard">ODETTE</value>
        <value name="version">3</value>
        <value name="transaction">OSTENQ</value>
      </idatacodable>
      <idatacodable name="7f000001f70d649100070016" javaclass="wm.b2b.editn.EDITransactionDocType">
        <value name="TypeID">7f000001f70d649100070016</value>
        <value name="TypeName">ODETTE 3 PRILST</value>
        <null name="TypeDescription"/>
        <idatacodable name="Deleted" javaclass="com.wm.data.MBoolean">
          <value name="MBoolean">false</value>
        </idatacodable>
        <value name="LastModified">2000-10-02 11:13:47.755</value>
        <value name="ValidationSvc">wm.b2b.editn:validateTransaction</value>
        <record name="PreProcessingFlags" javaclass="com.wm.app.tn.route.PreRoutingFlags">
          <value name="verify?">no</value>
          <value name="validate?">no</value>
          <value name="persist?">yes</value>
          <value name="unique?">no</value>
        </record>
        <value name="standard">ODETTE</value>
        <value name="version">3</value>
        <value name="transaction">PRILST</value>
      </idatacodable>
      <idatacodable name="7f000001f70d649100070017" javaclass="wm.b2b.editn.EDITransactionDocType">
        <value name="TypeID">7f000001f70d649100070017</value>
        <value name="TypeName">ODETTE 3 REMADV</value>
        <null name="TypeDescription"/>
        <idatacodable name="Deleted" javaclass="com.wm.data.MBoolean">
          <value name="MBoolean">false</value>
        </idatacodable>
        <value name="LastModified">2000-10-02 11:13:47.755</value>
        <value name="ValidationSvc">wm.b2b.editn:validateTransaction</value>
        <record name="PreProcessingFlags" javaclass="com.wm.app.tn.route.PreRoutingFlags">
          <value name="verify?">no</value>
          <value name="validate?">no</value>
          <value name="persist?">yes</value>
          <value name="unique?">no</value>
        </record>
        <value name="standard">ODETTE</value>
        <value name="version">3</value>
        <value name="transaction">REMADV</value>
      </idatacodable>
      <idatacodable name="7f000001f70d649100070018" javaclass="wm.b2b.editn.EDITransactionDocType">
        <value name="TypeID">7f000001f70d649100070018</value>
        <value name="TypeName">ODETTE 3 REPDEL</value>
        <null name="TypeDescription"/>
        <idatacodable name="Deleted" javaclass="com.wm.data.MBoolean">
          <value name="MBoolean">false</value>
        </idatacodable>
        <value name="LastModified">2000-10-02 11:13:47.755</value>
        <value name="ValidationSvc">wm.b2b.editn:validateTransaction</value>
        <record name="PreProcessingFlags" javaclass="com.wm.app.tn.route.PreRoutingFlags">
          <value name="verify?">no</value>
          <value name="validate?">no</value>
          <value name="persist?">yes</value>
          <value name="unique?">no</value>
        </record>
        <value name="standard">ODETTE</value>
        <value name="version">3</value>
        <value name="transaction">REPDEL</value>
      </idatacodable>
      <idatacodable name="7f000001f70d649100070019" javaclass="wm.b2b.editn.EDITransactionDocType">
        <value name="TypeID">7f000001f70d649100070019</value>
        <value name="TypeName">ODETTE 3 REPINV</value>
        <null name="TypeDescription"/>
        <idatacodable name="Deleted" javaclass="com.wm.data.MBoolean">
          <value name="MBoolean">false</value>
        </idatacodable>
        <value name="LastModified">2000-10-02 11:13:47.755</value>
        <value name="ValidationSvc">wm.b2b.editn:validateTransaction</value>
        <record name="PreProcessingFlags" javaclass="com.wm.app.tn.route.PreRoutingFlags">
          <value name="verify?">no</value>
          <value name="validate?">no</value>
          <value name="persist?">yes</value>
          <value name="unique?">no</value>
        </record>
        <value name="standard">ODETTE</value>
        <value name="version">3</value>
        <value name="transaction">REPINV</value>
      </idatacodable>
      <idatacodable name="7f000001f70d649100070020" javaclass="wm.b2b.editn.EDITransactionDocType">
        <value name="TypeID">7f000001f70d649100070020</value>
        <value name="TypeName">ODETTE 3 REPORD</value>
        <null name="TypeDescription"/>
        <idatacodable name="Deleted" javaclass="com.wm.data.MBoolean">
          <value name="MBoolean">false</value>
        </idatacodable>
        <value name="LastModified">2000-10-02 11:13:47.755</value>
        <value name="ValidationSvc">wm.b2b.editn:validateTransaction</value>
        <record name="PreProcessingFlags" javaclass="com.wm.app.tn.route.PreRoutingFlags">
          <value name="verify?">no</value>
          <value name="validate?">no</value>
          <value name="persist?">yes</value>
          <value name="unique?">no</value>
        </record>
        <value name="standard">ODETTE</value>
        <value name="version">3</value>
        <value name="transaction">REPORD</value>
      </idatacodable>
      <idatacodable name="7f000001f70d649100070021" javaclass="wm.b2b.editn.EDITransactionDocType">
        <value name="TypeID">7f000001f70d649100070021</value>
        <value name="TypeName">ODETTE 3 STATAC</value>
        <null name="TypeDescription"/>
        <idatacodable name="Deleted" javaclass="com.wm.data.MBoolean">
          <value name="MBoolean">false</value>
        </idatacodable>
        <value name="LastModified">2000-10-02 11:13:47.755</value>
        <value name="ValidationSvc">wm.b2b.editn:validateTransaction</value>
        <record name="PreProcessingFlags" javaclass="com.wm.app.tn.route.PreRoutingFlags">
          <value name="verify?">no</value>
          <value name="validate?">no</value>
          <value name="persist?">yes</value>
          <value name="unique?">no</value>
        </record>
        <value name="standard">ODETTE</value>
        <value name="version">3</value>
        <value name="transaction">STATAC</value>
      </idatacodable>
      <idatacodable name="7f000001f70d649100070022" javaclass="wm.b2b.editn.EDITransactionDocType">
        <value name="TypeID">7f000001f70d649100070022</value>
        <value name="TypeName">ODETTE 3 STOACT</value>
        <null name="TypeDescription"/>
        <idatacodable name="Deleted" javaclass="com.wm.data.MBoolean">
          <value name="MBoolean">false</value>
        </idatacodable>
        <value name="LastModified">2000-10-02 11:13:47.755</value>
        <value name="ValidationSvc">wm.b2b.editn:validateTransaction</value>
        <record name="PreProcessingFlags" javaclass="com.wm.app.tn.route.PreRoutingFlags">
          <value name="verify?">no</value>
          <value name="validate?">no</value>
          <value name="persist?">yes</value>
          <value name="unique?">no</value>
        </record>
        <value name="standard">ODETTE</value>
        <value name="version">3</value>
        <value name="transaction">STOACT</value>
      </idatacodable>
      <idatacodable name="7f000001f70d649100070023" javaclass="wm.b2b.editn.EDITransactionDocType">
        <value name="TypeID">7f000001f70d649100070023</value>
        <value name="TypeName">ODETTE 3 SYNCRO</value>
        <null name="TypeDescription"/>
        <idatacodable name="Deleted" javaclass="com.wm.data.MBoolean">
          <value name="MBoolean">false</value>
        </idatacodable>
        <value name="LastModified">2000-10-02 11:13:47.755</value>
        <value name="ValidationSvc">wm.b2b.editn:validateTransaction</value>
        <record name="PreProcessingFlags" javaclass="com.wm.app.tn.route.PreRoutingFlags">
          <value name="verify?">no</value>
          <value name="validate?">no</value>
          <value name="persist?">yes</value>
          <value name="unique?">no</value>
        </record>
        <value name="standard">ODETTE</value>
        <value name="version">3</value>
        <value name="transaction">SYNCRO</value>
      </idatacodable>
      <idatacodable name="7f000001f70d649100070024" javaclass="wm.b2b.editn.EDITransactionDocType">
        <value name="TypeID">7f000001f70d649100070024</value>
        <value name="TypeName">ODETTE 3 SYNPAC</value>
        <null name="TypeDescription"/>
        <idatacodable name="Deleted" javaclass="com.wm.data.MBoolean">
          <value name="MBoolean">false</value>
        </idatacodable>
        <value name="LastModified">2000-10-02 11:13:47.755</value>
        <value name="ValidationSvc">wm.b2b.editn:validateTransaction</value>
        <record name="PreProcessingFlags" javaclass="com.wm.app.tn.route.PreRoutingFlags">
          <value name="verify?">no</value>
          <value name="validate?">no</value>
          <value name="persist?">yes</value>
          <value name="unique?">no</value>
        </record>
        <value name="standard">ODETTE</value>
        <value name="version">3</value>
        <value name="transaction">SYNPAC</value>
      </idatacodable>
    </record>
  </record>
</IDataXMLCoder>
