<?xml version="1.0" encoding="UTF-8"?>

	<IDataXMLCoder version="1.0">
		<record javaclass="com.wm.data.BasicData">
			<record name="version" javaclass="com.wm.data.BasicData">
				<value name="major">1</value>
				<value name="minor">0</value>
			</record>
		<record name="types" javaclass="com.wm.data.BasicData">

				<idatacodable name="5067g7000fjb51tj0000016f" javaclass="wm.b2b.editn.EDITransactionDocType">
					<value name="TypeID">5067g7000fjb51tj0000016f</value>
					<value name="TypeName">UCS 5010 180</value>
					<null name="TypeDescription"/>
					<idatacodable name="Deleted" javaclass="com.wm.data.MBoolean">
						<value name="MBoolean">false</value>
					</idatacodable>
					<value name="LastModified">2005-05-16 14:09:49.491</value>
					<value name="ValidationSvc">wm.b2b.editn:validateTransaction</value>
					<record name="PreProcessingFlags" javaclass="com.wm.app.tn.route.PreRoutingFlags">
						<value name="verify?">no</value>
						<value name="validate?">no</value>
						<value name="persist?">yes</value>
						<value name="unique?">no</value>
					</record>
					<value name="standard">UCS</value>
					<value name="version">5010</value>
					<value name="transaction">180</value>
				</idatacodable>
				<idatacodable name="5067g7000fjb51tj0000016g" javaclass="wm.b2b.editn.EDITransactionDocType">
					<value name="TypeID">5067g7000fjb51tj0000016g</value>
					<value name="TypeName">UCS 5010 214</value>
					<null name="TypeDescription"/>
					<idatacodable name="Deleted" javaclass="com.wm.data.MBoolean">
						<value name="MBoolean">false</value>
					</idatacodable>
					<value name="LastModified">2005-05-16 14:09:49.491</value>
					<value name="ValidationSvc">wm.b2b.editn:validateTransaction</value>
					<record name="PreProcessingFlags" javaclass="com.wm.app.tn.route.PreRoutingFlags">
						<value name="verify?">no</value>
						<value name="validate?">no</value>
						<value name="persist?">yes</value>
						<value name="unique?">no</value>
					</record>
					<value name="standard">UCS</value>
					<value name="version">5010</value>
					<value name="transaction">214</value>
				</idatacodable>
				<idatacodable name="5067g7000fjb51tj0000016h" javaclass="wm.b2b.editn.EDITransactionDocType">
					<value name="TypeID">5067g7000fjb51tj0000016h</value>
					<value name="TypeName">UCS 5010 810</value>
					<null name="TypeDescription"/>
					<idatacodable name="Deleted" javaclass="com.wm.data.MBoolean">
						<value name="MBoolean">false</value>
					</idatacodable>
					<value name="LastModified">2005-05-16 14:09:49.491</value>
					<value name="ValidationSvc">wm.b2b.editn:validateTransaction</value>
					<record name="PreProcessingFlags" javaclass="com.wm.app.tn.route.PreRoutingFlags">
						<value name="verify?">no</value>
						<value name="validate?">no</value>
						<value name="persist?">yes</value>
						<value name="unique?">no</value>
					</record>
					<value name="standard">UCS</value>
					<value name="version">5010</value>
					<value name="transaction">810</value>
				</idatacodable>
				<idatacodable name="5067g7000fjb51tj0000016i" javaclass="wm.b2b.editn.EDITransactionDocType">
					<value name="TypeID">5067g7000fjb51tj0000016i</value>
					<value name="TypeName">UCS 5010 812</value>
					<null name="TypeDescription"/>
					<idatacodable name="Deleted" javaclass="com.wm.data.MBoolean">
						<value name="MBoolean">false</value>
					</idatacodable>
					<value name="LastModified">2005-05-16 14:09:49.491</value>
					<value name="ValidationSvc">wm.b2b.editn:validateTransaction</value>
					<record name="PreProcessingFlags" javaclass="com.wm.app.tn.route.PreRoutingFlags">
						<value name="verify?">no</value>
						<value name="validate?">no</value>
						<value name="persist?">yes</value>
						<value name="unique?">no</value>
					</record>
					<value name="standard">UCS</value>
					<value name="version">5010</value>
					<value name="transaction">812</value>
				</idatacodable>
				<idatacodable name="5067g7000fjb51tj0000016j" javaclass="wm.b2b.editn.EDITransactionDocType">
					<value name="TypeID">5067g7000fjb51tj0000016j</value>
					<value name="TypeName">UCS 5010 814</value>
					<null name="TypeDescription"/>
					<idatacodable name="Deleted" javaclass="com.wm.data.MBoolean">
						<value name="MBoolean">false</value>
					</idatacodable>
					<value name="LastModified">2005-05-16 14:09:49.491</value>
					<value name="ValidationSvc">wm.b2b.editn:validateTransaction</value>
					<record name="PreProcessingFlags" javaclass="com.wm.app.tn.route.PreRoutingFlags">
						<value name="verify?">no</value>
						<value name="validate?">no</value>
						<value name="persist?">yes</value>
						<value name="unique?">no</value>
					</record>
					<value name="standard">UCS</value>
					<value name="version">5010</value>
					<value name="transaction">814</value>
				</idatacodable>
				<idatacodable name="5067g7000fjb51tj0000016k" javaclass="wm.b2b.editn.EDITransactionDocType">
					<value name="TypeID">5067g7000fjb51tj0000016k</value>
					<value name="TypeName">UCS 5010 816</value>
					<null name="TypeDescription"/>
					<idatacodable name="Deleted" javaclass="com.wm.data.MBoolean">
						<value name="MBoolean">false</value>
					</idatacodable>
					<value name="LastModified">2005-05-16 14:09:49.491</value>
					<value name="ValidationSvc">wm.b2b.editn:validateTransaction</value>
					<record name="PreProcessingFlags" javaclass="com.wm.app.tn.route.PreRoutingFlags">
						<value name="verify?">no</value>
						<value name="validate?">no</value>
						<value name="persist?">yes</value>
						<value name="unique?">no</value>
					</record>
					<value name="standard">UCS</value>
					<value name="version">5010</value>
					<value name="transaction">816</value>
				</idatacodable>
				<idatacodable name="5067g7000fjb51tj0000016l" javaclass="wm.b2b.editn.EDITransactionDocType">
					<value name="TypeID">5067g7000fjb51tj0000016l</value>
					<value name="TypeName">UCS 5010 820</value>
					<null name="TypeDescription"/>
					<idatacodable name="Deleted" javaclass="com.wm.data.MBoolean">
						<value name="MBoolean">false</value>
					</idatacodable>
					<value name="LastModified">2005-05-16 14:09:49.491</value>
					<value name="ValidationSvc">wm.b2b.editn:validateTransaction</value>
					<record name="PreProcessingFlags" javaclass="com.wm.app.tn.route.PreRoutingFlags">
						<value name="verify?">no</value>
						<value name="validate?">no</value>
						<value name="persist?">yes</value>
						<value name="unique?">no</value>
					</record>
					<value name="standard">UCS</value>
					<value name="version">5010</value>
					<value name="transaction">820</value>
				</idatacodable>
				<idatacodable name="5067g7000fjb51tj0000016m" javaclass="wm.b2b.editn.EDITransactionDocType">
					<value name="TypeID">5067g7000fjb51tj0000016m</value>
					<value name="TypeName">UCS 5010 824</value>
					<null name="TypeDescription"/>
					<idatacodable name="Deleted" javaclass="com.wm.data.MBoolean">
						<value name="MBoolean">false</value>
					</idatacodable>
					<value name="LastModified">2005-05-16 14:09:49.491</value>
					<value name="ValidationSvc">wm.b2b.editn:validateTransaction</value>
					<record name="PreProcessingFlags" javaclass="com.wm.app.tn.route.PreRoutingFlags">
						<value name="verify?">no</value>
						<value name="validate?">no</value>
						<value name="persist?">yes</value>
						<value name="unique?">no</value>
					</record>
					<value name="standard">UCS</value>
					<value name="version">5010</value>
					<value name="transaction">824</value>
				</idatacodable>
				<idatacodable name="5067g7000fjb51tj0000016n" javaclass="wm.b2b.editn.EDITransactionDocType">
					<value name="TypeID">5067g7000fjb51tj0000016n</value>
					<value name="TypeName">UCS 5010 830</value>
					<null name="TypeDescription"/>
					<idatacodable name="Deleted" javaclass="com.wm.data.MBoolean">
						<value name="MBoolean">false</value>
					</idatacodable>
					<value name="LastModified">2005-05-16 14:09:49.491</value>
					<value name="ValidationSvc">wm.b2b.editn:validateTransaction</value>
					<record name="PreProcessingFlags" javaclass="com.wm.app.tn.route.PreRoutingFlags">
						<value name="verify?">no</value>
						<value name="validate?">no</value>
						<value name="persist?">yes</value>
						<value name="unique?">no</value>
					</record>
					<value name="standard">UCS</value>
					<value name="version">5010</value>
					<value name="transaction">830</value>
				</idatacodable>
				<idatacodable name="5067g7000fjb51tj0000016o" javaclass="wm.b2b.editn.EDITransactionDocType">
					<value name="TypeID">5067g7000fjb51tj0000016o</value>
					<value name="TypeName">UCS 5010 831</value>
					<null name="TypeDescription"/>
					<idatacodable name="Deleted" javaclass="com.wm.data.MBoolean">
						<value name="MBoolean">false</value>
					</idatacodable>
					<value name="LastModified">2005-05-16 14:09:49.491</value>
					<value name="ValidationSvc">wm.b2b.editn:validateTransaction</value>
					<record name="PreProcessingFlags" javaclass="com.wm.app.tn.route.PreRoutingFlags">
						<value name="verify?">no</value>
						<value name="validate?">no</value>
						<value name="persist?">yes</value>
						<value name="unique?">no</value>
					</record>
					<value name="standard">UCS</value>
					<value name="version">5010</value>
					<value name="transaction">831</value>
				</idatacodable>
				<idatacodable name="5067g7000fjb51tj0000016p" javaclass="wm.b2b.editn.EDITransactionDocType">
					<value name="TypeID">5067g7000fjb51tj0000016p</value>
					<value name="TypeName">UCS 5010 846</value>
					<null name="TypeDescription"/>
					<idatacodable name="Deleted" javaclass="com.wm.data.MBoolean">
						<value name="MBoolean">false</value>
					</idatacodable>
					<value name="LastModified">2005-05-16 14:09:49.491</value>
					<value name="ValidationSvc">wm.b2b.editn:validateTransaction</value>
					<record name="PreProcessingFlags" javaclass="com.wm.app.tn.route.PreRoutingFlags">
						<value name="verify?">no</value>
						<value name="validate?">no</value>
						<value name="persist?">yes</value>
						<value name="unique?">no</value>
					</record>
					<value name="standard">UCS</value>
					<value name="version">5010</value>
					<value name="transaction">846</value>
				</idatacodable>
				<idatacodable name="5067g7000fjb51tj0000016q" javaclass="wm.b2b.editn.EDITransactionDocType">
					<value name="TypeID">5067g7000fjb51tj0000016q</value>
					<value name="TypeName">UCS 5010 850</value>
					<null name="TypeDescription"/>
					<idatacodable name="Deleted" javaclass="com.wm.data.MBoolean">
						<value name="MBoolean">false</value>
					</idatacodable>
					<value name="LastModified">2005-05-16 14:09:49.491</value>
					<value name="ValidationSvc">wm.b2b.editn:validateTransaction</value>
					<record name="PreProcessingFlags" javaclass="com.wm.app.tn.route.PreRoutingFlags">
						<value name="verify?">no</value>
						<value name="validate?">no</value>
						<value name="persist?">yes</value>
						<value name="unique?">no</value>
					</record>
					<value name="standard">UCS</value>
					<value name="version">5010</value>
					<value name="transaction">850</value>
				</idatacodable>
				<idatacodable name="5067g7000fjb51tj0000016r" javaclass="wm.b2b.editn.EDITransactionDocType">
					<value name="TypeID">5067g7000fjb51tj0000016r</value>
					<value name="TypeName">UCS 5010 852</value>
					<null name="TypeDescription"/>
					<idatacodable name="Deleted" javaclass="com.wm.data.MBoolean">
						<value name="MBoolean">false</value>
					</idatacodable>
					<value name="LastModified">2005-05-16 14:09:49.491</value>
					<value name="ValidationSvc">wm.b2b.editn:validateTransaction</value>
					<record name="PreProcessingFlags" javaclass="com.wm.app.tn.route.PreRoutingFlags">
						<value name="verify?">no</value>
						<value name="validate?">no</value>
						<value name="persist?">yes</value>
						<value name="unique?">no</value>
					</record>
					<value name="standard">UCS</value>
					<value name="version">5010</value>
					<value name="transaction">852</value>
				</idatacodable>
				<idatacodable name="5067g7000fjb51tj0000016s" javaclass="wm.b2b.editn.EDITransactionDocType">
					<value name="TypeID">5067g7000fjb51tj0000016s</value>
					<value name="TypeName">UCS 5010 855</value>
					<null name="TypeDescription"/>
					<idatacodable name="Deleted" javaclass="com.wm.data.MBoolean">
						<value name="MBoolean">false</value>
					</idatacodable>
					<value name="LastModified">2005-05-16 14:09:49.491</value>
					<value name="ValidationSvc">wm.b2b.editn:validateTransaction</value>
					<record name="PreProcessingFlags" javaclass="com.wm.app.tn.route.PreRoutingFlags">
						<value name="verify?">no</value>
						<value name="validate?">no</value>
						<value name="persist?">yes</value>
						<value name="unique?">no</value>
					</record>
					<value name="standard">UCS</value>
					<value name="version">5010</value>
					<value name="transaction">855</value>
				</idatacodable>
				<idatacodable name="5067g7000fjb51tj0000016t" javaclass="wm.b2b.editn.EDITransactionDocType">
					<value name="TypeID">5067g7000fjb51tj0000016t</value>
					<value name="TypeName">UCS 5010 856</value>
					<null name="TypeDescription"/>
					<idatacodable name="Deleted" javaclass="com.wm.data.MBoolean">
						<value name="MBoolean">false</value>
					</idatacodable>
					<value name="LastModified">2005-05-16 14:09:49.491</value>
					<value name="ValidationSvc">wm.b2b.editn:validateTransaction</value>
					<record name="PreProcessingFlags" javaclass="com.wm.app.tn.route.PreRoutingFlags">
						<value name="verify?">no</value>
						<value name="validate?">no</value>
						<value name="persist?">yes</value>
						<value name="unique?">no</value>
					</record>
					<value name="standard">UCS</value>
					<value name="version">5010</value>
					<value name="transaction">856</value>
				</idatacodable>
				<idatacodable name="5067g7000fjb51tj0000016u" javaclass="wm.b2b.editn.EDITransactionDocType">
					<value name="TypeID">5067g7000fjb51tj0000016u</value>
					<value name="TypeName">UCS 5010 857</value>
					<null name="TypeDescription"/>
					<idatacodable name="Deleted" javaclass="com.wm.data.MBoolean">
						<value name="MBoolean">false</value>
					</idatacodable>
					<value name="LastModified">2005-05-16 14:09:49.491</value>
					<value name="ValidationSvc">wm.b2b.editn:validateTransaction</value>
					<record name="PreProcessingFlags" javaclass="com.wm.app.tn.route.PreRoutingFlags">
						<value name="verify?">no</value>
						<value name="validate?">no</value>
						<value name="persist?">yes</value>
						<value name="unique?">no</value>
					</record>
					<value name="standard">UCS</value>
					<value name="version">5010</value>
					<value name="transaction">857</value>
				</idatacodable>
				<idatacodable name="5067g7000fjb51tj0000016v" javaclass="wm.b2b.editn.EDITransactionDocType">
					<value name="TypeID">5067g7000fjb51tj0000016v</value>
					<value name="TypeName">UCS 5010 864</value>
					<null name="TypeDescription"/>
					<idatacodable name="Deleted" javaclass="com.wm.data.MBoolean">
						<value name="MBoolean">false</value>
					</idatacodable>
					<value name="LastModified">2005-05-16 14:09:49.491</value>
					<value name="ValidationSvc">wm.b2b.editn:validateTransaction</value>
					<record name="PreProcessingFlags" javaclass="com.wm.app.tn.route.PreRoutingFlags">
						<value name="verify?">no</value>
						<value name="validate?">no</value>
						<value name="persist?">yes</value>
						<value name="unique?">no</value>
					</record>
					<value name="standard">UCS</value>
					<value name="version">5010</value>
					<value name="transaction">864</value>
				</idatacodable>
				<idatacodable name="5067g7000fjb51tj00000170" javaclass="wm.b2b.editn.EDITransactionDocType">
					<value name="TypeID">5067g7000fjb51tj00000170</value>
					<value name="TypeName">UCS 5010 867</value>
					<null name="TypeDescription"/>
					<idatacodable name="Deleted" javaclass="com.wm.data.MBoolean">
						<value name="MBoolean">false</value>
					</idatacodable>
					<value name="LastModified">2005-05-16 14:09:49.491</value>
					<value name="ValidationSvc">wm.b2b.editn:validateTransaction</value>
					<record name="PreProcessingFlags" javaclass="com.wm.app.tn.route.PreRoutingFlags">
						<value name="verify?">no</value>
						<value name="validate?">no</value>
						<value name="persist?">yes</value>
						<value name="unique?">no</value>
					</record>
					<value name="standard">UCS</value>
					<value name="version">5010</value>
					<value name="transaction">867</value>
				</idatacodable>
				<idatacodable name="5067g7000fjb51tj00000171" javaclass="wm.b2b.editn.EDITransactionDocType">
					<value name="TypeID">5067g7000fjb51tj00000171</value>
					<value name="TypeName">UCS 5010 875</value>
					<null name="TypeDescription"/>
					<idatacodable name="Deleted" javaclass="com.wm.data.MBoolean">
						<value name="MBoolean">false</value>
					</idatacodable>
					<value name="LastModified">2005-05-16 14:09:49.491</value>
					<value name="ValidationSvc">wm.b2b.editn:validateTransaction</value>
					<record name="PreProcessingFlags" javaclass="com.wm.app.tn.route.PreRoutingFlags">
						<value name="verify?">no</value>
						<value name="validate?">no</value>
						<value name="persist?">yes</value>
						<value name="unique?">no</value>
					</record>
					<value name="standard">UCS</value>
					<value name="version">5010</value>
					<value name="transaction">875</value>
				</idatacodable>
				<idatacodable name="5067g7000fjb51tj00000172" javaclass="wm.b2b.editn.EDITransactionDocType">
					<value name="TypeID">5067g7000fjb51tj00000172</value>
					<value name="TypeName">UCS 5010 876</value>
					<null name="TypeDescription"/>
					<idatacodable name="Deleted" javaclass="com.wm.data.MBoolean">
						<value name="MBoolean">false</value>
					</idatacodable>
					<value name="LastModified">2005-05-16 14:09:49.491</value>
					<value name="ValidationSvc">wm.b2b.editn:validateTransaction</value>
					<record name="PreProcessingFlags" javaclass="com.wm.app.tn.route.PreRoutingFlags">
						<value name="verify?">no</value>
						<value name="validate?">no</value>
						<value name="persist?">yes</value>
						<value name="unique?">no</value>
					</record>
					<value name="standard">UCS</value>
					<value name="version">5010</value>
					<value name="transaction">876</value>
				</idatacodable>
				<idatacodable name="5067g7000fjb51tj00000173" javaclass="wm.b2b.editn.EDITransactionDocType">
					<value name="TypeID">5067g7000fjb51tj00000173</value>
					<value name="TypeName">UCS 5010 877</value>
					<null name="TypeDescription"/>
					<idatacodable name="Deleted" javaclass="com.wm.data.MBoolean">
						<value name="MBoolean">false</value>
					</idatacodable>
					<value name="LastModified">2005-05-16 14:09:49.491</value>
					<value name="ValidationSvc">wm.b2b.editn:validateTransaction</value>
					<record name="PreProcessingFlags" javaclass="com.wm.app.tn.route.PreRoutingFlags">
						<value name="verify?">no</value>
						<value name="validate?">no</value>
						<value name="persist?">yes</value>
						<value name="unique?">no</value>
					</record>
					<value name="standard">UCS</value>
					<value name="version">5010</value>
					<value name="transaction">877</value>
				</idatacodable>
				<idatacodable name="5067g7000fjb51tj00000174" javaclass="wm.b2b.editn.EDITransactionDocType">
					<value name="TypeID">5067g7000fjb51tj00000174</value>
					<value name="TypeName">UCS 5010 878</value>
					<null name="TypeDescription"/>
					<idatacodable name="Deleted" javaclass="com.wm.data.MBoolean">
						<value name="MBoolean">false</value>
					</idatacodable>
					<value name="LastModified">2005-05-16 14:09:49.491</value>
					<value name="ValidationSvc">wm.b2b.editn:validateTransaction</value>
					<record name="PreProcessingFlags" javaclass="com.wm.app.tn.route.PreRoutingFlags">
						<value name="verify?">no</value>
						<value name="validate?">no</value>
						<value name="persist?">yes</value>
						<value name="unique?">no</value>
					</record>
					<value name="standard">UCS</value>
					<value name="version">5010</value>
					<value name="transaction">878</value>
				</idatacodable>
				<idatacodable name="5067g7000fjb51tj00000175" javaclass="wm.b2b.editn.EDITransactionDocType">
					<value name="TypeID">5067g7000fjb51tj00000175</value>
					<value name="TypeName">UCS 5010 879</value>
					<null name="TypeDescription"/>
					<idatacodable name="Deleted" javaclass="com.wm.data.MBoolean">
						<value name="MBoolean">false</value>
					</idatacodable>
					<value name="LastModified">2005-05-16 14:09:49.491</value>
					<value name="ValidationSvc">wm.b2b.editn:validateTransaction</value>
					<record name="PreProcessingFlags" javaclass="com.wm.app.tn.route.PreRoutingFlags">
						<value name="verify?">no</value>
						<value name="validate?">no</value>
						<value name="persist?">yes</value>
						<value name="unique?">no</value>
					</record>
					<value name="standard">UCS</value>
					<value name="version">5010</value>
					<value name="transaction">879</value>
				</idatacodable>
				<idatacodable name="5067g7000fjb51tj00000176" javaclass="wm.b2b.editn.EDITransactionDocType">
					<value name="TypeID">5067g7000fjb51tj00000176</value>
					<value name="TypeName">UCS 5010 880</value>
					<null name="TypeDescription"/>
					<idatacodable name="Deleted" javaclass="com.wm.data.MBoolean">
						<value name="MBoolean">false</value>
					</idatacodable>
					<value name="LastModified">2005-05-16 14:09:49.491</value>
					<value name="ValidationSvc">wm.b2b.editn:validateTransaction</value>
					<record name="PreProcessingFlags" javaclass="com.wm.app.tn.route.PreRoutingFlags">
						<value name="verify?">no</value>
						<value name="validate?">no</value>
						<value name="persist?">yes</value>
						<value name="unique?">no</value>
					</record>
					<value name="standard">UCS</value>
					<value name="version">5010</value>
					<value name="transaction">880</value>
				</idatacodable>
				<idatacodable name="5067g7000fjb51tj00000177" javaclass="wm.b2b.editn.EDITransactionDocType">
					<value name="TypeID">5067g7000fjb51tj00000177</value>
					<value name="TypeName">UCS 5010 881</value>
					<null name="TypeDescription"/>
					<idatacodable name="Deleted" javaclass="com.wm.data.MBoolean">
						<value name="MBoolean">false</value>
					</idatacodable>
					<value name="LastModified">2005-05-16 14:09:49.491</value>
					<value name="ValidationSvc">wm.b2b.editn:validateTransaction</value>
					<record name="PreProcessingFlags" javaclass="com.wm.app.tn.route.PreRoutingFlags">
						<value name="verify?">no</value>
						<value name="validate?">no</value>
						<value name="persist?">yes</value>
						<value name="unique?">no</value>
					</record>
					<value name="standard">UCS</value>
					<value name="version">5010</value>
					<value name="transaction">881</value>
				</idatacodable>
				<idatacodable name="5067g7000fjb51tj00000178" javaclass="wm.b2b.editn.EDITransactionDocType">
					<value name="TypeID">5067g7000fjb51tj00000178</value>
					<value name="TypeName">UCS 5010 882</value>
					<null name="TypeDescription"/>
					<idatacodable name="Deleted" javaclass="com.wm.data.MBoolean">
						<value name="MBoolean">false</value>
					</idatacodable>
					<value name="LastModified">2005-05-16 14:09:49.491</value>
					<value name="ValidationSvc">wm.b2b.editn:validateTransaction</value>
					<record name="PreProcessingFlags" javaclass="com.wm.app.tn.route.PreRoutingFlags">
						<value name="verify?">no</value>
						<value name="validate?">no</value>
						<value name="persist?">yes</value>
						<value name="unique?">no</value>
					</record>
					<value name="standard">UCS</value>
					<value name="version">5010</value>
					<value name="transaction">882</value>
				</idatacodable>
				<idatacodable name="5067g7000fjb51tj00000179" javaclass="wm.b2b.editn.EDITransactionDocType">
					<value name="TypeID">5067g7000fjb51tj00000179</value>
					<value name="TypeName">UCS 5010 883</value>
					<null name="TypeDescription"/>
					<idatacodable name="Deleted" javaclass="com.wm.data.MBoolean">
						<value name="MBoolean">false</value>
					</idatacodable>
					<value name="LastModified">2005-05-16 14:09:49.491</value>
					<value name="ValidationSvc">wm.b2b.editn:validateTransaction</value>
					<record name="PreProcessingFlags" javaclass="com.wm.app.tn.route.PreRoutingFlags">
						<value name="verify?">no</value>
						<value name="validate?">no</value>
						<value name="persist?">yes</value>
						<value name="unique?">no</value>
					</record>
					<value name="standard">UCS</value>
					<value name="version">5010</value>
					<value name="transaction">883</value>
				</idatacodable>
				<idatacodable name="5067g7000fjb51tj0000017a" javaclass="wm.b2b.editn.EDITransactionDocType">
					<value name="TypeID">5067g7000fjb51tj0000017a</value>
					<value name="TypeName">UCS 5010 884</value>
					<null name="TypeDescription"/>
					<idatacodable name="Deleted" javaclass="com.wm.data.MBoolean">
						<value name="MBoolean">false</value>
					</idatacodable>
					<value name="LastModified">2005-05-16 14:09:49.491</value>
					<value name="ValidationSvc">wm.b2b.editn:validateTransaction</value>
					<record name="PreProcessingFlags" javaclass="com.wm.app.tn.route.PreRoutingFlags">
						<value name="verify?">no</value>
						<value name="validate?">no</value>
						<value name="persist?">yes</value>
						<value name="unique?">no</value>
					</record>
					<value name="standard">UCS</value>
					<value name="version">5010</value>
					<value name="transaction">884</value>
				</idatacodable>
				<idatacodable name="5067g7000fjb51tj0000017b" javaclass="wm.b2b.editn.EDITransactionDocType">
					<value name="TypeID">5067g7000fjb51tj0000017b</value>
					<value name="TypeName">UCS 5010 885</value>
					<null name="TypeDescription"/>
					<idatacodable name="Deleted" javaclass="com.wm.data.MBoolean">
						<value name="MBoolean">false</value>
					</idatacodable>
					<value name="LastModified">2005-05-16 14:09:49.491</value>
					<value name="ValidationSvc">wm.b2b.editn:validateTransaction</value>
					<record name="PreProcessingFlags" javaclass="com.wm.app.tn.route.PreRoutingFlags">
						<value name="verify?">no</value>
						<value name="validate?">no</value>
						<value name="persist?">yes</value>
						<value name="unique?">no</value>
					</record>
					<value name="standard">UCS</value>
					<value name="version">5010</value>
					<value name="transaction">885</value>
				</idatacodable>
				<idatacodable name="5067g7000fjb51tj0000017c" javaclass="wm.b2b.editn.EDITransactionDocType">
					<value name="TypeID">5067g7000fjb51tj0000017c</value>
					<value name="TypeName">UCS 5010 886</value>
					<null name="TypeDescription"/>
					<idatacodable name="Deleted" javaclass="com.wm.data.MBoolean">
						<value name="MBoolean">false</value>
					</idatacodable>
					<value name="LastModified">2005-05-16 14:09:49.491</value>
					<value name="ValidationSvc">wm.b2b.editn:validateTransaction</value>
					<record name="PreProcessingFlags" javaclass="com.wm.app.tn.route.PreRoutingFlags">
						<value name="verify?">no</value>
						<value name="validate?">no</value>
						<value name="persist?">yes</value>
						<value name="unique?">no</value>
					</record>
					<value name="standard">UCS</value>
					<value name="version">5010</value>
					<value name="transaction">886</value>
				</idatacodable>
				<idatacodable name="5067g7000fjb51tj0000017d" javaclass="wm.b2b.editn.EDITransactionDocType">
					<value name="TypeID">5067g7000fjb51tj0000017d</value>
					<value name="TypeName">UCS 5010 887</value>
					<null name="TypeDescription"/>
					<idatacodable name="Deleted" javaclass="com.wm.data.MBoolean">
						<value name="MBoolean">false</value>
					</idatacodable>
					<value name="LastModified">2005-05-16 14:09:49.491</value>
					<value name="ValidationSvc">wm.b2b.editn:validateTransaction</value>
					<record name="PreProcessingFlags" javaclass="com.wm.app.tn.route.PreRoutingFlags">
						<value name="verify?">no</value>
						<value name="validate?">no</value>
						<value name="persist?">yes</value>
						<value name="unique?">no</value>
					</record>
					<value name="standard">UCS</value>
					<value name="version">5010</value>
					<value name="transaction">887</value>
				</idatacodable>
				<idatacodable name="5067g7000fjb51tj0000017e" javaclass="wm.b2b.editn.EDITransactionDocType">
					<value name="TypeID">5067g7000fjb51tj0000017e</value>
					<value name="TypeName">UCS 5010 888</value>
					<null name="TypeDescription"/>
					<idatacodable name="Deleted" javaclass="com.wm.data.MBoolean">
						<value name="MBoolean">false</value>
					</idatacodable>
					<value name="LastModified">2005-05-16 14:09:49.491</value>
					<value name="ValidationSvc">wm.b2b.editn:validateTransaction</value>
					<record name="PreProcessingFlags" javaclass="com.wm.app.tn.route.PreRoutingFlags">
						<value name="verify?">no</value>
						<value name="validate?">no</value>
						<value name="persist?">yes</value>
						<value name="unique?">no</value>
					</record>
					<value name="standard">UCS</value>
					<value name="version">5010</value>
					<value name="transaction">888</value>
				</idatacodable>
				<idatacodable name="5067g7000fjb51tj0000017f" javaclass="wm.b2b.editn.EDITransactionDocType">
					<value name="TypeID">5067g7000fjb51tj0000017f</value>
					<value name="TypeName">UCS 5010 889</value>
					<null name="TypeDescription"/>
					<idatacodable name="Deleted" javaclass="com.wm.data.MBoolean">
						<value name="MBoolean">false</value>
					</idatacodable>
					<value name="LastModified">2005-05-16 14:09:49.491</value>
					<value name="ValidationSvc">wm.b2b.editn:validateTransaction</value>
					<record name="PreProcessingFlags" javaclass="com.wm.app.tn.route.PreRoutingFlags">
						<value name="verify?">no</value>
						<value name="validate?">no</value>
						<value name="persist?">yes</value>
						<value name="unique?">no</value>
					</record>
					<value name="standard">UCS</value>
					<value name="version">5010</value>
					<value name="transaction">889</value>
				</idatacodable>
				<idatacodable name="5067g7000fjb51tj0000017g" javaclass="wm.b2b.editn.EDITransactionDocType">
					<value name="TypeID">5067g7000fjb51tj0000017g</value>
					<value name="TypeName">UCS 5010 891</value>
					<null name="TypeDescription"/>
					<idatacodable name="Deleted" javaclass="com.wm.data.MBoolean">
						<value name="MBoolean">false</value>
					</idatacodable>
					<value name="LastModified">2005-05-16 14:09:49.491</value>
					<value name="ValidationSvc">wm.b2b.editn:validateTransaction</value>
					<record name="PreProcessingFlags" javaclass="com.wm.app.tn.route.PreRoutingFlags">
						<value name="verify?">no</value>
						<value name="validate?">no</value>
						<value name="persist?">yes</value>
						<value name="unique?">no</value>
					</record>
					<value name="standard">UCS</value>
					<value name="version">5010</value>
					<value name="transaction">891</value>
				</idatacodable>
				<idatacodable name="5067g7000fjb51tj0000017h" javaclass="wm.b2b.editn.EDITransactionDocType">
					<value name="TypeID">5067g7000fjb51tj0000017h</value>
					<value name="TypeName">UCS 5010 893</value>
					<null name="TypeDescription"/>
					<idatacodable name="Deleted" javaclass="com.wm.data.MBoolean">
						<value name="MBoolean">false</value>
					</idatacodable>
					<value name="LastModified">2005-05-16 14:09:49.491</value>
					<value name="ValidationSvc">wm.b2b.editn:validateTransaction</value>
					<record name="PreProcessingFlags" javaclass="com.wm.app.tn.route.PreRoutingFlags">
						<value name="verify?">no</value>
						<value name="validate?">no</value>
						<value name="persist?">yes</value>
						<value name="unique?">no</value>
					</record>
					<value name="standard">UCS</value>
					<value name="version">5010</value>
					<value name="transaction">893</value>
				</idatacodable>
				<idatacodable name="5067g7000fjb51tj0000017i" javaclass="wm.b2b.editn.EDITransactionDocType">
					<value name="TypeID">5067g7000fjb51tj0000017i</value>
					<value name="TypeName">UCS 5010 894</value>
					<null name="TypeDescription"/>
					<idatacodable name="Deleted" javaclass="com.wm.data.MBoolean">
						<value name="MBoolean">false</value>
					</idatacodable>
					<value name="LastModified">2005-05-16 14:09:49.491</value>
					<value name="ValidationSvc">wm.b2b.editn:validateTransaction</value>
					<record name="PreProcessingFlags" javaclass="com.wm.app.tn.route.PreRoutingFlags">
						<value name="verify?">no</value>
						<value name="validate?">no</value>
						<value name="persist?">yes</value>
						<value name="unique?">no</value>
					</record>
					<value name="standard">UCS</value>
					<value name="version">5010</value>
					<value name="transaction">894</value>
				</idatacodable>
				<idatacodable name="5067g7000fjb51tj0000017j" javaclass="wm.b2b.editn.EDITransactionDocType">
					<value name="TypeID">5067g7000fjb51tj0000017j</value>
					<value name="TypeName">UCS 5010 895</value>
					<null name="TypeDescription"/>
					<idatacodable name="Deleted" javaclass="com.wm.data.MBoolean">
						<value name="MBoolean">false</value>
					</idatacodable>
					<value name="LastModified">2005-05-16 14:09:49.491</value>
					<value name="ValidationSvc">wm.b2b.editn:validateTransaction</value>
					<record name="PreProcessingFlags" javaclass="com.wm.app.tn.route.PreRoutingFlags">
						<value name="verify?">no</value>
						<value name="validate?">no</value>
						<value name="persist?">yes</value>
						<value name="unique?">no</value>
					</record>
					<value name="standard">UCS</value>
					<value name="version">5010</value>
					<value name="transaction">895</value>
				</idatacodable>
				<idatacodable name="5067g7000fjb51tj0000017k" javaclass="wm.b2b.editn.EDITransactionDocType">
					<value name="TypeID">5067g7000fjb51tj0000017k</value>
					<value name="TypeName">UCS 5010 896</value>
					<null name="TypeDescription"/>
					<idatacodable name="Deleted" javaclass="com.wm.data.MBoolean">
						<value name="MBoolean">false</value>
					</idatacodable>
					<value name="LastModified">2005-05-16 14:09:49.491</value>
					<value name="ValidationSvc">wm.b2b.editn:validateTransaction</value>
					<record name="PreProcessingFlags" javaclass="com.wm.app.tn.route.PreRoutingFlags">
						<value name="verify?">no</value>
						<value name="validate?">no</value>
						<value name="persist?">yes</value>
						<value name="unique?">no</value>
					</record>
					<value name="standard">UCS</value>
					<value name="version">5010</value>
					<value name="transaction">896</value>
				</idatacodable>
				<idatacodable name="5067g7000fjb51tj0000017l" javaclass="wm.b2b.editn.EDITransactionDocType">
					<value name="TypeID">5067g7000fjb51tj0000017l</value>
					<value name="TypeName">UCS 5010 940</value>
					<null name="TypeDescription"/>
					<idatacodable name="Deleted" javaclass="com.wm.data.MBoolean">
						<value name="MBoolean">false</value>
					</idatacodable>
					<value name="LastModified">2005-05-16 14:09:49.491</value>
					<value name="ValidationSvc">wm.b2b.editn:validateTransaction</value>
					<record name="PreProcessingFlags" javaclass="com.wm.app.tn.route.PreRoutingFlags">
						<value name="verify?">no</value>
						<value name="validate?">no</value>
						<value name="persist?">yes</value>
						<value name="unique?">no</value>
					</record>
					<value name="standard">UCS</value>
					<value name="version">5010</value>
					<value name="transaction">940</value>
				</idatacodable>
				<idatacodable name="5067g7000fjb51tj0000017m" javaclass="wm.b2b.editn.EDITransactionDocType">
					<value name="TypeID">5067g7000fjb51tj0000017m</value>
					<value name="TypeName">UCS 5010 944</value>
					<null name="TypeDescription"/>
					<idatacodable name="Deleted" javaclass="com.wm.data.MBoolean">
						<value name="MBoolean">false</value>
					</idatacodable>
					<value name="LastModified">2005-05-16 14:09:49.491</value>
					<value name="ValidationSvc">wm.b2b.editn:validateTransaction</value>
					<record name="PreProcessingFlags" javaclass="com.wm.app.tn.route.PreRoutingFlags">
						<value name="verify?">no</value>
						<value name="validate?">no</value>
						<value name="persist?">yes</value>
						<value name="unique?">no</value>
					</record>
					<value name="standard">UCS</value>
					<value name="version">5010</value>
					<value name="transaction">944</value>
				</idatacodable>
				<idatacodable name="5067g7000fjb51tj0000017n" javaclass="wm.b2b.editn.EDITransactionDocType">
					<value name="TypeID">5067g7000fjb51tj0000017n</value>
					<value name="TypeName">UCS 5010 945</value>
					<null name="TypeDescription"/>
					<idatacodable name="Deleted" javaclass="com.wm.data.MBoolean">
						<value name="MBoolean">false</value>
					</idatacodable>
					<value name="LastModified">2005-05-16 14:09:49.491</value>
					<value name="ValidationSvc">wm.b2b.editn:validateTransaction</value>
					<record name="PreProcessingFlags" javaclass="com.wm.app.tn.route.PreRoutingFlags">
						<value name="verify?">no</value>
						<value name="validate?">no</value>
						<value name="persist?">yes</value>
						<value name="unique?">no</value>
					</record>
					<value name="standard">UCS</value>
					<value name="version">5010</value>
					<value name="transaction">945</value>
				</idatacodable>
				<idatacodable name="5067g7000fjb51tj0000017o" javaclass="wm.b2b.editn.EDITransactionDocType">
					<value name="TypeID">5067g7000fjb51tj0000017o</value>
					<value name="TypeName">UCS 5010 947</value>
					<null name="TypeDescription"/>
					<idatacodable name="Deleted" javaclass="com.wm.data.MBoolean">
						<value name="MBoolean">false</value>
					</idatacodable>
					<value name="LastModified">2005-05-16 14:09:49.491</value>
					<value name="ValidationSvc">wm.b2b.editn:validateTransaction</value>
					<record name="PreProcessingFlags" javaclass="com.wm.app.tn.route.PreRoutingFlags">
						<value name="verify?">no</value>
						<value name="validate?">no</value>
						<value name="persist?">yes</value>
						<value name="unique?">no</value>
					</record>
					<value name="standard">UCS</value>
					<value name="version">5010</value>
					<value name="transaction">947</value>
				</idatacodable>
				<idatacodable name="5067g7000fjb51tj0000017p" javaclass="wm.b2b.editn.EDITransactionDocType">
					<value name="TypeID">5067g7000fjb51tj0000017p</value>
					<value name="TypeName">UCS 5010 997</value>
					<null name="TypeDescription"/>
					<idatacodable name="Deleted" javaclass="com.wm.data.MBoolean">
						<value name="MBoolean">false</value>
					</idatacodable>
					<value name="LastModified">2005-05-16 14:09:49.491</value>
					<value name="ValidationSvc">wm.b2b.editn:validateTransaction</value>
					<record name="PreProcessingFlags" javaclass="com.wm.app.tn.route.PreRoutingFlags">
						<value name="verify?">no</value>
						<value name="validate?">no</value>
						<value name="persist?">yes</value>
						<value name="unique?">no</value>
					</record>
					<value name="standard">UCS</value>
					<value name="version">5010</value>
					<value name="transaction">997</value>
				</idatacodable>		</record>
	</record>
</IDataXMLCoder>
