<?xml version="1.0" encoding="UTF-8"?>

	<IDataXMLCoder version="1.0">
		<record javaclass="com.wm.data.BasicData">
			<record name="version" javaclass="com.wm.data.BasicData">
				<value name="major">1</value>
				<value name="minor">0</value>
			</record>
		<record name="types" javaclass="com.wm.data.BasicData">

				<idatacodable name="53o28j009eb4hb670000000o" javaclass="wm.b2b.editn.EDITransactionDocType">
					<value name="TypeID">53o28j009eb4hb670000000o</value>
					<value name="TypeName">UNEDIFACT 41 AUTACK</value>
					<null name="TypeDescription"/>
					<idatacodable name="Deleted" javaclass="com.wm.data.MBoolean">
						<value name="MBoolean">false</value>
					</idatacodable>
					<value name="LastModified">2015-02-17 12:15:20.199</value>
					<value name="ValidationSvc">wm.b2b.editn:validateTransaction</value>
					<record name="PreProcessingFlags" javaclass="com.wm.app.tn.route.PreRoutingFlags">
						<value name="verify?">no</value>
						<value name="validate?">no</value>
						<value name="persist?">yes</value>
						<value name="unique?">no</value>
					</record>
					<value name="standard">UNEDIFACT</value>
					<value name="version">41</value>
					<value name="transaction">AUTACK</value>
				</idatacodable>
				<idatacodable name="53o28j009eb4hb670000000p" javaclass="wm.b2b.editn.EDITransactionDocType">
					<value name="TypeID">53o28j009eb4hb670000000p</value>
					<value name="TypeName">UNEDIFACT 41 CONTRL</value>
					<null name="TypeDescription"/>
					<idatacodable name="Deleted" javaclass="com.wm.data.MBoolean">
						<value name="MBoolean">false</value>
					</idatacodable>
					<value name="LastModified">2015-02-17 12:15:20.199</value>
					<value name="ValidationSvc">wm.b2b.editn:validateTransaction</value>
					<record name="PreProcessingFlags" javaclass="com.wm.app.tn.route.PreRoutingFlags">
						<value name="verify?">no</value>
						<value name="validate?">no</value>
						<value name="persist?">yes</value>
						<value name="unique?">no</value>
					</record>
					<value name="standard">UNEDIFACT</value>
					<value name="version">41</value>
					<value name="transaction">CONTRL</value>
				</idatacodable>		</record>
	</record>
</IDataXMLCoder>
