<?xml version="1.0" encoding="UTF-8"?>

	<IDataXMLCoder version="1.0">
		<record javaclass="com.wm.data.BasicData">
			<record name="version" javaclass="com.wm.data.BasicData">
				<value name="major">1</value>
				<value name="minor">0</value>
			</record>
		<record name="types" javaclass="com.wm.data.BasicData">

				<idatacodable name="53o75b0087ff5af00000000j" javaclass="wm.b2b.editn.EDITransactionDocType">
					<value name="TypeID">53o75b0087ff5af00000000j</value>
					<value name="TypeName">UNEDIFACT 2932 BAPLIE</value>
					<null name="TypeDescription"/>
					<idatacodable name="Deleted" javaclass="com.wm.data.MBoolean">
						<value name="MBoolean">false</value>
					</idatacodable>
					<value name="LastModified">2013-10-22 12:25:47.167</value>
					<value name="ValidationSvc">wm.b2b.editn:validateTransaction</value>
					<record name="PreProcessingFlags" javaclass="com.wm.app.tn.route.PreRoutingFlags">
						<value name="verify?">no</value>
						<value name="validate?">no</value>
						<value name="persist?">yes</value>
						<value name="unique?">no</value>
					</record>
					<value name="standard">UNEDIFACT</value>
					<value name="version">2932</value>
					<value name="transaction">BAPLIE</value>
				</idatacodable>
				<idatacodable name="53o75b0087ff5af00000000k" javaclass="wm.b2b.editn.EDITransactionDocType">
					<value name="TypeID">53o75b0087ff5af00000000k</value>
					<value name="TypeName">UNEDIFACT 2932 BAPLTE</value>
					<null name="TypeDescription"/>
					<idatacodable name="Deleted" javaclass="com.wm.data.MBoolean">
						<value name="MBoolean">false</value>
					</idatacodable>
					<value name="LastModified">2013-10-22 12:25:47.167</value>
					<value name="ValidationSvc">wm.b2b.editn:validateTransaction</value>
					<record name="PreProcessingFlags" javaclass="com.wm.app.tn.route.PreRoutingFlags">
						<value name="verify?">no</value>
						<value name="validate?">no</value>
						<value name="persist?">yes</value>
						<value name="unique?">no</value>
					</record>
					<value name="standard">UNEDIFACT</value>
					<value name="version">2932</value>
					<value name="transaction">BAPLTE</value>
				</idatacodable>
				<idatacodable name="53o75b0087ff5af00000000l" javaclass="wm.b2b.editn.EDITransactionDocType">
					<value name="TypeID">53o75b0087ff5af00000000l</value>
					<value name="TypeName">UNEDIFACT 2932 CONTRL</value>
					<null name="TypeDescription"/>
					<idatacodable name="Deleted" javaclass="com.wm.data.MBoolean">
						<value name="MBoolean">false</value>
					</idatacodable>
					<value name="LastModified">2013-10-22 12:25:47.167</value>
					<value name="ValidationSvc">wm.b2b.editn:validateTransaction</value>
					<record name="PreProcessingFlags" javaclass="com.wm.app.tn.route.PreRoutingFlags">
						<value name="verify?">no</value>
						<value name="validate?">no</value>
						<value name="persist?">yes</value>
						<value name="unique?">no</value>
					</record>
					<value name="standard">UNEDIFACT</value>
					<value name="version">2932</value>
					<value name="transaction">CONTRL</value>
				</idatacodable>
				<idatacodable name="53o75b0087ff5af00000000m" javaclass="wm.b2b.editn.EDITransactionDocType">
					<value name="TypeID">53o75b0087ff5af00000000m</value>
					<value name="TypeName">UNEDIFACT 2932 CREADV</value>
					<null name="TypeDescription"/>
					<idatacodable name="Deleted" javaclass="com.wm.data.MBoolean">
						<value name="MBoolean">false</value>
					</idatacodable>
					<value name="LastModified">2013-10-22 12:25:47.167</value>
					<value name="ValidationSvc">wm.b2b.editn:validateTransaction</value>
					<record name="PreProcessingFlags" javaclass="com.wm.app.tn.route.PreRoutingFlags">
						<value name="verify?">no</value>
						<value name="validate?">no</value>
						<value name="persist?">yes</value>
						<value name="unique?">no</value>
					</record>
					<value name="standard">UNEDIFACT</value>
					<value name="version">2932</value>
					<value name="transaction">CREADV</value>
				</idatacodable>
				<idatacodable name="53o75b0087ff5af00000000n" javaclass="wm.b2b.editn.EDITransactionDocType">
					<value name="TypeID">53o75b0087ff5af00000000n</value>
					<value name="TypeName">UNEDIFACT 2932 CREEXT</value>
					<null name="TypeDescription"/>
					<idatacodable name="Deleted" javaclass="com.wm.data.MBoolean">
						<value name="MBoolean">false</value>
					</idatacodable>
					<value name="LastModified">2013-10-22 12:25:47.167</value>
					<value name="ValidationSvc">wm.b2b.editn:validateTransaction</value>
					<record name="PreProcessingFlags" javaclass="com.wm.app.tn.route.PreRoutingFlags">
						<value name="verify?">no</value>
						<value name="validate?">no</value>
						<value name="persist?">yes</value>
						<value name="unique?">no</value>
					</record>
					<value name="standard">UNEDIFACT</value>
					<value name="version">2932</value>
					<value name="transaction">CREEXT</value>
				</idatacodable>
				<idatacodable name="53o75b0087ff5af00000000o" javaclass="wm.b2b.editn.EDITransactionDocType">
					<value name="TypeID">53o75b0087ff5af00000000o</value>
					<value name="TypeName">UNEDIFACT 2932 CUSCAR</value>
					<null name="TypeDescription"/>
					<idatacodable name="Deleted" javaclass="com.wm.data.MBoolean">
						<value name="MBoolean">false</value>
					</idatacodable>
					<value name="LastModified">2013-10-22 12:25:47.167</value>
					<value name="ValidationSvc">wm.b2b.editn:validateTransaction</value>
					<record name="PreProcessingFlags" javaclass="com.wm.app.tn.route.PreRoutingFlags">
						<value name="verify?">no</value>
						<value name="validate?">no</value>
						<value name="persist?">yes</value>
						<value name="unique?">no</value>
					</record>
					<value name="standard">UNEDIFACT</value>
					<value name="version">2932</value>
					<value name="transaction">CUSCAR</value>
				</idatacodable>
				<idatacodable name="53o75b0087ff5af00000000p" javaclass="wm.b2b.editn.EDITransactionDocType">
					<value name="TypeID">53o75b0087ff5af00000000p</value>
					<value name="TypeName">UNEDIFACT 2932 CUSDEC</value>
					<null name="TypeDescription"/>
					<idatacodable name="Deleted" javaclass="com.wm.data.MBoolean">
						<value name="MBoolean">false</value>
					</idatacodable>
					<value name="LastModified">2013-10-22 12:25:47.167</value>
					<value name="ValidationSvc">wm.b2b.editn:validateTransaction</value>
					<record name="PreProcessingFlags" javaclass="com.wm.app.tn.route.PreRoutingFlags">
						<value name="verify?">no</value>
						<value name="validate?">no</value>
						<value name="persist?">yes</value>
						<value name="unique?">no</value>
					</record>
					<value name="standard">UNEDIFACT</value>
					<value name="version">2932</value>
					<value name="transaction">CUSDEC</value>
				</idatacodable>
				<idatacodable name="53o75b0087ff5af00000000q" javaclass="wm.b2b.editn.EDITransactionDocType">
					<value name="TypeID">53o75b0087ff5af00000000q</value>
					<value name="TypeName">UNEDIFACT 2932 CUSREP</value>
					<null name="TypeDescription"/>
					<idatacodable name="Deleted" javaclass="com.wm.data.MBoolean">
						<value name="MBoolean">false</value>
					</idatacodable>
					<value name="LastModified">2013-10-22 12:25:47.167</value>
					<value name="ValidationSvc">wm.b2b.editn:validateTransaction</value>
					<record name="PreProcessingFlags" javaclass="com.wm.app.tn.route.PreRoutingFlags">
						<value name="verify?">no</value>
						<value name="validate?">no</value>
						<value name="persist?">yes</value>
						<value name="unique?">no</value>
					</record>
					<value name="standard">UNEDIFACT</value>
					<value name="version">2932</value>
					<value name="transaction">CUSREP</value>
				</idatacodable>
				<idatacodable name="53o75b0087ff5af00000000r" javaclass="wm.b2b.editn.EDITransactionDocType">
					<value name="TypeID">53o75b0087ff5af00000000r</value>
					<value name="TypeName">UNEDIFACT 2932 CUSRES</value>
					<null name="TypeDescription"/>
					<idatacodable name="Deleted" javaclass="com.wm.data.MBoolean">
						<value name="MBoolean">false</value>
					</idatacodable>
					<value name="LastModified">2013-10-22 12:25:47.167</value>
					<value name="ValidationSvc">wm.b2b.editn:validateTransaction</value>
					<record name="PreProcessingFlags" javaclass="com.wm.app.tn.route.PreRoutingFlags">
						<value name="verify?">no</value>
						<value name="validate?">no</value>
						<value name="persist?">yes</value>
						<value name="unique?">no</value>
					</record>
					<value name="standard">UNEDIFACT</value>
					<value name="version">2932</value>
					<value name="transaction">CUSRES</value>
				</idatacodable>
				<idatacodable name="53o75b0087ff5af00000000s" javaclass="wm.b2b.editn.EDITransactionDocType">
					<value name="TypeID">53o75b0087ff5af00000000s</value>
					<value name="TypeName">UNEDIFACT 2932 DEBADV</value>
					<null name="TypeDescription"/>
					<idatacodable name="Deleted" javaclass="com.wm.data.MBoolean">
						<value name="MBoolean">false</value>
					</idatacodable>
					<value name="LastModified">2013-10-22 12:25:47.167</value>
					<value name="ValidationSvc">wm.b2b.editn:validateTransaction</value>
					<record name="PreProcessingFlags" javaclass="com.wm.app.tn.route.PreRoutingFlags">
						<value name="verify?">no</value>
						<value name="validate?">no</value>
						<value name="persist?">yes</value>
						<value name="unique?">no</value>
					</record>
					<value name="standard">UNEDIFACT</value>
					<value name="version">2932</value>
					<value name="transaction">DEBADV</value>
				</idatacodable>
				<idatacodable name="53o75b0087ff5af00000000t" javaclass="wm.b2b.editn.EDITransactionDocType">
					<value name="TypeID">53o75b0087ff5af00000000t</value>
					<value name="TypeName">UNEDIFACT 2932 DELJIT</value>
					<null name="TypeDescription"/>
					<idatacodable name="Deleted" javaclass="com.wm.data.MBoolean">
						<value name="MBoolean">false</value>
					</idatacodable>
					<value name="LastModified">2013-10-22 12:25:47.167</value>
					<value name="ValidationSvc">wm.b2b.editn:validateTransaction</value>
					<record name="PreProcessingFlags" javaclass="com.wm.app.tn.route.PreRoutingFlags">
						<value name="verify?">no</value>
						<value name="validate?">no</value>
						<value name="persist?">yes</value>
						<value name="unique?">no</value>
					</record>
					<value name="standard">UNEDIFACT</value>
					<value name="version">2932</value>
					<value name="transaction">DELJIT</value>
				</idatacodable>
				<idatacodable name="53o75b0087ff5af00000000u" javaclass="wm.b2b.editn.EDITransactionDocType">
					<value name="TypeID">53o75b0087ff5af00000000u</value>
					<value name="TypeName">UNEDIFACT 2932 IFCSUM</value>
					<null name="TypeDescription"/>
					<idatacodable name="Deleted" javaclass="com.wm.data.MBoolean">
						<value name="MBoolean">false</value>
					</idatacodable>
					<value name="LastModified">2013-10-22 12:25:47.167</value>
					<value name="ValidationSvc">wm.b2b.editn:validateTransaction</value>
					<record name="PreProcessingFlags" javaclass="com.wm.app.tn.route.PreRoutingFlags">
						<value name="verify?">no</value>
						<value name="validate?">no</value>
						<value name="persist?">yes</value>
						<value name="unique?">no</value>
					</record>
					<value name="standard">UNEDIFACT</value>
					<value name="version">2932</value>
					<value name="transaction">IFCSUM</value>
				</idatacodable>
				<idatacodable name="53o75b0087ff5af00000000v" javaclass="wm.b2b.editn.EDITransactionDocType">
					<value name="TypeID">53o75b0087ff5af00000000v</value>
					<value name="TypeName">UNEDIFACT 2932 IFTMAN</value>
					<null name="TypeDescription"/>
					<idatacodable name="Deleted" javaclass="com.wm.data.MBoolean">
						<value name="MBoolean">false</value>
					</idatacodable>
					<value name="LastModified">2013-10-22 12:25:47.167</value>
					<value name="ValidationSvc">wm.b2b.editn:validateTransaction</value>
					<record name="PreProcessingFlags" javaclass="com.wm.app.tn.route.PreRoutingFlags">
						<value name="verify?">no</value>
						<value name="validate?">no</value>
						<value name="persist?">yes</value>
						<value name="unique?">no</value>
					</record>
					<value name="standard">UNEDIFACT</value>
					<value name="version">2932</value>
					<value name="transaction">IFTMAN</value>
				</idatacodable>
				<idatacodable name="53o75b0087ff5af000000010" javaclass="wm.b2b.editn.EDITransactionDocType">
					<value name="TypeID">53o75b0087ff5af000000010</value>
					<value name="TypeName">UNEDIFACT 2932 IFTMBC</value>
					<null name="TypeDescription"/>
					<idatacodable name="Deleted" javaclass="com.wm.data.MBoolean">
						<value name="MBoolean">false</value>
					</idatacodable>
					<value name="LastModified">2013-10-22 12:25:47.167</value>
					<value name="ValidationSvc">wm.b2b.editn:validateTransaction</value>
					<record name="PreProcessingFlags" javaclass="com.wm.app.tn.route.PreRoutingFlags">
						<value name="verify?">no</value>
						<value name="validate?">no</value>
						<value name="persist?">yes</value>
						<value name="unique?">no</value>
					</record>
					<value name="standard">UNEDIFACT</value>
					<value name="version">2932</value>
					<value name="transaction">IFTMBC</value>
				</idatacodable>
				<idatacodable name="53o75b0087ff5af000000011" javaclass="wm.b2b.editn.EDITransactionDocType">
					<value name="TypeID">53o75b0087ff5af000000011</value>
					<value name="TypeName">UNEDIFACT 2932 IFTMBF</value>
					<null name="TypeDescription"/>
					<idatacodable name="Deleted" javaclass="com.wm.data.MBoolean">
						<value name="MBoolean">false</value>
					</idatacodable>
					<value name="LastModified">2013-10-22 12:25:47.167</value>
					<value name="ValidationSvc">wm.b2b.editn:validateTransaction</value>
					<record name="PreProcessingFlags" javaclass="com.wm.app.tn.route.PreRoutingFlags">
						<value name="verify?">no</value>
						<value name="validate?">no</value>
						<value name="persist?">yes</value>
						<value name="unique?">no</value>
					</record>
					<value name="standard">UNEDIFACT</value>
					<value name="version">2932</value>
					<value name="transaction">IFTMBF</value>
				</idatacodable>
				<idatacodable name="53o75b0087ff5af000000012" javaclass="wm.b2b.editn.EDITransactionDocType">
					<value name="TypeID">53o75b0087ff5af000000012</value>
					<value name="TypeName">UNEDIFACT 2932 IFTMBP</value>
					<null name="TypeDescription"/>
					<idatacodable name="Deleted" javaclass="com.wm.data.MBoolean">
						<value name="MBoolean">false</value>
					</idatacodable>
					<value name="LastModified">2013-10-22 12:25:47.167</value>
					<value name="ValidationSvc">wm.b2b.editn:validateTransaction</value>
					<record name="PreProcessingFlags" javaclass="com.wm.app.tn.route.PreRoutingFlags">
						<value name="verify?">no</value>
						<value name="validate?">no</value>
						<value name="persist?">yes</value>
						<value name="unique?">no</value>
					</record>
					<value name="standard">UNEDIFACT</value>
					<value name="version">2932</value>
					<value name="transaction">IFTMBP</value>
				</idatacodable>
				<idatacodable name="53o75b0087ff5af000000013" javaclass="wm.b2b.editn.EDITransactionDocType">
					<value name="TypeID">53o75b0087ff5af000000013</value>
					<value name="TypeName">UNEDIFACT 2932 IFTMCS</value>
					<null name="TypeDescription"/>
					<idatacodable name="Deleted" javaclass="com.wm.data.MBoolean">
						<value name="MBoolean">false</value>
					</idatacodable>
					<value name="LastModified">2013-10-22 12:25:47.167</value>
					<value name="ValidationSvc">wm.b2b.editn:validateTransaction</value>
					<record name="PreProcessingFlags" javaclass="com.wm.app.tn.route.PreRoutingFlags">
						<value name="verify?">no</value>
						<value name="validate?">no</value>
						<value name="persist?">yes</value>
						<value name="unique?">no</value>
					</record>
					<value name="standard">UNEDIFACT</value>
					<value name="version">2932</value>
					<value name="transaction">IFTMCS</value>
				</idatacodable>
				<idatacodable name="53o75b0087ff5af000000014" javaclass="wm.b2b.editn.EDITransactionDocType">
					<value name="TypeID">53o75b0087ff5af000000014</value>
					<value name="TypeName">UNEDIFACT 2932 IFTMIN</value>
					<null name="TypeDescription"/>
					<idatacodable name="Deleted" javaclass="com.wm.data.MBoolean">
						<value name="MBoolean">false</value>
					</idatacodable>
					<value name="LastModified">2013-10-22 12:25:47.167</value>
					<value name="ValidationSvc">wm.b2b.editn:validateTransaction</value>
					<record name="PreProcessingFlags" javaclass="com.wm.app.tn.route.PreRoutingFlags">
						<value name="verify?">no</value>
						<value name="validate?">no</value>
						<value name="persist?">yes</value>
						<value name="unique?">no</value>
					</record>
					<value name="standard">UNEDIFACT</value>
					<value name="version">2932</value>
					<value name="transaction">IFTMIN</value>
				</idatacodable>
				<idatacodable name="53o75b0087ff5af000000015" javaclass="wm.b2b.editn.EDITransactionDocType">
					<value name="TypeID">53o75b0087ff5af000000015</value>
					<value name="TypeName">UNEDIFACT 2932 INVOIC</value>
					<null name="TypeDescription"/>
					<idatacodable name="Deleted" javaclass="com.wm.data.MBoolean">
						<value name="MBoolean">false</value>
					</idatacodable>
					<value name="LastModified">2013-10-22 12:25:47.167</value>
					<value name="ValidationSvc">wm.b2b.editn:validateTransaction</value>
					<record name="PreProcessingFlags" javaclass="com.wm.app.tn.route.PreRoutingFlags">
						<value name="verify?">no</value>
						<value name="validate?">no</value>
						<value name="persist?">yes</value>
						<value name="unique?">no</value>
					</record>
					<value name="standard">UNEDIFACT</value>
					<value name="version">2932</value>
					<value name="transaction">INVOIC</value>
				</idatacodable>
				<idatacodable name="53o75b0087ff5af100000016" javaclass="wm.b2b.editn.EDITransactionDocType">
					<value name="TypeID">53o75b0087ff5af100000016</value>
					<value name="TypeName">UNEDIFACT 2932 ORDERS</value>
					<null name="TypeDescription"/>
					<idatacodable name="Deleted" javaclass="com.wm.data.MBoolean">
						<value name="MBoolean">false</value>
					</idatacodable>
					<value name="LastModified">2013-10-22 12:25:47.167</value>
					<value name="ValidationSvc">wm.b2b.editn:validateTransaction</value>
					<record name="PreProcessingFlags" javaclass="com.wm.app.tn.route.PreRoutingFlags">
						<value name="verify?">no</value>
						<value name="validate?">no</value>
						<value name="persist?">yes</value>
						<value name="unique?">no</value>
					</record>
					<value name="standard">UNEDIFACT</value>
					<value name="version">2932</value>
					<value name="transaction">ORDERS</value>
				</idatacodable>
				<idatacodable name="53o75b0087ff5af100000017" javaclass="wm.b2b.editn.EDITransactionDocType">
					<value name="TypeID">53o75b0087ff5af100000017</value>
					<value name="TypeName">UNEDIFACT 2932 PARTIN</value>
					<null name="TypeDescription"/>
					<idatacodable name="Deleted" javaclass="com.wm.data.MBoolean">
						<value name="MBoolean">false</value>
					</idatacodable>
					<value name="LastModified">2013-10-22 12:25:47.167</value>
					<value name="ValidationSvc">wm.b2b.editn:validateTransaction</value>
					<record name="PreProcessingFlags" javaclass="com.wm.app.tn.route.PreRoutingFlags">
						<value name="verify?">no</value>
						<value name="validate?">no</value>
						<value name="persist?">yes</value>
						<value name="unique?">no</value>
					</record>
					<value name="standard">UNEDIFACT</value>
					<value name="version">2932</value>
					<value name="transaction">PARTIN</value>
				</idatacodable>
				<idatacodable name="53o75b0087ff5af100000018" javaclass="wm.b2b.editn.EDITransactionDocType">
					<value name="TypeID">53o75b0087ff5af100000018</value>
					<value name="TypeName">UNEDIFACT 2932 PAYEXT</value>
					<null name="TypeDescription"/>
					<idatacodable name="Deleted" javaclass="com.wm.data.MBoolean">
						<value name="MBoolean">false</value>
					</idatacodable>
					<value name="LastModified">2013-10-22 12:25:47.167</value>
					<value name="ValidationSvc">wm.b2b.editn:validateTransaction</value>
					<record name="PreProcessingFlags" javaclass="com.wm.app.tn.route.PreRoutingFlags">
						<value name="verify?">no</value>
						<value name="validate?">no</value>
						<value name="persist?">yes</value>
						<value name="unique?">no</value>
					</record>
					<value name="standard">UNEDIFACT</value>
					<value name="version">2932</value>
					<value name="transaction">PAYEXT</value>
				</idatacodable>
				<idatacodable name="53o75b0087ff5af100000019" javaclass="wm.b2b.editn.EDITransactionDocType">
					<value name="TypeID">53o75b0087ff5af100000019</value>
					<value name="TypeName">UNEDIFACT 2932 PAYORD</value>
					<null name="TypeDescription"/>
					<idatacodable name="Deleted" javaclass="com.wm.data.MBoolean">
						<value name="MBoolean">false</value>
					</idatacodable>
					<value name="LastModified">2013-10-22 12:25:47.167</value>
					<value name="ValidationSvc">wm.b2b.editn:validateTransaction</value>
					<record name="PreProcessingFlags" javaclass="com.wm.app.tn.route.PreRoutingFlags">
						<value name="verify?">no</value>
						<value name="validate?">no</value>
						<value name="persist?">yes</value>
						<value name="unique?">no</value>
					</record>
					<value name="standard">UNEDIFACT</value>
					<value name="version">2932</value>
					<value name="transaction">PAYORD</value>
				</idatacodable>
				<idatacodable name="53o75b0087ff5af10000001a" javaclass="wm.b2b.editn.EDITransactionDocType">
					<value name="TypeID">53o75b0087ff5af10000001a</value>
					<value name="TypeName">UNEDIFACT 2932 QALITY</value>
					<null name="TypeDescription"/>
					<idatacodable name="Deleted" javaclass="com.wm.data.MBoolean">
						<value name="MBoolean">false</value>
					</idatacodable>
					<value name="LastModified">2013-10-22 12:25:47.167</value>
					<value name="ValidationSvc">wm.b2b.editn:validateTransaction</value>
					<record name="PreProcessingFlags" javaclass="com.wm.app.tn.route.PreRoutingFlags">
						<value name="verify?">no</value>
						<value name="validate?">no</value>
						<value name="persist?">yes</value>
						<value name="unique?">no</value>
					</record>
					<value name="standard">UNEDIFACT</value>
					<value name="version">2932</value>
					<value name="transaction">QALITY</value>
				</idatacodable>
				<idatacodable name="53o75b0087ff5af10000001b" javaclass="wm.b2b.editn.EDITransactionDocType">
					<value name="TypeID">53o75b0087ff5af10000001b</value>
					<value name="TypeName">UNEDIFACT 2932 QUOTES</value>
					<null name="TypeDescription"/>
					<idatacodable name="Deleted" javaclass="com.wm.data.MBoolean">
						<value name="MBoolean">false</value>
					</idatacodable>
					<value name="LastModified">2013-10-22 12:25:47.167</value>
					<value name="ValidationSvc">wm.b2b.editn:validateTransaction</value>
					<record name="PreProcessingFlags" javaclass="com.wm.app.tn.route.PreRoutingFlags">
						<value name="verify?">no</value>
						<value name="validate?">no</value>
						<value name="persist?">yes</value>
						<value name="unique?">no</value>
					</record>
					<value name="standard">UNEDIFACT</value>
					<value name="version">2932</value>
					<value name="transaction">QUOTES</value>
				</idatacodable>
				<idatacodable name="53o75b0087ff5af10000001c" javaclass="wm.b2b.editn.EDITransactionDocType">
					<value name="TypeID">53o75b0087ff5af10000001c</value>
					<value name="TypeName">UNEDIFACT 2932 REMADV</value>
					<null name="TypeDescription"/>
					<idatacodable name="Deleted" javaclass="com.wm.data.MBoolean">
						<value name="MBoolean">false</value>
					</idatacodable>
					<value name="LastModified">2013-10-22 12:25:47.167</value>
					<value name="ValidationSvc">wm.b2b.editn:validateTransaction</value>
					<record name="PreProcessingFlags" javaclass="com.wm.app.tn.route.PreRoutingFlags">
						<value name="verify?">no</value>
						<value name="validate?">no</value>
						<value name="persist?">yes</value>
						<value name="unique?">no</value>
					</record>
					<value name="standard">UNEDIFACT</value>
					<value name="version">2932</value>
					<value name="transaction">REMADV</value>
				</idatacodable>
				<idatacodable name="53o75b0087ff5af10000001d" javaclass="wm.b2b.editn.EDITransactionDocType">
					<value name="TypeID">53o75b0087ff5af10000001d</value>
					<value name="TypeName">UNEDIFACT 2932 REQOTE</value>
					<null name="TypeDescription"/>
					<idatacodable name="Deleted" javaclass="com.wm.data.MBoolean">
						<value name="MBoolean">false</value>
					</idatacodable>
					<value name="LastModified">2013-10-22 12:25:47.167</value>
					<value name="ValidationSvc">wm.b2b.editn:validateTransaction</value>
					<record name="PreProcessingFlags" javaclass="com.wm.app.tn.route.PreRoutingFlags">
						<value name="verify?">no</value>
						<value name="validate?">no</value>
						<value name="persist?">yes</value>
						<value name="unique?">no</value>
					</record>
					<value name="standard">UNEDIFACT</value>
					<value name="version">2932</value>
					<value name="transaction">REQOTE</value>
				</idatacodable>
				<idatacodable name="53o75b0087ff5af10000001e" javaclass="wm.b2b.editn.EDITransactionDocType">
					<value name="TypeID">53o75b0087ff5af10000001e</value>
					<value name="TypeName">UNEDIFACT 2932 STATAC</value>
					<null name="TypeDescription"/>
					<idatacodable name="Deleted" javaclass="com.wm.data.MBoolean">
						<value name="MBoolean">false</value>
					</idatacodable>
					<value name="LastModified">2013-10-22 12:25:47.167</value>
					<value name="ValidationSvc">wm.b2b.editn:validateTransaction</value>
					<record name="PreProcessingFlags" javaclass="com.wm.app.tn.route.PreRoutingFlags">
						<value name="verify?">no</value>
						<value name="validate?">no</value>
						<value name="persist?">yes</value>
						<value name="unique?">no</value>
					</record>
					<value name="standard">UNEDIFACT</value>
					<value name="version">2932</value>
					<value name="transaction">STATAC</value>
				</idatacodable>		</record>
	</record>
</IDataXMLCoder>
