<?xml version="1.0" encoding="UTF-8"?>

	<IDataXMLCoder version="1.0">
		<record javaclass="com.wm.data.BasicData">
			<record name="version" javaclass="com.wm.data.BasicData">
				<value name="major">1</value>
				<value name="minor">0</value>
			</record>
		<record name="types" javaclass="com.wm.data.BasicData">

				<idatacodable name="50658k0006o60o1t0000000h" javaclass="wm.b2b.editn.EDITransactionDocType">
					<value name="TypeID">50658k0006o60o1t0000000h</value>
					<value name="TypeName">UNEDIFACT 911 BAPLIE</value>
					<null name="TypeDescription"/>
					<idatacodable name="Deleted" javaclass="com.wm.data.MBoolean">
						<value name="MBoolean">false</value>
					</idatacodable>
					<value name="LastModified">2005-01-26 13:55:01.181</value>
					<value name="ValidationSvc">wm.b2b.editn:validateTransaction</value>
					<record name="PreProcessingFlags" javaclass="com.wm.app.tn.route.PreRoutingFlags">
						<value name="verify?">no</value>
						<value name="validate?">no</value>
						<value name="persist?">yes</value>
						<value name="unique?">no</value>
					</record>
					<value name="standard">UNEDIFACT</value>
					<value name="version">911</value>
					<value name="transaction">BAPLIE</value>
				</idatacodable>
				<idatacodable name="50658k0006o60o1t0000000i" javaclass="wm.b2b.editn.EDITransactionDocType">
					<value name="TypeID">50658k0006o60o1t0000000i</value>
					<value name="TypeName">UNEDIFACT 911 BAPLTE</value>
					<null name="TypeDescription"/>
					<idatacodable name="Deleted" javaclass="com.wm.data.MBoolean">
						<value name="MBoolean">false</value>
					</idatacodable>
					<value name="LastModified">2005-01-26 13:55:01.181</value>
					<value name="ValidationSvc">wm.b2b.editn:validateTransaction</value>
					<record name="PreProcessingFlags" javaclass="com.wm.app.tn.route.PreRoutingFlags">
						<value name="verify?">no</value>
						<value name="validate?">no</value>
						<value name="persist?">yes</value>
						<value name="unique?">no</value>
					</record>
					<value name="standard">UNEDIFACT</value>
					<value name="version">911</value>
					<value name="transaction">BAPLTE</value>
				</idatacodable>
				<idatacodable name="50658k0006o60o1t0000000j" javaclass="wm.b2b.editn.EDITransactionDocType">
					<value name="TypeID">50658k0006o60o1t0000000j</value>
					<value name="TypeName">UNEDIFACT 911 CONTRL</value>
					<null name="TypeDescription"/>
					<idatacodable name="Deleted" javaclass="com.wm.data.MBoolean">
						<value name="MBoolean">false</value>
					</idatacodable>
					<value name="LastModified">2005-01-26 13:55:01.181</value>
					<value name="ValidationSvc">wm.b2b.editn:validateTransaction</value>
					<record name="PreProcessingFlags" javaclass="com.wm.app.tn.route.PreRoutingFlags">
						<value name="verify?">no</value>
						<value name="validate?">no</value>
						<value name="persist?">yes</value>
						<value name="unique?">no</value>
					</record>
					<value name="standard">UNEDIFACT</value>
					<value name="version">911</value>
					<value name="transaction">CONTRL</value>
				</idatacodable>
				<idatacodable name="50658k0006o60o1t0000000k" javaclass="wm.b2b.editn.EDITransactionDocType">
					<value name="TypeID">50658k0006o60o1t0000000k</value>
					<value name="TypeName">UNEDIFACT 911 CREADV</value>
					<null name="TypeDescription"/>
					<idatacodable name="Deleted" javaclass="com.wm.data.MBoolean">
						<value name="MBoolean">false</value>
					</idatacodable>
					<value name="LastModified">2005-01-26 13:55:01.181</value>
					<value name="ValidationSvc">wm.b2b.editn:validateTransaction</value>
					<record name="PreProcessingFlags" javaclass="com.wm.app.tn.route.PreRoutingFlags">
						<value name="verify?">no</value>
						<value name="validate?">no</value>
						<value name="persist?">yes</value>
						<value name="unique?">no</value>
					</record>
					<value name="standard">UNEDIFACT</value>
					<value name="version">911</value>
					<value name="transaction">CREADV</value>
				</idatacodable>
				<idatacodable name="50658k0006o60o1t0000000l" javaclass="wm.b2b.editn.EDITransactionDocType">
					<value name="TypeID">50658k0006o60o1t0000000l</value>
					<value name="TypeName">UNEDIFACT 911 CREEXT</value>
					<null name="TypeDescription"/>
					<idatacodable name="Deleted" javaclass="com.wm.data.MBoolean">
						<value name="MBoolean">false</value>
					</idatacodable>
					<value name="LastModified">2005-01-26 13:55:01.181</value>
					<value name="ValidationSvc">wm.b2b.editn:validateTransaction</value>
					<record name="PreProcessingFlags" javaclass="com.wm.app.tn.route.PreRoutingFlags">
						<value name="verify?">no</value>
						<value name="validate?">no</value>
						<value name="persist?">yes</value>
						<value name="unique?">no</value>
					</record>
					<value name="standard">UNEDIFACT</value>
					<value name="version">911</value>
					<value name="transaction">CREEXT</value>
				</idatacodable>
				<idatacodable name="50658k0006o60o1t0000000m" javaclass="wm.b2b.editn.EDITransactionDocType">
					<value name="TypeID">50658k0006o60o1t0000000m</value>
					<value name="TypeName">UNEDIFACT 911 CUSCAR</value>
					<null name="TypeDescription"/>
					<idatacodable name="Deleted" javaclass="com.wm.data.MBoolean">
						<value name="MBoolean">false</value>
					</idatacodable>
					<value name="LastModified">2005-01-26 13:55:01.181</value>
					<value name="ValidationSvc">wm.b2b.editn:validateTransaction</value>
					<record name="PreProcessingFlags" javaclass="com.wm.app.tn.route.PreRoutingFlags">
						<value name="verify?">no</value>
						<value name="validate?">no</value>
						<value name="persist?">yes</value>
						<value name="unique?">no</value>
					</record>
					<value name="standard">UNEDIFACT</value>
					<value name="version">911</value>
					<value name="transaction">CUSCAR</value>
				</idatacodable>
				<idatacodable name="50658k0006o60o1t0000000n" javaclass="wm.b2b.editn.EDITransactionDocType">
					<value name="TypeID">50658k0006o60o1t0000000n</value>
					<value name="TypeName">UNEDIFACT 911 CUSDEC</value>
					<null name="TypeDescription"/>
					<idatacodable name="Deleted" javaclass="com.wm.data.MBoolean">
						<value name="MBoolean">false</value>
					</idatacodable>
					<value name="LastModified">2005-01-26 13:55:01.181</value>
					<value name="ValidationSvc">wm.b2b.editn:validateTransaction</value>
					<record name="PreProcessingFlags" javaclass="com.wm.app.tn.route.PreRoutingFlags">
						<value name="verify?">no</value>
						<value name="validate?">no</value>
						<value name="persist?">yes</value>
						<value name="unique?">no</value>
					</record>
					<value name="standard">UNEDIFACT</value>
					<value name="version">911</value>
					<value name="transaction">CUSDEC</value>
				</idatacodable>
				<idatacodable name="50658k0006o60o1t0000000o" javaclass="wm.b2b.editn.EDITransactionDocType">
					<value name="TypeID">50658k0006o60o1t0000000o</value>
					<value name="TypeName">UNEDIFACT 911 CUSREP</value>
					<null name="TypeDescription"/>
					<idatacodable name="Deleted" javaclass="com.wm.data.MBoolean">
						<value name="MBoolean">false</value>
					</idatacodable>
					<value name="LastModified">2005-01-26 13:55:01.181</value>
					<value name="ValidationSvc">wm.b2b.editn:validateTransaction</value>
					<record name="PreProcessingFlags" javaclass="com.wm.app.tn.route.PreRoutingFlags">
						<value name="verify?">no</value>
						<value name="validate?">no</value>
						<value name="persist?">yes</value>
						<value name="unique?">no</value>
					</record>
					<value name="standard">UNEDIFACT</value>
					<value name="version">911</value>
					<value name="transaction">CUSREP</value>
				</idatacodable>
				<idatacodable name="50658k0006o60o1t0000000p" javaclass="wm.b2b.editn.EDITransactionDocType">
					<value name="TypeID">50658k0006o60o1t0000000p</value>
					<value name="TypeName">UNEDIFACT 911 CUSRES</value>
					<null name="TypeDescription"/>
					<idatacodable name="Deleted" javaclass="com.wm.data.MBoolean">
						<value name="MBoolean">false</value>
					</idatacodable>
					<value name="LastModified">2005-01-26 13:55:01.181</value>
					<value name="ValidationSvc">wm.b2b.editn:validateTransaction</value>
					<record name="PreProcessingFlags" javaclass="com.wm.app.tn.route.PreRoutingFlags">
						<value name="verify?">no</value>
						<value name="validate?">no</value>
						<value name="persist?">yes</value>
						<value name="unique?">no</value>
					</record>
					<value name="standard">UNEDIFACT</value>
					<value name="version">911</value>
					<value name="transaction">CUSRES</value>
				</idatacodable>
				<idatacodable name="50658k0006o60o1t0000000q" javaclass="wm.b2b.editn.EDITransactionDocType">
					<value name="TypeID">50658k0006o60o1t0000000q</value>
					<value name="TypeName">UNEDIFACT 911 DEBADV</value>
					<null name="TypeDescription"/>
					<idatacodable name="Deleted" javaclass="com.wm.data.MBoolean">
						<value name="MBoolean">false</value>
					</idatacodable>
					<value name="LastModified">2005-01-26 13:55:01.181</value>
					<value name="ValidationSvc">wm.b2b.editn:validateTransaction</value>
					<record name="PreProcessingFlags" javaclass="com.wm.app.tn.route.PreRoutingFlags">
						<value name="verify?">no</value>
						<value name="validate?">no</value>
						<value name="persist?">yes</value>
						<value name="unique?">no</value>
					</record>
					<value name="standard">UNEDIFACT</value>
					<value name="version">911</value>
					<value name="transaction">DEBADV</value>
				</idatacodable>
				<idatacodable name="50658k0006o60o1t0000000r" javaclass="wm.b2b.editn.EDITransactionDocType">
					<value name="TypeID">50658k0006o60o1t0000000r</value>
					<value name="TypeName">UNEDIFACT 911 DELFOR</value>
					<null name="TypeDescription"/>
					<idatacodable name="Deleted" javaclass="com.wm.data.MBoolean">
						<value name="MBoolean">false</value>
					</idatacodable>
					<value name="LastModified">2005-01-26 13:55:01.181</value>
					<value name="ValidationSvc">wm.b2b.editn:validateTransaction</value>
					<record name="PreProcessingFlags" javaclass="com.wm.app.tn.route.PreRoutingFlags">
						<value name="verify?">no</value>
						<value name="validate?">no</value>
						<value name="persist?">yes</value>
						<value name="unique?">no</value>
					</record>
					<value name="standard">UNEDIFACT</value>
					<value name="version">911</value>
					<value name="transaction">DELFOR</value>
				</idatacodable>
				<idatacodable name="50658k0006o60o1t0000000s" javaclass="wm.b2b.editn.EDITransactionDocType">
					<value name="TypeID">50658k0006o60o1t0000000s</value>
					<value name="TypeName">UNEDIFACT 911 DELJIT</value>
					<null name="TypeDescription"/>
					<idatacodable name="Deleted" javaclass="com.wm.data.MBoolean">
						<value name="MBoolean">false</value>
					</idatacodable>
					<value name="LastModified">2005-01-26 13:55:01.181</value>
					<value name="ValidationSvc">wm.b2b.editn:validateTransaction</value>
					<record name="PreProcessingFlags" javaclass="com.wm.app.tn.route.PreRoutingFlags">
						<value name="verify?">no</value>
						<value name="validate?">no</value>
						<value name="persist?">yes</value>
						<value name="unique?">no</value>
					</record>
					<value name="standard">UNEDIFACT</value>
					<value name="version">911</value>
					<value name="transaction">DELJIT</value>
				</idatacodable>
				<idatacodable name="50658k0006o60o1t0000000t" javaclass="wm.b2b.editn.EDITransactionDocType">
					<value name="TypeID">50658k0006o60o1t0000000t</value>
					<value name="TypeName">UNEDIFACT 911 DESADV</value>
					<null name="TypeDescription"/>
					<idatacodable name="Deleted" javaclass="com.wm.data.MBoolean">
						<value name="MBoolean">false</value>
					</idatacodable>
					<value name="LastModified">2005-01-26 13:55:01.181</value>
					<value name="ValidationSvc">wm.b2b.editn:validateTransaction</value>
					<record name="PreProcessingFlags" javaclass="com.wm.app.tn.route.PreRoutingFlags">
						<value name="verify?">no</value>
						<value name="validate?">no</value>
						<value name="persist?">yes</value>
						<value name="unique?">no</value>
					</record>
					<value name="standard">UNEDIFACT</value>
					<value name="version">911</value>
					<value name="transaction">DESADV</value>
				</idatacodable>
				<idatacodable name="50658k0006o60o1t0000000u" javaclass="wm.b2b.editn.EDITransactionDocType">
					<value name="TypeID">50658k0006o60o1t0000000u</value>
					<value name="TypeName">UNEDIFACT 911 DOCAPP</value>
					<null name="TypeDescription"/>
					<idatacodable name="Deleted" javaclass="com.wm.data.MBoolean">
						<value name="MBoolean">false</value>
					</idatacodable>
					<value name="LastModified">2005-01-26 13:55:01.181</value>
					<value name="ValidationSvc">wm.b2b.editn:validateTransaction</value>
					<record name="PreProcessingFlags" javaclass="com.wm.app.tn.route.PreRoutingFlags">
						<value name="verify?">no</value>
						<value name="validate?">no</value>
						<value name="persist?">yes</value>
						<value name="unique?">no</value>
					</record>
					<value name="standard">UNEDIFACT</value>
					<value name="version">911</value>
					<value name="transaction">DOCAPP</value>
				</idatacodable>
				<idatacodable name="50658k0006o60o1t0000000v" javaclass="wm.b2b.editn.EDITransactionDocType">
					<value name="TypeID">50658k0006o60o1t0000000v</value>
					<value name="TypeName">UNEDIFACT 911 IFCSUM</value>
					<null name="TypeDescription"/>
					<idatacodable name="Deleted" javaclass="com.wm.data.MBoolean">
						<value name="MBoolean">false</value>
					</idatacodable>
					<value name="LastModified">2005-01-26 13:55:01.181</value>
					<value name="ValidationSvc">wm.b2b.editn:validateTransaction</value>
					<record name="PreProcessingFlags" javaclass="com.wm.app.tn.route.PreRoutingFlags">
						<value name="verify?">no</value>
						<value name="validate?">no</value>
						<value name="persist?">yes</value>
						<value name="unique?">no</value>
					</record>
					<value name="standard">UNEDIFACT</value>
					<value name="version">911</value>
					<value name="transaction">IFCSUM</value>
				</idatacodable>
				<idatacodable name="50658k0006o60o1t00000010" javaclass="wm.b2b.editn.EDITransactionDocType">
					<value name="TypeID">50658k0006o60o1t00000010</value>
					<value name="TypeName">UNEDIFACT 911 IFTMAN</value>
					<null name="TypeDescription"/>
					<idatacodable name="Deleted" javaclass="com.wm.data.MBoolean">
						<value name="MBoolean">false</value>
					</idatacodable>
					<value name="LastModified">2005-01-26 13:55:01.181</value>
					<value name="ValidationSvc">wm.b2b.editn:validateTransaction</value>
					<record name="PreProcessingFlags" javaclass="com.wm.app.tn.route.PreRoutingFlags">
						<value name="verify?">no</value>
						<value name="validate?">no</value>
						<value name="persist?">yes</value>
						<value name="unique?">no</value>
					</record>
					<value name="standard">UNEDIFACT</value>
					<value name="version">911</value>
					<value name="transaction">IFTMAN</value>
				</idatacodable>
				<idatacodable name="50658k0006o60o1t00000011" javaclass="wm.b2b.editn.EDITransactionDocType">
					<value name="TypeID">50658k0006o60o1t00000011</value>
					<value name="TypeName">UNEDIFACT 911 IFTMBC</value>
					<null name="TypeDescription"/>
					<idatacodable name="Deleted" javaclass="com.wm.data.MBoolean">
						<value name="MBoolean">false</value>
					</idatacodable>
					<value name="LastModified">2005-01-26 13:55:01.181</value>
					<value name="ValidationSvc">wm.b2b.editn:validateTransaction</value>
					<record name="PreProcessingFlags" javaclass="com.wm.app.tn.route.PreRoutingFlags">
						<value name="verify?">no</value>
						<value name="validate?">no</value>
						<value name="persist?">yes</value>
						<value name="unique?">no</value>
					</record>
					<value name="standard">UNEDIFACT</value>
					<value name="version">911</value>
					<value name="transaction">IFTMBC</value>
				</idatacodable>
				<idatacodable name="50658k0006o60o1t00000012" javaclass="wm.b2b.editn.EDITransactionDocType">
					<value name="TypeID">50658k0006o60o1t00000012</value>
					<value name="TypeName">UNEDIFACT 911 IFTMBF</value>
					<null name="TypeDescription"/>
					<idatacodable name="Deleted" javaclass="com.wm.data.MBoolean">
						<value name="MBoolean">false</value>
					</idatacodable>
					<value name="LastModified">2005-01-26 13:55:01.181</value>
					<value name="ValidationSvc">wm.b2b.editn:validateTransaction</value>
					<record name="PreProcessingFlags" javaclass="com.wm.app.tn.route.PreRoutingFlags">
						<value name="verify?">no</value>
						<value name="validate?">no</value>
						<value name="persist?">yes</value>
						<value name="unique?">no</value>
					</record>
					<value name="standard">UNEDIFACT</value>
					<value name="version">911</value>
					<value name="transaction">IFTMBF</value>
				</idatacodable>
				<idatacodable name="50658k0006o60o1t00000013" javaclass="wm.b2b.editn.EDITransactionDocType">
					<value name="TypeID">50658k0006o60o1t00000013</value>
					<value name="TypeName">UNEDIFACT 911 IFTMBP</value>
					<null name="TypeDescription"/>
					<idatacodable name="Deleted" javaclass="com.wm.data.MBoolean">
						<value name="MBoolean">false</value>
					</idatacodable>
					<value name="LastModified">2005-01-26 13:55:01.181</value>
					<value name="ValidationSvc">wm.b2b.editn:validateTransaction</value>
					<record name="PreProcessingFlags" javaclass="com.wm.app.tn.route.PreRoutingFlags">
						<value name="verify?">no</value>
						<value name="validate?">no</value>
						<value name="persist?">yes</value>
						<value name="unique?">no</value>
					</record>
					<value name="standard">UNEDIFACT</value>
					<value name="version">911</value>
					<value name="transaction">IFTMBP</value>
				</idatacodable>
				<idatacodable name="50658k0006o60o1t00000014" javaclass="wm.b2b.editn.EDITransactionDocType">
					<value name="TypeID">50658k0006o60o1t00000014</value>
					<value name="TypeName">UNEDIFACT 911 IFTMCS</value>
					<null name="TypeDescription"/>
					<idatacodable name="Deleted" javaclass="com.wm.data.MBoolean">
						<value name="MBoolean">false</value>
					</idatacodable>
					<value name="LastModified">2005-01-26 13:55:01.181</value>
					<value name="ValidationSvc">wm.b2b.editn:validateTransaction</value>
					<record name="PreProcessingFlags" javaclass="com.wm.app.tn.route.PreRoutingFlags">
						<value name="verify?">no</value>
						<value name="validate?">no</value>
						<value name="persist?">yes</value>
						<value name="unique?">no</value>
					</record>
					<value name="standard">UNEDIFACT</value>
					<value name="version">911</value>
					<value name="transaction">IFTMCS</value>
				</idatacodable>
				<idatacodable name="50658k0006o60o1t00000015" javaclass="wm.b2b.editn.EDITransactionDocType">
					<value name="TypeID">50658k0006o60o1t00000015</value>
					<value name="TypeName">UNEDIFACT 911 IFTMFR</value>
					<null name="TypeDescription"/>
					<idatacodable name="Deleted" javaclass="com.wm.data.MBoolean">
						<value name="MBoolean">false</value>
					</idatacodable>
					<value name="LastModified">2005-01-26 13:55:01.181</value>
					<value name="ValidationSvc">wm.b2b.editn:validateTransaction</value>
					<record name="PreProcessingFlags" javaclass="com.wm.app.tn.route.PreRoutingFlags">
						<value name="verify?">no</value>
						<value name="validate?">no</value>
						<value name="persist?">yes</value>
						<value name="unique?">no</value>
					</record>
					<value name="standard">UNEDIFACT</value>
					<value name="version">911</value>
					<value name="transaction">IFTMFR</value>
				</idatacodable>
				<idatacodable name="50658k0006o60o1t00000016" javaclass="wm.b2b.editn.EDITransactionDocType">
					<value name="TypeID">50658k0006o60o1t00000016</value>
					<value name="TypeName">UNEDIFACT 911 IFTMIN</value>
					<null name="TypeDescription"/>
					<idatacodable name="Deleted" javaclass="com.wm.data.MBoolean">
						<value name="MBoolean">false</value>
					</idatacodable>
					<value name="LastModified">2005-01-26 13:55:01.181</value>
					<value name="ValidationSvc">wm.b2b.editn:validateTransaction</value>
					<record name="PreProcessingFlags" javaclass="com.wm.app.tn.route.PreRoutingFlags">
						<value name="verify?">no</value>
						<value name="validate?">no</value>
						<value name="persist?">yes</value>
						<value name="unique?">no</value>
					</record>
					<value name="standard">UNEDIFACT</value>
					<value name="version">911</value>
					<value name="transaction">IFTMIN</value>
				</idatacodable>
				<idatacodable name="50658k0006o60o1t00000017" javaclass="wm.b2b.editn.EDITransactionDocType">
					<value name="TypeID">50658k0006o60o1t00000017</value>
					<value name="TypeName">UNEDIFACT 911 INVOIC</value>
					<null name="TypeDescription"/>
					<idatacodable name="Deleted" javaclass="com.wm.data.MBoolean">
						<value name="MBoolean">false</value>
					</idatacodable>
					<value name="LastModified">2005-01-26 13:55:01.181</value>
					<value name="ValidationSvc">wm.b2b.editn:validateTransaction</value>
					<record name="PreProcessingFlags" javaclass="com.wm.app.tn.route.PreRoutingFlags">
						<value name="verify?">no</value>
						<value name="validate?">no</value>
						<value name="persist?">yes</value>
						<value name="unique?">no</value>
					</record>
					<value name="standard">UNEDIFACT</value>
					<value name="version">911</value>
					<value name="transaction">INVOIC</value>
				</idatacodable>
				<idatacodable name="50658k0006o60o1t00000018" javaclass="wm.b2b.editn.EDITransactionDocType">
					<value name="TypeID">50658k0006o60o1t00000018</value>
					<value name="TypeName">UNEDIFACT 911 ORDCHG</value>
					<null name="TypeDescription"/>
					<idatacodable name="Deleted" javaclass="com.wm.data.MBoolean">
						<value name="MBoolean">false</value>
					</idatacodable>
					<value name="LastModified">2005-01-26 13:55:01.181</value>
					<value name="ValidationSvc">wm.b2b.editn:validateTransaction</value>
					<record name="PreProcessingFlags" javaclass="com.wm.app.tn.route.PreRoutingFlags">
						<value name="verify?">no</value>
						<value name="validate?">no</value>
						<value name="persist?">yes</value>
						<value name="unique?">no</value>
					</record>
					<value name="standard">UNEDIFACT</value>
					<value name="version">911</value>
					<value name="transaction">ORDCHG</value>
				</idatacodable>
				<idatacodable name="50658k0006o60o1t00000019" javaclass="wm.b2b.editn.EDITransactionDocType">
					<value name="TypeID">50658k0006o60o1t00000019</value>
					<value name="TypeName">UNEDIFACT 911 ORDERS</value>
					<null name="TypeDescription"/>
					<idatacodable name="Deleted" javaclass="com.wm.data.MBoolean">
						<value name="MBoolean">false</value>
					</idatacodable>
					<value name="LastModified">2005-01-26 13:55:01.181</value>
					<value name="ValidationSvc">wm.b2b.editn:validateTransaction</value>
					<record name="PreProcessingFlags" javaclass="com.wm.app.tn.route.PreRoutingFlags">
						<value name="verify?">no</value>
						<value name="validate?">no</value>
						<value name="persist?">yes</value>
						<value name="unique?">no</value>
					</record>
					<value name="standard">UNEDIFACT</value>
					<value name="version">911</value>
					<value name="transaction">ORDERS</value>
				</idatacodable>
				<idatacodable name="50658k0006o60o1t0000001a" javaclass="wm.b2b.editn.EDITransactionDocType">
					<value name="TypeID">50658k0006o60o1t0000001a</value>
					<value name="TypeName">UNEDIFACT 911 ORDRSP</value>
					<null name="TypeDescription"/>
					<idatacodable name="Deleted" javaclass="com.wm.data.MBoolean">
						<value name="MBoolean">false</value>
					</idatacodable>
					<value name="LastModified">2005-01-26 13:55:01.181</value>
					<value name="ValidationSvc">wm.b2b.editn:validateTransaction</value>
					<record name="PreProcessingFlags" javaclass="com.wm.app.tn.route.PreRoutingFlags">
						<value name="verify?">no</value>
						<value name="validate?">no</value>
						<value name="persist?">yes</value>
						<value name="unique?">no</value>
					</record>
					<value name="standard">UNEDIFACT</value>
					<value name="version">911</value>
					<value name="transaction">ORDRSP</value>
				</idatacodable>
				<idatacodable name="50658k0006o60o1t0000001b" javaclass="wm.b2b.editn.EDITransactionDocType">
					<value name="TypeID">50658k0006o60o1t0000001b</value>
					<value name="TypeName">UNEDIFACT 911 PARTIN</value>
					<null name="TypeDescription"/>
					<idatacodable name="Deleted" javaclass="com.wm.data.MBoolean">
						<value name="MBoolean">false</value>
					</idatacodable>
					<value name="LastModified">2005-01-26 13:55:01.181</value>
					<value name="ValidationSvc">wm.b2b.editn:validateTransaction</value>
					<record name="PreProcessingFlags" javaclass="com.wm.app.tn.route.PreRoutingFlags">
						<value name="verify?">no</value>
						<value name="validate?">no</value>
						<value name="persist?">yes</value>
						<value name="unique?">no</value>
					</record>
					<value name="standard">UNEDIFACT</value>
					<value name="version">911</value>
					<value name="transaction">PARTIN</value>
				</idatacodable>
				<idatacodable name="50658k0006o60o1t0000001c" javaclass="wm.b2b.editn.EDITransactionDocType">
					<value name="TypeID">50658k0006o60o1t0000001c</value>
					<value name="TypeName">UNEDIFACT 911 PAYEXT</value>
					<null name="TypeDescription"/>
					<idatacodable name="Deleted" javaclass="com.wm.data.MBoolean">
						<value name="MBoolean">false</value>
					</idatacodable>
					<value name="LastModified">2005-01-26 13:55:01.181</value>
					<value name="ValidationSvc">wm.b2b.editn:validateTransaction</value>
					<record name="PreProcessingFlags" javaclass="com.wm.app.tn.route.PreRoutingFlags">
						<value name="verify?">no</value>
						<value name="validate?">no</value>
						<value name="persist?">yes</value>
						<value name="unique?">no</value>
					</record>
					<value name="standard">UNEDIFACT</value>
					<value name="version">911</value>
					<value name="transaction">PAYEXT</value>
				</idatacodable>
				<idatacodable name="50658k0006o60o1t0000001d" javaclass="wm.b2b.editn.EDITransactionDocType">
					<value name="TypeID">50658k0006o60o1t0000001d</value>
					<value name="TypeName">UNEDIFACT 911 PAYORD</value>
					<null name="TypeDescription"/>
					<idatacodable name="Deleted" javaclass="com.wm.data.MBoolean">
						<value name="MBoolean">false</value>
					</idatacodable>
					<value name="LastModified">2005-01-26 13:55:01.181</value>
					<value name="ValidationSvc">wm.b2b.editn:validateTransaction</value>
					<record name="PreProcessingFlags" javaclass="com.wm.app.tn.route.PreRoutingFlags">
						<value name="verify?">no</value>
						<value name="validate?">no</value>
						<value name="persist?">yes</value>
						<value name="unique?">no</value>
					</record>
					<value name="standard">UNEDIFACT</value>
					<value name="version">911</value>
					<value name="transaction">PAYORD</value>
				</idatacodable>
				<idatacodable name="50658k0006o60o1t0000001e" javaclass="wm.b2b.editn.EDITransactionDocType">
					<value name="TypeID">50658k0006o60o1t0000001e</value>
					<value name="TypeName">UNEDIFACT 911 PRICAT</value>
					<null name="TypeDescription"/>
					<idatacodable name="Deleted" javaclass="com.wm.data.MBoolean">
						<value name="MBoolean">false</value>
					</idatacodable>
					<value name="LastModified">2005-01-26 13:55:01.181</value>
					<value name="ValidationSvc">wm.b2b.editn:validateTransaction</value>
					<record name="PreProcessingFlags" javaclass="com.wm.app.tn.route.PreRoutingFlags">
						<value name="verify?">no</value>
						<value name="validate?">no</value>
						<value name="persist?">yes</value>
						<value name="unique?">no</value>
					</record>
					<value name="standard">UNEDIFACT</value>
					<value name="version">911</value>
					<value name="transaction">PRICAT</value>
				</idatacodable>
				<idatacodable name="50658k0006o60o1t0000001f" javaclass="wm.b2b.editn.EDITransactionDocType">
					<value name="TypeID">50658k0006o60o1t0000001f</value>
					<value name="TypeName">UNEDIFACT 911 QALITY</value>
					<null name="TypeDescription"/>
					<idatacodable name="Deleted" javaclass="com.wm.data.MBoolean">
						<value name="MBoolean">false</value>
					</idatacodable>
					<value name="LastModified">2005-01-26 13:55:01.181</value>
					<value name="ValidationSvc">wm.b2b.editn:validateTransaction</value>
					<record name="PreProcessingFlags" javaclass="com.wm.app.tn.route.PreRoutingFlags">
						<value name="verify?">no</value>
						<value name="validate?">no</value>
						<value name="persist?">yes</value>
						<value name="unique?">no</value>
					</record>
					<value name="standard">UNEDIFACT</value>
					<value name="version">911</value>
					<value name="transaction">QALITY</value>
				</idatacodable>
				<idatacodable name="50658k0006o60o1t0000001g" javaclass="wm.b2b.editn.EDITransactionDocType">
					<value name="TypeID">50658k0006o60o1t0000001g</value>
					<value name="TypeName">UNEDIFACT 911 QUOTES</value>
					<null name="TypeDescription"/>
					<idatacodable name="Deleted" javaclass="com.wm.data.MBoolean">
						<value name="MBoolean">false</value>
					</idatacodable>
					<value name="LastModified">2005-01-26 13:55:01.181</value>
					<value name="ValidationSvc">wm.b2b.editn:validateTransaction</value>
					<record name="PreProcessingFlags" javaclass="com.wm.app.tn.route.PreRoutingFlags">
						<value name="verify?">no</value>
						<value name="validate?">no</value>
						<value name="persist?">yes</value>
						<value name="unique?">no</value>
					</record>
					<value name="standard">UNEDIFACT</value>
					<value name="version">911</value>
					<value name="transaction">QUOTES</value>
				</idatacodable>
				<idatacodable name="50658k0006o60o1t0000001h" javaclass="wm.b2b.editn.EDITransactionDocType">
					<value name="TypeID">50658k0006o60o1t0000001h</value>
					<value name="TypeName">UNEDIFACT 911 REMADV</value>
					<null name="TypeDescription"/>
					<idatacodable name="Deleted" javaclass="com.wm.data.MBoolean">
						<value name="MBoolean">false</value>
					</idatacodable>
					<value name="LastModified">2005-01-26 13:55:01.181</value>
					<value name="ValidationSvc">wm.b2b.editn:validateTransaction</value>
					<record name="PreProcessingFlags" javaclass="com.wm.app.tn.route.PreRoutingFlags">
						<value name="verify?">no</value>
						<value name="validate?">no</value>
						<value name="persist?">yes</value>
						<value name="unique?">no</value>
					</record>
					<value name="standard">UNEDIFACT</value>
					<value name="version">911</value>
					<value name="transaction">REMADV</value>
				</idatacodable>
				<idatacodable name="50658k0006o60o1t0000001i" javaclass="wm.b2b.editn.EDITransactionDocType">
					<value name="TypeID">50658k0006o60o1t0000001i</value>
					<value name="TypeName">UNEDIFACT 911 REQOTE</value>
					<null name="TypeDescription"/>
					<idatacodable name="Deleted" javaclass="com.wm.data.MBoolean">
						<value name="MBoolean">false</value>
					</idatacodable>
					<value name="LastModified">2005-01-26 13:55:01.181</value>
					<value name="ValidationSvc">wm.b2b.editn:validateTransaction</value>
					<record name="PreProcessingFlags" javaclass="com.wm.app.tn.route.PreRoutingFlags">
						<value name="verify?">no</value>
						<value name="validate?">no</value>
						<value name="persist?">yes</value>
						<value name="unique?">no</value>
					</record>
					<value name="standard">UNEDIFACT</value>
					<value name="version">911</value>
					<value name="transaction">REQOTE</value>
				</idatacodable>
				<idatacodable name="50658k0006o60o1t0000001j" javaclass="wm.b2b.editn.EDITransactionDocType">
					<value name="TypeID">50658k0006o60o1t0000001j</value>
					<value name="TypeName">UNEDIFACT 911 STATAC</value>
					<null name="TypeDescription"/>
					<idatacodable name="Deleted" javaclass="com.wm.data.MBoolean">
						<value name="MBoolean">false</value>
					</idatacodable>
					<value name="LastModified">2005-01-26 13:55:01.181</value>
					<value name="ValidationSvc">wm.b2b.editn:validateTransaction</value>
					<record name="PreProcessingFlags" javaclass="com.wm.app.tn.route.PreRoutingFlags">
						<value name="verify?">no</value>
						<value name="validate?">no</value>
						<value name="persist?">yes</value>
						<value name="unique?">no</value>
					</record>
					<value name="standard">UNEDIFACT</value>
					<value name="version">911</value>
					<value name="transaction">STATAC</value>
				</idatacodable>		</record>
	</record>
</IDataXMLCoder>
