<?xml version="1.0" encoding="UTF-8"?>

	<IDataXMLCoder version="1.0">
		<record javaclass="com.wm.data.BasicData">
			<record name="version" javaclass="com.wm.data.BasicData">
				<value name="major">1</value>
				<value name="minor">0</value>
			</record>
		<record name="types" javaclass="com.wm.data.BasicData">

				<idatacodable name="50658k0006o638m500000028" javaclass="wm.b2b.editn.EDITransactionDocType">
					<value name="TypeID">50658k0006o638m500000028</value>
					<value name="TypeName">UNEDIFACT 921 BANSTA</value>
					<null name="TypeDescription"/>
					<idatacodable name="Deleted" javaclass="com.wm.data.MBoolean">
						<value name="MBoolean">false</value>
					</idatacodable>
					<value name="LastModified">2005-01-26 13:56:23.749</value>
					<value name="ValidationSvc">wm.b2b.editn:validateTransaction</value>
					<record name="PreProcessingFlags" javaclass="com.wm.app.tn.route.PreRoutingFlags">
						<value name="verify?">no</value>
						<value name="validate?">no</value>
						<value name="persist?">yes</value>
						<value name="unique?">no</value>
					</record>
					<value name="standard">UNEDIFACT</value>
					<value name="version">921</value>
					<value name="transaction">BANSTA</value>
				</idatacodable>
				<idatacodable name="50658k0006o638m500000029" javaclass="wm.b2b.editn.EDITransactionDocType">
					<value name="TypeID">50658k0006o638m500000029</value>
					<value name="TypeName">UNEDIFACT 921 BAPLIE</value>
					<null name="TypeDescription"/>
					<idatacodable name="Deleted" javaclass="com.wm.data.MBoolean">
						<value name="MBoolean">false</value>
					</idatacodable>
					<value name="LastModified">2005-01-26 13:56:23.749</value>
					<value name="ValidationSvc">wm.b2b.editn:validateTransaction</value>
					<record name="PreProcessingFlags" javaclass="com.wm.app.tn.route.PreRoutingFlags">
						<value name="verify?">no</value>
						<value name="validate?">no</value>
						<value name="persist?">yes</value>
						<value name="unique?">no</value>
					</record>
					<value name="standard">UNEDIFACT</value>
					<value name="version">921</value>
					<value name="transaction">BAPLIE</value>
				</idatacodable>
				<idatacodable name="50658k0006o638m50000002a" javaclass="wm.b2b.editn.EDITransactionDocType">
					<value name="TypeID">50658k0006o638m50000002a</value>
					<value name="TypeName">UNEDIFACT 921 BAPLTE</value>
					<null name="TypeDescription"/>
					<idatacodable name="Deleted" javaclass="com.wm.data.MBoolean">
						<value name="MBoolean">false</value>
					</idatacodable>
					<value name="LastModified">2005-01-26 13:56:23.749</value>
					<value name="ValidationSvc">wm.b2b.editn:validateTransaction</value>
					<record name="PreProcessingFlags" javaclass="com.wm.app.tn.route.PreRoutingFlags">
						<value name="verify?">no</value>
						<value name="validate?">no</value>
						<value name="persist?">yes</value>
						<value name="unique?">no</value>
					</record>
					<value name="standard">UNEDIFACT</value>
					<value name="version">921</value>
					<value name="transaction">BAPLTE</value>
				</idatacodable>
				<idatacodable name="50658k0006o638m50000002b" javaclass="wm.b2b.editn.EDITransactionDocType">
					<value name="TypeID">50658k0006o638m50000002b</value>
					<value name="TypeName">UNEDIFACT 921 CONDPV</value>
					<null name="TypeDescription"/>
					<idatacodable name="Deleted" javaclass="com.wm.data.MBoolean">
						<value name="MBoolean">false</value>
					</idatacodable>
					<value name="LastModified">2005-01-26 13:56:23.749</value>
					<value name="ValidationSvc">wm.b2b.editn:validateTransaction</value>
					<record name="PreProcessingFlags" javaclass="com.wm.app.tn.route.PreRoutingFlags">
						<value name="verify?">no</value>
						<value name="validate?">no</value>
						<value name="persist?">yes</value>
						<value name="unique?">no</value>
					</record>
					<value name="standard">UNEDIFACT</value>
					<value name="version">921</value>
					<value name="transaction">CONDPV</value>
				</idatacodable>
				<idatacodable name="50658k0006o638m50000002c" javaclass="wm.b2b.editn.EDITransactionDocType">
					<value name="TypeID">50658k0006o638m50000002c</value>
					<value name="TypeName">UNEDIFACT 921 CONEST</value>
					<null name="TypeDescription"/>
					<idatacodable name="Deleted" javaclass="com.wm.data.MBoolean">
						<value name="MBoolean">false</value>
					</idatacodable>
					<value name="LastModified">2005-01-26 13:56:23.749</value>
					<value name="ValidationSvc">wm.b2b.editn:validateTransaction</value>
					<record name="PreProcessingFlags" javaclass="com.wm.app.tn.route.PreRoutingFlags">
						<value name="verify?">no</value>
						<value name="validate?">no</value>
						<value name="persist?">yes</value>
						<value name="unique?">no</value>
					</record>
					<value name="standard">UNEDIFACT</value>
					<value name="version">921</value>
					<value name="transaction">CONEST</value>
				</idatacodable>
				<idatacodable name="50658k0006o638m50000002d" javaclass="wm.b2b.editn.EDITransactionDocType">
					<value name="TypeID">50658k0006o638m50000002d</value>
					<value name="TypeName">UNEDIFACT 921 CONITT</value>
					<null name="TypeDescription"/>
					<idatacodable name="Deleted" javaclass="com.wm.data.MBoolean">
						<value name="MBoolean">false</value>
					</idatacodable>
					<value name="LastModified">2005-01-26 13:56:23.749</value>
					<value name="ValidationSvc">wm.b2b.editn:validateTransaction</value>
					<record name="PreProcessingFlags" javaclass="com.wm.app.tn.route.PreRoutingFlags">
						<value name="verify?">no</value>
						<value name="validate?">no</value>
						<value name="persist?">yes</value>
						<value name="unique?">no</value>
					</record>
					<value name="standard">UNEDIFACT</value>
					<value name="version">921</value>
					<value name="transaction">CONITT</value>
				</idatacodable>
				<idatacodable name="50658k0006o638m50000002e" javaclass="wm.b2b.editn.EDITransactionDocType">
					<value name="TypeID">50658k0006o638m50000002e</value>
					<value name="TypeName">UNEDIFACT 921 CONPVA</value>
					<null name="TypeDescription"/>
					<idatacodable name="Deleted" javaclass="com.wm.data.MBoolean">
						<value name="MBoolean">false</value>
					</idatacodable>
					<value name="LastModified">2005-01-26 13:56:23.749</value>
					<value name="ValidationSvc">wm.b2b.editn:validateTransaction</value>
					<record name="PreProcessingFlags" javaclass="com.wm.app.tn.route.PreRoutingFlags">
						<value name="verify?">no</value>
						<value name="validate?">no</value>
						<value name="persist?">yes</value>
						<value name="unique?">no</value>
					</record>
					<value name="standard">UNEDIFACT</value>
					<value name="version">921</value>
					<value name="transaction">CONPVA</value>
				</idatacodable>
				<idatacodable name="50658k0006o638m50000002f" javaclass="wm.b2b.editn.EDITransactionDocType">
					<value name="TypeID">50658k0006o638m50000002f</value>
					<value name="TypeName">UNEDIFACT 921 CONQVA</value>
					<null name="TypeDescription"/>
					<idatacodable name="Deleted" javaclass="com.wm.data.MBoolean">
						<value name="MBoolean">false</value>
					</idatacodable>
					<value name="LastModified">2005-01-26 13:56:23.749</value>
					<value name="ValidationSvc">wm.b2b.editn:validateTransaction</value>
					<record name="PreProcessingFlags" javaclass="com.wm.app.tn.route.PreRoutingFlags">
						<value name="verify?">no</value>
						<value name="validate?">no</value>
						<value name="persist?">yes</value>
						<value name="unique?">no</value>
					</record>
					<value name="standard">UNEDIFACT</value>
					<value name="version">921</value>
					<value name="transaction">CONQVA</value>
				</idatacodable>
				<idatacodable name="50658k0006o638m50000002g" javaclass="wm.b2b.editn.EDITransactionDocType">
					<value name="TypeID">50658k0006o638m50000002g</value>
					<value name="TypeName">UNEDIFACT 921 CONTEN</value>
					<null name="TypeDescription"/>
					<idatacodable name="Deleted" javaclass="com.wm.data.MBoolean">
						<value name="MBoolean">false</value>
					</idatacodable>
					<value name="LastModified">2005-01-26 13:56:23.749</value>
					<value name="ValidationSvc">wm.b2b.editn:validateTransaction</value>
					<record name="PreProcessingFlags" javaclass="com.wm.app.tn.route.PreRoutingFlags">
						<value name="verify?">no</value>
						<value name="validate?">no</value>
						<value name="persist?">yes</value>
						<value name="unique?">no</value>
					</record>
					<value name="standard">UNEDIFACT</value>
					<value name="version">921</value>
					<value name="transaction">CONTEN</value>
				</idatacodable>
				<idatacodable name="50658k0006o638m50000002h" javaclass="wm.b2b.editn.EDITransactionDocType">
					<value name="TypeID">50658k0006o638m50000002h</value>
					<value name="TypeName">UNEDIFACT 921 CONTRL</value>
					<null name="TypeDescription"/>
					<idatacodable name="Deleted" javaclass="com.wm.data.MBoolean">
						<value name="MBoolean">false</value>
					</idatacodable>
					<value name="LastModified">2005-01-26 13:56:23.749</value>
					<value name="ValidationSvc">wm.b2b.editn:validateTransaction</value>
					<record name="PreProcessingFlags" javaclass="com.wm.app.tn.route.PreRoutingFlags">
						<value name="verify?">no</value>
						<value name="validate?">no</value>
						<value name="persist?">yes</value>
						<value name="unique?">no</value>
					</record>
					<value name="standard">UNEDIFACT</value>
					<value name="version">921</value>
					<value name="transaction">CONTRL</value>
				</idatacodable>
				<idatacodable name="50658k0006o638m50000002i" javaclass="wm.b2b.editn.EDITransactionDocType">
					<value name="TypeID">50658k0006o638m50000002i</value>
					<value name="TypeName">UNEDIFACT 921 CREADV</value>
					<null name="TypeDescription"/>
					<idatacodable name="Deleted" javaclass="com.wm.data.MBoolean">
						<value name="MBoolean">false</value>
					</idatacodable>
					<value name="LastModified">2005-01-26 13:56:23.749</value>
					<value name="ValidationSvc">wm.b2b.editn:validateTransaction</value>
					<record name="PreProcessingFlags" javaclass="com.wm.app.tn.route.PreRoutingFlags">
						<value name="verify?">no</value>
						<value name="validate?">no</value>
						<value name="persist?">yes</value>
						<value name="unique?">no</value>
					</record>
					<value name="standard">UNEDIFACT</value>
					<value name="version">921</value>
					<value name="transaction">CREADV</value>
				</idatacodable>
				<idatacodable name="50658k0006o638m50000002j" javaclass="wm.b2b.editn.EDITransactionDocType">
					<value name="TypeID">50658k0006o638m50000002j</value>
					<value name="TypeName">UNEDIFACT 921 CREEXT</value>
					<null name="TypeDescription"/>
					<idatacodable name="Deleted" javaclass="com.wm.data.MBoolean">
						<value name="MBoolean">false</value>
					</idatacodable>
					<value name="LastModified">2005-01-26 13:56:23.749</value>
					<value name="ValidationSvc">wm.b2b.editn:validateTransaction</value>
					<record name="PreProcessingFlags" javaclass="com.wm.app.tn.route.PreRoutingFlags">
						<value name="verify?">no</value>
						<value name="validate?">no</value>
						<value name="persist?">yes</value>
						<value name="unique?">no</value>
					</record>
					<value name="standard">UNEDIFACT</value>
					<value name="version">921</value>
					<value name="transaction">CREEXT</value>
				</idatacodable>
				<idatacodable name="50658k0006o638m50000002k" javaclass="wm.b2b.editn.EDITransactionDocType">
					<value name="TypeID">50658k0006o638m50000002k</value>
					<value name="TypeName">UNEDIFACT 921 CUSCAR</value>
					<null name="TypeDescription"/>
					<idatacodable name="Deleted" javaclass="com.wm.data.MBoolean">
						<value name="MBoolean">false</value>
					</idatacodable>
					<value name="LastModified">2005-01-26 13:56:23.749</value>
					<value name="ValidationSvc">wm.b2b.editn:validateTransaction</value>
					<record name="PreProcessingFlags" javaclass="com.wm.app.tn.route.PreRoutingFlags">
						<value name="verify?">no</value>
						<value name="validate?">no</value>
						<value name="persist?">yes</value>
						<value name="unique?">no</value>
					</record>
					<value name="standard">UNEDIFACT</value>
					<value name="version">921</value>
					<value name="transaction">CUSCAR</value>
				</idatacodable>
				<idatacodable name="50658k0006o638m50000002l" javaclass="wm.b2b.editn.EDITransactionDocType">
					<value name="TypeID">50658k0006o638m50000002l</value>
					<value name="TypeName">UNEDIFACT 921 CUSDEC</value>
					<null name="TypeDescription"/>
					<idatacodable name="Deleted" javaclass="com.wm.data.MBoolean">
						<value name="MBoolean">false</value>
					</idatacodable>
					<value name="LastModified">2005-01-26 13:56:23.749</value>
					<value name="ValidationSvc">wm.b2b.editn:validateTransaction</value>
					<record name="PreProcessingFlags" javaclass="com.wm.app.tn.route.PreRoutingFlags">
						<value name="verify?">no</value>
						<value name="validate?">no</value>
						<value name="persist?">yes</value>
						<value name="unique?">no</value>
					</record>
					<value name="standard">UNEDIFACT</value>
					<value name="version">921</value>
					<value name="transaction">CUSDEC</value>
				</idatacodable>
				<idatacodable name="50658k0006o638m50000002m" javaclass="wm.b2b.editn.EDITransactionDocType">
					<value name="TypeID">50658k0006o638m50000002m</value>
					<value name="TypeName">UNEDIFACT 921 CUSREP</value>
					<null name="TypeDescription"/>
					<idatacodable name="Deleted" javaclass="com.wm.data.MBoolean">
						<value name="MBoolean">false</value>
					</idatacodable>
					<value name="LastModified">2005-01-26 13:56:23.749</value>
					<value name="ValidationSvc">wm.b2b.editn:validateTransaction</value>
					<record name="PreProcessingFlags" javaclass="com.wm.app.tn.route.PreRoutingFlags">
						<value name="verify?">no</value>
						<value name="validate?">no</value>
						<value name="persist?">yes</value>
						<value name="unique?">no</value>
					</record>
					<value name="standard">UNEDIFACT</value>
					<value name="version">921</value>
					<value name="transaction">CUSREP</value>
				</idatacodable>
				<idatacodable name="50658k0006o638m50000002n" javaclass="wm.b2b.editn.EDITransactionDocType">
					<value name="TypeID">50658k0006o638m50000002n</value>
					<value name="TypeName">UNEDIFACT 921 CUSRES</value>
					<null name="TypeDescription"/>
					<idatacodable name="Deleted" javaclass="com.wm.data.MBoolean">
						<value name="MBoolean">false</value>
					</idatacodable>
					<value name="LastModified">2005-01-26 13:56:23.749</value>
					<value name="ValidationSvc">wm.b2b.editn:validateTransaction</value>
					<record name="PreProcessingFlags" javaclass="com.wm.app.tn.route.PreRoutingFlags">
						<value name="verify?">no</value>
						<value name="validate?">no</value>
						<value name="persist?">yes</value>
						<value name="unique?">no</value>
					</record>
					<value name="standard">UNEDIFACT</value>
					<value name="version">921</value>
					<value name="transaction">CUSRES</value>
				</idatacodable>
				<idatacodable name="50658k0006o638m50000002o" javaclass="wm.b2b.editn.EDITransactionDocType">
					<value name="TypeID">50658k0006o638m50000002o</value>
					<value name="TypeName">UNEDIFACT 921 DEBADV</value>
					<null name="TypeDescription"/>
					<idatacodable name="Deleted" javaclass="com.wm.data.MBoolean">
						<value name="MBoolean">false</value>
					</idatacodable>
					<value name="LastModified">2005-01-26 13:56:23.749</value>
					<value name="ValidationSvc">wm.b2b.editn:validateTransaction</value>
					<record name="PreProcessingFlags" javaclass="com.wm.app.tn.route.PreRoutingFlags">
						<value name="verify?">no</value>
						<value name="validate?">no</value>
						<value name="persist?">yes</value>
						<value name="unique?">no</value>
					</record>
					<value name="standard">UNEDIFACT</value>
					<value name="version">921</value>
					<value name="transaction">DEBADV</value>
				</idatacodable>
				<idatacodable name="50658k0006o638m50000002p" javaclass="wm.b2b.editn.EDITransactionDocType">
					<value name="TypeID">50658k0006o638m50000002p</value>
					<value name="TypeName">UNEDIFACT 921 DELFOR</value>
					<null name="TypeDescription"/>
					<idatacodable name="Deleted" javaclass="com.wm.data.MBoolean">
						<value name="MBoolean">false</value>
					</idatacodable>
					<value name="LastModified">2005-01-26 13:56:23.749</value>
					<value name="ValidationSvc">wm.b2b.editn:validateTransaction</value>
					<record name="PreProcessingFlags" javaclass="com.wm.app.tn.route.PreRoutingFlags">
						<value name="verify?">no</value>
						<value name="validate?">no</value>
						<value name="persist?">yes</value>
						<value name="unique?">no</value>
					</record>
					<value name="standard">UNEDIFACT</value>
					<value name="version">921</value>
					<value name="transaction">DELFOR</value>
				</idatacodable>
				<idatacodable name="50658k0006o638m50000002q" javaclass="wm.b2b.editn.EDITransactionDocType">
					<value name="TypeID">50658k0006o638m50000002q</value>
					<value name="TypeName">UNEDIFACT 921 DELJIT</value>
					<null name="TypeDescription"/>
					<idatacodable name="Deleted" javaclass="com.wm.data.MBoolean">
						<value name="MBoolean">false</value>
					</idatacodable>
					<value name="LastModified">2005-01-26 13:56:23.749</value>
					<value name="ValidationSvc">wm.b2b.editn:validateTransaction</value>
					<record name="PreProcessingFlags" javaclass="com.wm.app.tn.route.PreRoutingFlags">
						<value name="verify?">no</value>
						<value name="validate?">no</value>
						<value name="persist?">yes</value>
						<value name="unique?">no</value>
					</record>
					<value name="standard">UNEDIFACT</value>
					<value name="version">921</value>
					<value name="transaction">DELJIT</value>
				</idatacodable>
				<idatacodable name="50658k0006o638m50000002r" javaclass="wm.b2b.editn.EDITransactionDocType">
					<value name="TypeID">50658k0006o638m50000002r</value>
					<value name="TypeName">UNEDIFACT 921 DESADV</value>
					<null name="TypeDescription"/>
					<idatacodable name="Deleted" javaclass="com.wm.data.MBoolean">
						<value name="MBoolean">false</value>
					</idatacodable>
					<value name="LastModified">2005-01-26 13:56:23.749</value>
					<value name="ValidationSvc">wm.b2b.editn:validateTransaction</value>
					<record name="PreProcessingFlags" javaclass="com.wm.app.tn.route.PreRoutingFlags">
						<value name="verify?">no</value>
						<value name="validate?">no</value>
						<value name="persist?">yes</value>
						<value name="unique?">no</value>
					</record>
					<value name="standard">UNEDIFACT</value>
					<value name="version">921</value>
					<value name="transaction">DESADV</value>
				</idatacodable>
				<idatacodable name="50658k0006o638m50000002s" javaclass="wm.b2b.editn.EDITransactionDocType">
					<value name="TypeID">50658k0006o638m50000002s</value>
					<value name="TypeName">UNEDIFACT 921 DIRDEB</value>
					<null name="TypeDescription"/>
					<idatacodable name="Deleted" javaclass="com.wm.data.MBoolean">
						<value name="MBoolean">false</value>
					</idatacodable>
					<value name="LastModified">2005-01-26 13:56:23.749</value>
					<value name="ValidationSvc">wm.b2b.editn:validateTransaction</value>
					<record name="PreProcessingFlags" javaclass="com.wm.app.tn.route.PreRoutingFlags">
						<value name="verify?">no</value>
						<value name="validate?">no</value>
						<value name="persist?">yes</value>
						<value name="unique?">no</value>
					</record>
					<value name="standard">UNEDIFACT</value>
					<value name="version">921</value>
					<value name="transaction">DIRDEB</value>
				</idatacodable>
				<idatacodable name="50658k0006o638m50000002t" javaclass="wm.b2b.editn.EDITransactionDocType">
					<value name="TypeID">50658k0006o638m50000002t</value>
					<value name="TypeName">UNEDIFACT 921 DOCADV</value>
					<null name="TypeDescription"/>
					<idatacodable name="Deleted" javaclass="com.wm.data.MBoolean">
						<value name="MBoolean">false</value>
					</idatacodable>
					<value name="LastModified">2005-01-26 13:56:23.749</value>
					<value name="ValidationSvc">wm.b2b.editn:validateTransaction</value>
					<record name="PreProcessingFlags" javaclass="com.wm.app.tn.route.PreRoutingFlags">
						<value name="verify?">no</value>
						<value name="validate?">no</value>
						<value name="persist?">yes</value>
						<value name="unique?">no</value>
					</record>
					<value name="standard">UNEDIFACT</value>
					<value name="version">921</value>
					<value name="transaction">DOCADV</value>
				</idatacodable>
				<idatacodable name="50658k0006o638m50000002u" javaclass="wm.b2b.editn.EDITransactionDocType">
					<value name="TypeID">50658k0006o638m50000002u</value>
					<value name="TypeName">UNEDIFACT 921 DOCAPP</value>
					<null name="TypeDescription"/>
					<idatacodable name="Deleted" javaclass="com.wm.data.MBoolean">
						<value name="MBoolean">false</value>
					</idatacodable>
					<value name="LastModified">2005-01-26 13:56:23.749</value>
					<value name="ValidationSvc">wm.b2b.editn:validateTransaction</value>
					<record name="PreProcessingFlags" javaclass="com.wm.app.tn.route.PreRoutingFlags">
						<value name="verify?">no</value>
						<value name="validate?">no</value>
						<value name="persist?">yes</value>
						<value name="unique?">no</value>
					</record>
					<value name="standard">UNEDIFACT</value>
					<value name="version">921</value>
					<value name="transaction">DOCAPP</value>
				</idatacodable>
				<idatacodable name="50658k0006o638m50000002v" javaclass="wm.b2b.editn.EDITransactionDocType">
					<value name="TypeID">50658k0006o638m50000002v</value>
					<value name="TypeName">UNEDIFACT 921 DOCINF</value>
					<null name="TypeDescription"/>
					<idatacodable name="Deleted" javaclass="com.wm.data.MBoolean">
						<value name="MBoolean">false</value>
					</idatacodable>
					<value name="LastModified">2005-01-26 13:56:23.749</value>
					<value name="ValidationSvc">wm.b2b.editn:validateTransaction</value>
					<record name="PreProcessingFlags" javaclass="com.wm.app.tn.route.PreRoutingFlags">
						<value name="verify?">no</value>
						<value name="validate?">no</value>
						<value name="persist?">yes</value>
						<value name="unique?">no</value>
					</record>
					<value name="standard">UNEDIFACT</value>
					<value name="version">921</value>
					<value name="transaction">DOCINF</value>
				</idatacodable>
				<idatacodable name="50658k0006o638m500000030" javaclass="wm.b2b.editn.EDITransactionDocType">
					<value name="TypeID">50658k0006o638m500000030</value>
					<value name="TypeName">UNEDIFACT 921 IFCSUM</value>
					<null name="TypeDescription"/>
					<idatacodable name="Deleted" javaclass="com.wm.data.MBoolean">
						<value name="MBoolean">false</value>
					</idatacodable>
					<value name="LastModified">2005-01-26 13:56:23.749</value>
					<value name="ValidationSvc">wm.b2b.editn:validateTransaction</value>
					<record name="PreProcessingFlags" javaclass="com.wm.app.tn.route.PreRoutingFlags">
						<value name="verify?">no</value>
						<value name="validate?">no</value>
						<value name="persist?">yes</value>
						<value name="unique?">no</value>
					</record>
					<value name="standard">UNEDIFACT</value>
					<value name="version">921</value>
					<value name="transaction">IFCSUM</value>
				</idatacodable>
				<idatacodable name="50658k0006o638m500000031" javaclass="wm.b2b.editn.EDITransactionDocType">
					<value name="TypeID">50658k0006o638m500000031</value>
					<value name="TypeName">UNEDIFACT 921 IFTMAN</value>
					<null name="TypeDescription"/>
					<idatacodable name="Deleted" javaclass="com.wm.data.MBoolean">
						<value name="MBoolean">false</value>
					</idatacodable>
					<value name="LastModified">2005-01-26 13:56:23.749</value>
					<value name="ValidationSvc">wm.b2b.editn:validateTransaction</value>
					<record name="PreProcessingFlags" javaclass="com.wm.app.tn.route.PreRoutingFlags">
						<value name="verify?">no</value>
						<value name="validate?">no</value>
						<value name="persist?">yes</value>
						<value name="unique?">no</value>
					</record>
					<value name="standard">UNEDIFACT</value>
					<value name="version">921</value>
					<value name="transaction">IFTMAN</value>
				</idatacodable>
				<idatacodable name="50658k0006o638m500000032" javaclass="wm.b2b.editn.EDITransactionDocType">
					<value name="TypeID">50658k0006o638m500000032</value>
					<value name="TypeName">UNEDIFACT 921 IFTMBC</value>
					<null name="TypeDescription"/>
					<idatacodable name="Deleted" javaclass="com.wm.data.MBoolean">
						<value name="MBoolean">false</value>
					</idatacodable>
					<value name="LastModified">2005-01-26 13:56:23.749</value>
					<value name="ValidationSvc">wm.b2b.editn:validateTransaction</value>
					<record name="PreProcessingFlags" javaclass="com.wm.app.tn.route.PreRoutingFlags">
						<value name="verify?">no</value>
						<value name="validate?">no</value>
						<value name="persist?">yes</value>
						<value name="unique?">no</value>
					</record>
					<value name="standard">UNEDIFACT</value>
					<value name="version">921</value>
					<value name="transaction">IFTMBC</value>
				</idatacodable>
				<idatacodable name="50658k0006o638m500000033" javaclass="wm.b2b.editn.EDITransactionDocType">
					<value name="TypeID">50658k0006o638m500000033</value>
					<value name="TypeName">UNEDIFACT 921 IFTMBF</value>
					<null name="TypeDescription"/>
					<idatacodable name="Deleted" javaclass="com.wm.data.MBoolean">
						<value name="MBoolean">false</value>
					</idatacodable>
					<value name="LastModified">2005-01-26 13:56:23.749</value>
					<value name="ValidationSvc">wm.b2b.editn:validateTransaction</value>
					<record name="PreProcessingFlags" javaclass="com.wm.app.tn.route.PreRoutingFlags">
						<value name="verify?">no</value>
						<value name="validate?">no</value>
						<value name="persist?">yes</value>
						<value name="unique?">no</value>
					</record>
					<value name="standard">UNEDIFACT</value>
					<value name="version">921</value>
					<value name="transaction">IFTMBF</value>
				</idatacodable>
				<idatacodable name="50658k0006o638m500000034" javaclass="wm.b2b.editn.EDITransactionDocType">
					<value name="TypeID">50658k0006o638m500000034</value>
					<value name="TypeName">UNEDIFACT 921 IFTMBP</value>
					<null name="TypeDescription"/>
					<idatacodable name="Deleted" javaclass="com.wm.data.MBoolean">
						<value name="MBoolean">false</value>
					</idatacodable>
					<value name="LastModified">2005-01-26 13:56:23.749</value>
					<value name="ValidationSvc">wm.b2b.editn:validateTransaction</value>
					<record name="PreProcessingFlags" javaclass="com.wm.app.tn.route.PreRoutingFlags">
						<value name="verify?">no</value>
						<value name="validate?">no</value>
						<value name="persist?">yes</value>
						<value name="unique?">no</value>
					</record>
					<value name="standard">UNEDIFACT</value>
					<value name="version">921</value>
					<value name="transaction">IFTMBP</value>
				</idatacodable>
				<idatacodable name="50658k0006o638m500000035" javaclass="wm.b2b.editn.EDITransactionDocType">
					<value name="TypeID">50658k0006o638m500000035</value>
					<value name="TypeName">UNEDIFACT 921 IFTMCS</value>
					<null name="TypeDescription"/>
					<idatacodable name="Deleted" javaclass="com.wm.data.MBoolean">
						<value name="MBoolean">false</value>
					</idatacodable>
					<value name="LastModified">2005-01-26 13:56:23.749</value>
					<value name="ValidationSvc">wm.b2b.editn:validateTransaction</value>
					<record name="PreProcessingFlags" javaclass="com.wm.app.tn.route.PreRoutingFlags">
						<value name="verify?">no</value>
						<value name="validate?">no</value>
						<value name="persist?">yes</value>
						<value name="unique?">no</value>
					</record>
					<value name="standard">UNEDIFACT</value>
					<value name="version">921</value>
					<value name="transaction">IFTMCS</value>
				</idatacodable>
				<idatacodable name="50658k0006o638m500000036" javaclass="wm.b2b.editn.EDITransactionDocType">
					<value name="TypeID">50658k0006o638m500000036</value>
					<value name="TypeName">UNEDIFACT 921 IFTMFR</value>
					<null name="TypeDescription"/>
					<idatacodable name="Deleted" javaclass="com.wm.data.MBoolean">
						<value name="MBoolean">false</value>
					</idatacodable>
					<value name="LastModified">2005-01-26 13:56:23.749</value>
					<value name="ValidationSvc">wm.b2b.editn:validateTransaction</value>
					<record name="PreProcessingFlags" javaclass="com.wm.app.tn.route.PreRoutingFlags">
						<value name="verify?">no</value>
						<value name="validate?">no</value>
						<value name="persist?">yes</value>
						<value name="unique?">no</value>
					</record>
					<value name="standard">UNEDIFACT</value>
					<value name="version">921</value>
					<value name="transaction">IFTMFR</value>
				</idatacodable>
				<idatacodable name="50658k0006o638m500000037" javaclass="wm.b2b.editn.EDITransactionDocType">
					<value name="TypeID">50658k0006o638m500000037</value>
					<value name="TypeName">UNEDIFACT 921 IFTMIN</value>
					<null name="TypeDescription"/>
					<idatacodable name="Deleted" javaclass="com.wm.data.MBoolean">
						<value name="MBoolean">false</value>
					</idatacodable>
					<value name="LastModified">2005-01-26 13:56:23.749</value>
					<value name="ValidationSvc">wm.b2b.editn:validateTransaction</value>
					<record name="PreProcessingFlags" javaclass="com.wm.app.tn.route.PreRoutingFlags">
						<value name="verify?">no</value>
						<value name="validate?">no</value>
						<value name="persist?">yes</value>
						<value name="unique?">no</value>
					</record>
					<value name="standard">UNEDIFACT</value>
					<value name="version">921</value>
					<value name="transaction">IFTMIN</value>
				</idatacodable>
				<idatacodable name="50658k0006o638m500000038" javaclass="wm.b2b.editn.EDITransactionDocType">
					<value name="TypeID">50658k0006o638m500000038</value>
					<value name="TypeName">UNEDIFACT 921 IFTSTA</value>
					<null name="TypeDescription"/>
					<idatacodable name="Deleted" javaclass="com.wm.data.MBoolean">
						<value name="MBoolean">false</value>
					</idatacodable>
					<value name="LastModified">2005-01-26 13:56:23.749</value>
					<value name="ValidationSvc">wm.b2b.editn:validateTransaction</value>
					<record name="PreProcessingFlags" javaclass="com.wm.app.tn.route.PreRoutingFlags">
						<value name="verify?">no</value>
						<value name="validate?">no</value>
						<value name="persist?">yes</value>
						<value name="unique?">no</value>
					</record>
					<value name="standard">UNEDIFACT</value>
					<value name="version">921</value>
					<value name="transaction">IFTSTA</value>
				</idatacodable>
				<idatacodable name="50658k0006o638m500000039" javaclass="wm.b2b.editn.EDITransactionDocType">
					<value name="TypeID">50658k0006o638m500000039</value>
					<value name="TypeName">UNEDIFACT 921 INVOIC</value>
					<null name="TypeDescription"/>
					<idatacodable name="Deleted" javaclass="com.wm.data.MBoolean">
						<value name="MBoolean">false</value>
					</idatacodable>
					<value name="LastModified">2005-01-26 13:56:23.749</value>
					<value name="ValidationSvc">wm.b2b.editn:validateTransaction</value>
					<record name="PreProcessingFlags" javaclass="com.wm.app.tn.route.PreRoutingFlags">
						<value name="verify?">no</value>
						<value name="validate?">no</value>
						<value name="persist?">yes</value>
						<value name="unique?">no</value>
					</record>
					<value name="standard">UNEDIFACT</value>
					<value name="version">921</value>
					<value name="transaction">INVOIC</value>
				</idatacodable>
				<idatacodable name="50658k0006o638m50000003a" javaclass="wm.b2b.editn.EDITransactionDocType">
					<value name="TypeID">50658k0006o638m50000003a</value>
					<value name="TypeName">UNEDIFACT 921 INVRPT</value>
					<null name="TypeDescription"/>
					<idatacodable name="Deleted" javaclass="com.wm.data.MBoolean">
						<value name="MBoolean">false</value>
					</idatacodable>
					<value name="LastModified">2005-01-26 13:56:23.749</value>
					<value name="ValidationSvc">wm.b2b.editn:validateTransaction</value>
					<record name="PreProcessingFlags" javaclass="com.wm.app.tn.route.PreRoutingFlags">
						<value name="verify?">no</value>
						<value name="validate?">no</value>
						<value name="persist?">yes</value>
						<value name="unique?">no</value>
					</record>
					<value name="standard">UNEDIFACT</value>
					<value name="version">921</value>
					<value name="transaction">INVRPT</value>
				</idatacodable>
				<idatacodable name="50658k0006o638m50000003b" javaclass="wm.b2b.editn.EDITransactionDocType">
					<value name="TypeID">50658k0006o638m50000003b</value>
					<value name="TypeName">UNEDIFACT 921 ORDCHG</value>
					<null name="TypeDescription"/>
					<idatacodable name="Deleted" javaclass="com.wm.data.MBoolean">
						<value name="MBoolean">false</value>
					</idatacodable>
					<value name="LastModified">2005-01-26 13:56:23.749</value>
					<value name="ValidationSvc">wm.b2b.editn:validateTransaction</value>
					<record name="PreProcessingFlags" javaclass="com.wm.app.tn.route.PreRoutingFlags">
						<value name="verify?">no</value>
						<value name="validate?">no</value>
						<value name="persist?">yes</value>
						<value name="unique?">no</value>
					</record>
					<value name="standard">UNEDIFACT</value>
					<value name="version">921</value>
					<value name="transaction">ORDCHG</value>
				</idatacodable>
				<idatacodable name="50658k0006o638m50000003c" javaclass="wm.b2b.editn.EDITransactionDocType">
					<value name="TypeID">50658k0006o638m50000003c</value>
					<value name="TypeName">UNEDIFACT 921 ORDERS</value>
					<null name="TypeDescription"/>
					<idatacodable name="Deleted" javaclass="com.wm.data.MBoolean">
						<value name="MBoolean">false</value>
					</idatacodable>
					<value name="LastModified">2005-01-26 13:56:23.749</value>
					<value name="ValidationSvc">wm.b2b.editn:validateTransaction</value>
					<record name="PreProcessingFlags" javaclass="com.wm.app.tn.route.PreRoutingFlags">
						<value name="verify?">no</value>
						<value name="validate?">no</value>
						<value name="persist?">yes</value>
						<value name="unique?">no</value>
					</record>
					<value name="standard">UNEDIFACT</value>
					<value name="version">921</value>
					<value name="transaction">ORDERS</value>
				</idatacodable>
				<idatacodable name="50658k0006o638m50000003d" javaclass="wm.b2b.editn.EDITransactionDocType">
					<value name="TypeID">50658k0006o638m50000003d</value>
					<value name="TypeName">UNEDIFACT 921 ORDRSP</value>
					<null name="TypeDescription"/>
					<idatacodable name="Deleted" javaclass="com.wm.data.MBoolean">
						<value name="MBoolean">false</value>
					</idatacodable>
					<value name="LastModified">2005-01-26 13:56:23.749</value>
					<value name="ValidationSvc">wm.b2b.editn:validateTransaction</value>
					<record name="PreProcessingFlags" javaclass="com.wm.app.tn.route.PreRoutingFlags">
						<value name="verify?">no</value>
						<value name="validate?">no</value>
						<value name="persist?">yes</value>
						<value name="unique?">no</value>
					</record>
					<value name="standard">UNEDIFACT</value>
					<value name="version">921</value>
					<value name="transaction">ORDRSP</value>
				</idatacodable>
				<idatacodable name="50658k0006o638m50000003e" javaclass="wm.b2b.editn.EDITransactionDocType">
					<value name="TypeID">50658k0006o638m50000003e</value>
					<value name="TypeName">UNEDIFACT 921 PARTIN</value>
					<null name="TypeDescription"/>
					<idatacodable name="Deleted" javaclass="com.wm.data.MBoolean">
						<value name="MBoolean">false</value>
					</idatacodable>
					<value name="LastModified">2005-01-26 13:56:23.749</value>
					<value name="ValidationSvc">wm.b2b.editn:validateTransaction</value>
					<record name="PreProcessingFlags" javaclass="com.wm.app.tn.route.PreRoutingFlags">
						<value name="verify?">no</value>
						<value name="validate?">no</value>
						<value name="persist?">yes</value>
						<value name="unique?">no</value>
					</record>
					<value name="standard">UNEDIFACT</value>
					<value name="version">921</value>
					<value name="transaction">PARTIN</value>
				</idatacodable>
				<idatacodable name="50658k0006o638m50000003f" javaclass="wm.b2b.editn.EDITransactionDocType">
					<value name="TypeID">50658k0006o638m50000003f</value>
					<value name="TypeName">UNEDIFACT 921 PAXLST</value>
					<null name="TypeDescription"/>
					<idatacodable name="Deleted" javaclass="com.wm.data.MBoolean">
						<value name="MBoolean">false</value>
					</idatacodable>
					<value name="LastModified">2005-01-26 13:56:23.749</value>
					<value name="ValidationSvc">wm.b2b.editn:validateTransaction</value>
					<record name="PreProcessingFlags" javaclass="com.wm.app.tn.route.PreRoutingFlags">
						<value name="verify?">no</value>
						<value name="validate?">no</value>
						<value name="persist?">yes</value>
						<value name="unique?">no</value>
					</record>
					<value name="standard">UNEDIFACT</value>
					<value name="version">921</value>
					<value name="transaction">PAXLST</value>
				</idatacodable>
				<idatacodable name="50658k0006o638m50000003g" javaclass="wm.b2b.editn.EDITransactionDocType">
					<value name="TypeID">50658k0006o638m50000003g</value>
					<value name="TypeName">UNEDIFACT 921 PAYDUC</value>
					<null name="TypeDescription"/>
					<idatacodable name="Deleted" javaclass="com.wm.data.MBoolean">
						<value name="MBoolean">false</value>
					</idatacodable>
					<value name="LastModified">2005-01-26 13:56:23.749</value>
					<value name="ValidationSvc">wm.b2b.editn:validateTransaction</value>
					<record name="PreProcessingFlags" javaclass="com.wm.app.tn.route.PreRoutingFlags">
						<value name="verify?">no</value>
						<value name="validate?">no</value>
						<value name="persist?">yes</value>
						<value name="unique?">no</value>
					</record>
					<value name="standard">UNEDIFACT</value>
					<value name="version">921</value>
					<value name="transaction">PAYDUC</value>
				</idatacodable>
				<idatacodable name="50658k0006o638m50000003h" javaclass="wm.b2b.editn.EDITransactionDocType">
					<value name="TypeID">50658k0006o638m50000003h</value>
					<value name="TypeName">UNEDIFACT 921 PAYEXT</value>
					<null name="TypeDescription"/>
					<idatacodable name="Deleted" javaclass="com.wm.data.MBoolean">
						<value name="MBoolean">false</value>
					</idatacodable>
					<value name="LastModified">2005-01-26 13:56:23.749</value>
					<value name="ValidationSvc">wm.b2b.editn:validateTransaction</value>
					<record name="PreProcessingFlags" javaclass="com.wm.app.tn.route.PreRoutingFlags">
						<value name="verify?">no</value>
						<value name="validate?">no</value>
						<value name="persist?">yes</value>
						<value name="unique?">no</value>
					</record>
					<value name="standard">UNEDIFACT</value>
					<value name="version">921</value>
					<value name="transaction">PAYEXT</value>
				</idatacodable>
				<idatacodable name="50658k0006o638m50000003i" javaclass="wm.b2b.editn.EDITransactionDocType">
					<value name="TypeID">50658k0006o638m50000003i</value>
					<value name="TypeName">UNEDIFACT 921 PAYMUL</value>
					<null name="TypeDescription"/>
					<idatacodable name="Deleted" javaclass="com.wm.data.MBoolean">
						<value name="MBoolean">false</value>
					</idatacodable>
					<value name="LastModified">2005-01-26 13:56:23.749</value>
					<value name="ValidationSvc">wm.b2b.editn:validateTransaction</value>
					<record name="PreProcessingFlags" javaclass="com.wm.app.tn.route.PreRoutingFlags">
						<value name="verify?">no</value>
						<value name="validate?">no</value>
						<value name="persist?">yes</value>
						<value name="unique?">no</value>
					</record>
					<value name="standard">UNEDIFACT</value>
					<value name="version">921</value>
					<value name="transaction">PAYMUL</value>
				</idatacodable>
				<idatacodable name="50658k0006o638m50000003j" javaclass="wm.b2b.editn.EDITransactionDocType">
					<value name="TypeID">50658k0006o638m50000003j</value>
					<value name="TypeName">UNEDIFACT 921 PAYORD</value>
					<null name="TypeDescription"/>
					<idatacodable name="Deleted" javaclass="com.wm.data.MBoolean">
						<value name="MBoolean">false</value>
					</idatacodable>
					<value name="LastModified">2005-01-26 13:56:23.749</value>
					<value name="ValidationSvc">wm.b2b.editn:validateTransaction</value>
					<record name="PreProcessingFlags" javaclass="com.wm.app.tn.route.PreRoutingFlags">
						<value name="verify?">no</value>
						<value name="validate?">no</value>
						<value name="persist?">yes</value>
						<value name="unique?">no</value>
					</record>
					<value name="standard">UNEDIFACT</value>
					<value name="version">921</value>
					<value name="transaction">PAYORD</value>
				</idatacodable>
				<idatacodable name="50658k0006o638m50000003k" javaclass="wm.b2b.editn.EDITransactionDocType">
					<value name="TypeID">50658k0006o638m50000003k</value>
					<value name="TypeName">UNEDIFACT 921 PRICAT</value>
					<null name="TypeDescription"/>
					<idatacodable name="Deleted" javaclass="com.wm.data.MBoolean">
						<value name="MBoolean">false</value>
					</idatacodable>
					<value name="LastModified">2005-01-26 13:56:23.749</value>
					<value name="ValidationSvc">wm.b2b.editn:validateTransaction</value>
					<record name="PreProcessingFlags" javaclass="com.wm.app.tn.route.PreRoutingFlags">
						<value name="verify?">no</value>
						<value name="validate?">no</value>
						<value name="persist?">yes</value>
						<value name="unique?">no</value>
					</record>
					<value name="standard">UNEDIFACT</value>
					<value name="version">921</value>
					<value name="transaction">PRICAT</value>
				</idatacodable>
				<idatacodable name="50658k0006o638m50000003l" javaclass="wm.b2b.editn.EDITransactionDocType">
					<value name="TypeID">50658k0006o638m50000003l</value>
					<value name="TypeName">UNEDIFACT 921 QALITY</value>
					<null name="TypeDescription"/>
					<idatacodable name="Deleted" javaclass="com.wm.data.MBoolean">
						<value name="MBoolean">false</value>
					</idatacodable>
					<value name="LastModified">2005-01-26 13:56:23.749</value>
					<value name="ValidationSvc">wm.b2b.editn:validateTransaction</value>
					<record name="PreProcessingFlags" javaclass="com.wm.app.tn.route.PreRoutingFlags">
						<value name="verify?">no</value>
						<value name="validate?">no</value>
						<value name="persist?">yes</value>
						<value name="unique?">no</value>
					</record>
					<value name="standard">UNEDIFACT</value>
					<value name="version">921</value>
					<value name="transaction">QALITY</value>
				</idatacodable>
				<idatacodable name="50658k0006o638m50000003m" javaclass="wm.b2b.editn.EDITransactionDocType">
					<value name="TypeID">50658k0006o638m50000003m</value>
					<value name="TypeName">UNEDIFACT 921 QUOTES</value>
					<null name="TypeDescription"/>
					<idatacodable name="Deleted" javaclass="com.wm.data.MBoolean">
						<value name="MBoolean">false</value>
					</idatacodable>
					<value name="LastModified">2005-01-26 13:56:23.749</value>
					<value name="ValidationSvc">wm.b2b.editn:validateTransaction</value>
					<record name="PreProcessingFlags" javaclass="com.wm.app.tn.route.PreRoutingFlags">
						<value name="verify?">no</value>
						<value name="validate?">no</value>
						<value name="persist?">yes</value>
						<value name="unique?">no</value>
					</record>
					<value name="standard">UNEDIFACT</value>
					<value name="version">921</value>
					<value name="transaction">QUOTES</value>
				</idatacodable>
				<idatacodable name="50658k0006o638m50000003n" javaclass="wm.b2b.editn.EDITransactionDocType">
					<value name="TypeID">50658k0006o638m50000003n</value>
					<value name="TypeName">UNEDIFACT 921 REMADV</value>
					<null name="TypeDescription"/>
					<idatacodable name="Deleted" javaclass="com.wm.data.MBoolean">
						<value name="MBoolean">false</value>
					</idatacodable>
					<value name="LastModified">2005-01-26 13:56:23.749</value>
					<value name="ValidationSvc">wm.b2b.editn:validateTransaction</value>
					<record name="PreProcessingFlags" javaclass="com.wm.app.tn.route.PreRoutingFlags">
						<value name="verify?">no</value>
						<value name="validate?">no</value>
						<value name="persist?">yes</value>
						<value name="unique?">no</value>
					</record>
					<value name="standard">UNEDIFACT</value>
					<value name="version">921</value>
					<value name="transaction">REMADV</value>
				</idatacodable>
				<idatacodable name="50658k0006o638m50000003o" javaclass="wm.b2b.editn.EDITransactionDocType">
					<value name="TypeID">50658k0006o638m50000003o</value>
					<value name="TypeName">UNEDIFACT 921 REQOTE</value>
					<null name="TypeDescription"/>
					<idatacodable name="Deleted" javaclass="com.wm.data.MBoolean">
						<value name="MBoolean">false</value>
					</idatacodable>
					<value name="LastModified">2005-01-26 13:56:23.749</value>
					<value name="ValidationSvc">wm.b2b.editn:validateTransaction</value>
					<record name="PreProcessingFlags" javaclass="com.wm.app.tn.route.PreRoutingFlags">
						<value name="verify?">no</value>
						<value name="validate?">no</value>
						<value name="persist?">yes</value>
						<value name="unique?">no</value>
					</record>
					<value name="standard">UNEDIFACT</value>
					<value name="version">921</value>
					<value name="transaction">REQOTE</value>
				</idatacodable>
				<idatacodable name="50658k0006o638m50000003p" javaclass="wm.b2b.editn.EDITransactionDocType">
					<value name="TypeID">50658k0006o638m50000003p</value>
					<value name="TypeName">UNEDIFACT 921 SLSRPT</value>
					<null name="TypeDescription"/>
					<idatacodable name="Deleted" javaclass="com.wm.data.MBoolean">
						<value name="MBoolean">false</value>
					</idatacodable>
					<value name="LastModified">2005-01-26 13:56:23.749</value>
					<value name="ValidationSvc">wm.b2b.editn:validateTransaction</value>
					<record name="PreProcessingFlags" javaclass="com.wm.app.tn.route.PreRoutingFlags">
						<value name="verify?">no</value>
						<value name="validate?">no</value>
						<value name="persist?">yes</value>
						<value name="unique?">no</value>
					</record>
					<value name="standard">UNEDIFACT</value>
					<value name="version">921</value>
					<value name="transaction">SLSRPT</value>
				</idatacodable>
				<idatacodable name="50658k0006o638m50000003q" javaclass="wm.b2b.editn.EDITransactionDocType">
					<value name="TypeID">50658k0006o638m50000003q</value>
					<value name="TypeName">UNEDIFACT 921 STATAC</value>
					<null name="TypeDescription"/>
					<idatacodable name="Deleted" javaclass="com.wm.data.MBoolean">
						<value name="MBoolean">false</value>
					</idatacodable>
					<value name="LastModified">2005-01-26 13:56:23.749</value>
					<value name="ValidationSvc">wm.b2b.editn:validateTransaction</value>
					<record name="PreProcessingFlags" javaclass="com.wm.app.tn.route.PreRoutingFlags">
						<value name="verify?">no</value>
						<value name="validate?">no</value>
						<value name="persist?">yes</value>
						<value name="unique?">no</value>
					</record>
					<value name="standard">UNEDIFACT</value>
					<value name="version">921</value>
					<value name="transaction">STATAC</value>
				</idatacodable>
				<idatacodable name="50658k0006o638m50000003r" javaclass="wm.b2b.editn.EDITransactionDocType">
					<value name="TypeID">50658k0006o638m50000003r</value>
					<value name="TypeName">UNEDIFACT 921 SUPCOT</value>
					<null name="TypeDescription"/>
					<idatacodable name="Deleted" javaclass="com.wm.data.MBoolean">
						<value name="MBoolean">false</value>
					</idatacodable>
					<value name="LastModified">2005-01-26 13:56:23.749</value>
					<value name="ValidationSvc">wm.b2b.editn:validateTransaction</value>
					<record name="PreProcessingFlags" javaclass="com.wm.app.tn.route.PreRoutingFlags">
						<value name="verify?">no</value>
						<value name="validate?">no</value>
						<value name="persist?">yes</value>
						<value name="unique?">no</value>
					</record>
					<value name="standard">UNEDIFACT</value>
					<value name="version">921</value>
					<value name="transaction">SUPCOT</value>
				</idatacodable>
				<idatacodable name="50658k0006o638m50000003s" javaclass="wm.b2b.editn.EDITransactionDocType">
					<value name="TypeID">50658k0006o638m50000003s</value>
					<value name="TypeName">UNEDIFACT 921 SUPMAN</value>
					<null name="TypeDescription"/>
					<idatacodable name="Deleted" javaclass="com.wm.data.MBoolean">
						<value name="MBoolean">false</value>
					</idatacodable>
					<value name="LastModified">2005-01-26 13:56:23.749</value>
					<value name="ValidationSvc">wm.b2b.editn:validateTransaction</value>
					<record name="PreProcessingFlags" javaclass="com.wm.app.tn.route.PreRoutingFlags">
						<value name="verify?">no</value>
						<value name="validate?">no</value>
						<value name="persist?">yes</value>
						<value name="unique?">no</value>
					</record>
					<value name="standard">UNEDIFACT</value>
					<value name="version">921</value>
					<value name="transaction">SUPMAN</value>
				</idatacodable>		</record>
	</record>
</IDataXMLCoder>
