<?xml version="1.0" encoding="UTF-8"?>

	<IDataXMLCoder version="1.0">
		<record javaclass="com.wm.data.BasicData">
			<record name="version" javaclass="com.wm.data.BasicData">
				<value name="major">1</value>
				<value name="minor">0</value>
			</record>
		<record name="types" javaclass="com.wm.data.BasicData">

				<idatacodable name="53o75f003tvap1nm0000000d" javaclass="wm.b2b.editn.EDITransactionDocType">
					<value name="TypeID">53o75f003tvap1nm0000000d</value>
					<value name="TypeName">VDA 4927_3 4927_1</value>
					<null name="TypeDescription"/>
					<idatacodable name="Deleted" javaclass="com.wm.data.MBoolean">
						<value name="MBoolean">false</value>
					</idatacodable>
					<value name="LastModified">2009-02-16 16:10:49.910</value>
					<value name="ValidationSvc">wm.b2b.editn:validateTransaction</value>
					<record name="PreProcessingFlags" javaclass="com.wm.app.tn.route.PreRoutingFlags">
						<value name="verify?">no</value>
						<value name="validate?">no</value>
						<value name="persist?">yes</value>
						<value name="unique?">no</value>
					</record>
					<value name="standard">VDA</value>
					<value name="version">4927_3</value>
					<value name="transaction">4927_1</value>
				</idatacodable>
				<idatacodable name="53o75f003tvap1nm0000000e" javaclass="wm.b2b.editn.EDITransactionDocType">
					<value name="TypeID">53o75f003tvap1nm0000000e</value>
					<value name="TypeName">VDA 4927_3 4927_2</value>
					<null name="TypeDescription"/>
					<idatacodable name="Deleted" javaclass="com.wm.data.MBoolean">
						<value name="MBoolean">false</value>
					</idatacodable>
					<value name="LastModified">2009-02-16 16:10:49.910</value>
					<value name="ValidationSvc">wm.b2b.editn:validateTransaction</value>
					<record name="PreProcessingFlags" javaclass="com.wm.app.tn.route.PreRoutingFlags">
						<value name="verify?">no</value>
						<value name="validate?">no</value>
						<value name="persist?">yes</value>
						<value name="unique?">no</value>
					</record>
					<value name="standard">VDA</value>
					<value name="version">4927_3</value>
					<value name="transaction">4927_2</value>
				</idatacodable>
				<idatacodable name="53o75f003tvap1nm0000000f" javaclass="wm.b2b.editn.EDITransactionDocType">
					<value name="TypeID">53o75f003tvap1nm0000000f</value>
					<value name="TypeName">VDA 4927_3 4927_3</value>
					<null name="TypeDescription"/>
					<idatacodable name="Deleted" javaclass="com.wm.data.MBoolean">
						<value name="MBoolean">false</value>
					</idatacodable>
					<value name="LastModified">2009-02-16 16:10:49.910</value>
					<value name="ValidationSvc">wm.b2b.editn:validateTransaction</value>
					<record name="PreProcessingFlags" javaclass="com.wm.app.tn.route.PreRoutingFlags">
						<value name="verify?">no</value>
						<value name="validate?">no</value>
						<value name="persist?">yes</value>
						<value name="unique?">no</value>
					</record>
					<value name="standard">VDA</value>
					<value name="version">4927_3</value>
					<value name="transaction">4927_3</value>
				</idatacodable>
				<idatacodable name="53o75f003tvap1nm0000000g" javaclass="wm.b2b.editn.EDITransactionDocType">
					<value name="TypeID">53o75f003tvap1nm0000000g</value>
					<value name="TypeName">VDA 4927_3 4927_4</value>
					<null name="TypeDescription"/>
					<idatacodable name="Deleted" javaclass="com.wm.data.MBoolean">
						<value name="MBoolean">false</value>
					</idatacodable>
					<value name="LastModified">2009-02-16 16:10:49.910</value>
					<value name="ValidationSvc">wm.b2b.editn:validateTransaction</value>
					<record name="PreProcessingFlags" javaclass="com.wm.app.tn.route.PreRoutingFlags">
						<value name="verify?">no</value>
						<value name="validate?">no</value>
						<value name="persist?">yes</value>
						<value name="unique?">no</value>
					</record>
					<value name="standard">VDA</value>
					<value name="version">4927_3</value>
					<value name="transaction">4927_4</value>
				</idatacodable>
				<idatacodable name="53o75f003tvap1nm0000000h" javaclass="wm.b2b.editn.EDITransactionDocType">
					<value name="TypeID">53o75f003tvap1nm0000000h</value>
					<value name="TypeName">VDA 4927_3 4927_5</value>
					<null name="TypeDescription"/>
					<idatacodable name="Deleted" javaclass="com.wm.data.MBoolean">
						<value name="MBoolean">false</value>
					</idatacodable>
					<value name="LastModified">2009-02-16 16:10:49.910</value>
					<value name="ValidationSvc">wm.b2b.editn:validateTransaction</value>
					<record name="PreProcessingFlags" javaclass="com.wm.app.tn.route.PreRoutingFlags">
						<value name="verify?">no</value>
						<value name="validate?">no</value>
						<value name="persist?">yes</value>
						<value name="unique?">no</value>
					</record>
					<value name="standard">VDA</value>
					<value name="version">4927_3</value>
					<value name="transaction">4927_5</value>
				</idatacodable>		</record>
	</record>
</IDataXMLCoder>
