<?xml version="1.0" encoding="UTF-8"?>

	<IDataXMLCoder version="1.0">
		<record javaclass="com.wm.data.BasicData">
			<record name="version" javaclass="com.wm.data.BasicData">
				<value name="major">1</value>
				<value name="minor">0</value>
			</record>
		<record name="types" javaclass="com.wm.data.BasicData">

				<idatacodable name="53o75f005cuodseb000000rj" javaclass="wm.b2b.editn.EDITransactionDocType">
					<value name="TypeID">53o75f005cuodseb000000rj</value>
					<value name="TypeName">VICS 3010 810</value>
					<null name="TypeDescription"/>
					<idatacodable name="Deleted" javaclass="com.wm.data.MBoolean">
						<value name="MBoolean">false</value>
					</idatacodable>
					<value name="LastModified">2010-09-23 13:07:55.403</value>
					<value name="ValidationSvc">wm.b2b.editn:validateTransaction</value>
					<record name="PreProcessingFlags" javaclass="com.wm.app.tn.route.PreRoutingFlags">
						<value name="verify?">no</value>
						<value name="validate?">no</value>
						<value name="persist?">yes</value>
						<value name="unique?">no</value>
					</record>
					<value name="standard">VICS</value>
					<value name="version">3010</value>
					<value name="transaction">810</value>
				</idatacodable>
				<idatacodable name="53o75f005cuodseb000000rk" javaclass="wm.b2b.editn.EDITransactionDocType">
					<value name="TypeID">53o75f005cuodseb000000rk</value>
					<value name="TypeName">VICS 3010 820</value>
					<null name="TypeDescription"/>
					<idatacodable name="Deleted" javaclass="com.wm.data.MBoolean">
						<value name="MBoolean">false</value>
					</idatacodable>
					<value name="LastModified">2010-09-23 13:07:55.403</value>
					<value name="ValidationSvc">wm.b2b.editn:validateTransaction</value>
					<record name="PreProcessingFlags" javaclass="com.wm.app.tn.route.PreRoutingFlags">
						<value name="verify?">no</value>
						<value name="validate?">no</value>
						<value name="persist?">yes</value>
						<value name="unique?">no</value>
					</record>
					<value name="standard">VICS</value>
					<value name="version">3010</value>
					<value name="transaction">820</value>
				</idatacodable>
				<idatacodable name="53o75f005cuodseb000000rl" javaclass="wm.b2b.editn.EDITransactionDocType">
					<value name="TypeID">53o75f005cuodseb000000rl</value>
					<value name="TypeName">VICS 3010 850</value>
					<null name="TypeDescription"/>
					<idatacodable name="Deleted" javaclass="com.wm.data.MBoolean">
						<value name="MBoolean">false</value>
					</idatacodable>
					<value name="LastModified">2010-09-23 13:07:55.403</value>
					<value name="ValidationSvc">wm.b2b.editn:validateTransaction</value>
					<record name="PreProcessingFlags" javaclass="com.wm.app.tn.route.PreRoutingFlags">
						<value name="verify?">no</value>
						<value name="validate?">no</value>
						<value name="persist?">yes</value>
						<value name="unique?">no</value>
					</record>
					<value name="standard">VICS</value>
					<value name="version">3010</value>
					<value name="transaction">850</value>
				</idatacodable>
				<idatacodable name="53o75f005cuodseb000000rm" javaclass="wm.b2b.editn.EDITransactionDocType">
					<value name="TypeID">53o75f005cuodseb000000rm</value>
					<value name="TypeName">VICS 3010 852</value>
					<null name="TypeDescription"/>
					<idatacodable name="Deleted" javaclass="com.wm.data.MBoolean">
						<value name="MBoolean">false</value>
					</idatacodable>
					<value name="LastModified">2010-09-23 13:07:55.403</value>
					<value name="ValidationSvc">wm.b2b.editn:validateTransaction</value>
					<record name="PreProcessingFlags" javaclass="com.wm.app.tn.route.PreRoutingFlags">
						<value name="verify?">no</value>
						<value name="validate?">no</value>
						<value name="persist?">yes</value>
						<value name="unique?">no</value>
					</record>
					<value name="standard">VICS</value>
					<value name="version">3010</value>
					<value name="transaction">852</value>
				</idatacodable>
				<idatacodable name="53o75f005cuodseb000000rn" javaclass="wm.b2b.editn.EDITransactionDocType">
					<value name="TypeID">53o75f005cuodseb000000rn</value>
					<value name="TypeName">VICS 3010 856</value>
					<null name="TypeDescription"/>
					<idatacodable name="Deleted" javaclass="com.wm.data.MBoolean">
						<value name="MBoolean">false</value>
					</idatacodable>
					<value name="LastModified">2010-09-23 13:07:55.403</value>
					<value name="ValidationSvc">wm.b2b.editn:validateTransaction</value>
					<record name="PreProcessingFlags" javaclass="com.wm.app.tn.route.PreRoutingFlags">
						<value name="verify?">no</value>
						<value name="validate?">no</value>
						<value name="persist?">yes</value>
						<value name="unique?">no</value>
					</record>
					<value name="standard">VICS</value>
					<value name="version">3010</value>
					<value name="transaction">856</value>
				</idatacodable>
				<idatacodable name="53o75f005cuodseb000000ro" javaclass="wm.b2b.editn.EDITransactionDocType">
					<value name="TypeID">53o75f005cuodseb000000ro</value>
					<value name="TypeName">VICS 3010 864</value>
					<null name="TypeDescription"/>
					<idatacodable name="Deleted" javaclass="com.wm.data.MBoolean">
						<value name="MBoolean">false</value>
					</idatacodable>
					<value name="LastModified">2010-09-23 13:07:55.403</value>
					<value name="ValidationSvc">wm.b2b.editn:validateTransaction</value>
					<record name="PreProcessingFlags" javaclass="com.wm.app.tn.route.PreRoutingFlags">
						<value name="verify?">no</value>
						<value name="validate?">no</value>
						<value name="persist?">yes</value>
						<value name="unique?">no</value>
					</record>
					<value name="standard">VICS</value>
					<value name="version">3010</value>
					<value name="transaction">864</value>
				</idatacodable>
				<idatacodable name="53o75f005cuodseb000000rp" javaclass="wm.b2b.editn.EDITransactionDocType">
					<value name="TypeID">53o75f005cuodseb000000rp</value>
					<value name="TypeName">VICS 3010 870</value>
					<null name="TypeDescription"/>
					<idatacodable name="Deleted" javaclass="com.wm.data.MBoolean">
						<value name="MBoolean">false</value>
					</idatacodable>
					<value name="LastModified">2010-09-23 13:07:55.403</value>
					<value name="ValidationSvc">wm.b2b.editn:validateTransaction</value>
					<record name="PreProcessingFlags" javaclass="com.wm.app.tn.route.PreRoutingFlags">
						<value name="verify?">no</value>
						<value name="validate?">no</value>
						<value name="persist?">yes</value>
						<value name="unique?">no</value>
					</record>
					<value name="standard">VICS</value>
					<value name="version">3010</value>
					<value name="transaction">870</value>
				</idatacodable>
				<idatacodable name="53o75f005cuodseb000000rq" javaclass="wm.b2b.editn.EDITransactionDocType">
					<value name="TypeID">53o75f005cuodseb000000rq</value>
					<value name="TypeName">VICS 3010 997</value>
					<null name="TypeDescription"/>
					<idatacodable name="Deleted" javaclass="com.wm.data.MBoolean">
						<value name="MBoolean">false</value>
					</idatacodable>
					<value name="LastModified">2010-09-23 13:07:55.403</value>
					<value name="ValidationSvc">wm.b2b.editn:validateTransaction</value>
					<record name="PreProcessingFlags" javaclass="com.wm.app.tn.route.PreRoutingFlags">
						<value name="verify?">no</value>
						<value name="validate?">no</value>
						<value name="persist?">yes</value>
						<value name="unique?">no</value>
					</record>
					<value name="standard">VICS</value>
					<value name="version">3010</value>
					<value name="transaction">997</value>
				</idatacodable>		</record>
	</record>
</IDataXMLCoder>
