<?xml version="1.0" encoding="UTF-8"?>

<IDataXMLCoder version="1.0">
  <record javaclass="com.wm.data.BasicData">
    <record name="version" javaclass="com.wm.data.BasicData">
      <value name="major">1</value>
      <value name="minor">0</value>
    </record>
    <record name="types" javaclass="com.wm.data.BasicData">      <idatacodable name="7f000001f70d649100018720" javaclass="wm.b2b.editn.EDITransactionDocType">
        <value name="TypeID">7f000001f70d649100018720</value>
        <value name="TypeName">VICS 4020 102</value>
        <null name="TypeDescription"/>
        <idatacodable name="Deleted" javaclass="com.wm.data.MBoolean">
          <value name="MBoolean">false</value>
        </idatacodable>
        <value name="LastModified">2000-10-02 11:13:47.755</value>
        <value name="ValidationSvc">wm.b2b.editn:validateTransaction</value>
        <record name="PreProcessingFlags" javaclass="com.wm.app.tn.route.PreRoutingFlags">
          <value name="verify?">no</value>
          <value name="validate?">no</value>
          <value name="persist?">yes</value>
          <value name="unique?">no</value>
        </record>
        <value name="standard">VICS</value>
        <value name="version">4020</value>
        <value name="transaction">102</value>
      </idatacodable>      <idatacodable name="7f000001f70d649100018721" javaclass="wm.b2b.editn.EDITransactionDocType">
        <value name="TypeID">7f000001f70d649100018721</value>
        <value name="TypeName">VICS 4020 180</value>
        <null name="TypeDescription"/>
        <idatacodable name="Deleted" javaclass="com.wm.data.MBoolean">
          <value name="MBoolean">false</value>
        </idatacodable>
        <value name="LastModified">2000-10-02 11:13:47.755</value>
        <value name="ValidationSvc">wm.b2b.editn:validateTransaction</value>
        <record name="PreProcessingFlags" javaclass="com.wm.app.tn.route.PreRoutingFlags">
          <value name="verify?">no</value>
          <value name="validate?">no</value>
          <value name="persist?">yes</value>
          <value name="unique?">no</value>
        </record>
        <value name="standard">VICS</value>
        <value name="version">4020</value>
        <value name="transaction">180</value>
      </idatacodable>      <idatacodable name="7f000001f70d649100018722" javaclass="wm.b2b.editn.EDITransactionDocType">
        <value name="TypeID">7f000001f70d649100018722</value>
        <value name="TypeName">VICS 4020 810</value>
        <null name="TypeDescription"/>
        <idatacodable name="Deleted" javaclass="com.wm.data.MBoolean">
          <value name="MBoolean">false</value>
        </idatacodable>
        <value name="LastModified">2000-10-02 11:13:47.755</value>
        <value name="ValidationSvc">wm.b2b.editn:validateTransaction</value>
        <record name="PreProcessingFlags" javaclass="com.wm.app.tn.route.PreRoutingFlags">
          <value name="verify?">no</value>
          <value name="validate?">no</value>
          <value name="persist?">yes</value>
          <value name="unique?">no</value>
        </record>
        <value name="standard">VICS</value>
        <value name="version">4020</value>
        <value name="transaction">810</value>
      </idatacodable>      <idatacodable name="7f000001f70d649100018723" javaclass="wm.b2b.editn.EDITransactionDocType">
        <value name="TypeID">7f000001f70d649100018723</value>
        <value name="TypeName">VICS 4020 812</value>
        <null name="TypeDescription"/>
        <idatacodable name="Deleted" javaclass="com.wm.data.MBoolean">
          <value name="MBoolean">false</value>
        </idatacodable>
        <value name="LastModified">2000-10-02 11:13:47.755</value>
        <value name="ValidationSvc">wm.b2b.editn:validateTransaction</value>
        <record name="PreProcessingFlags" javaclass="com.wm.app.tn.route.PreRoutingFlags">
          <value name="verify?">no</value>
          <value name="validate?">no</value>
          <value name="persist?">yes</value>
          <value name="unique?">no</value>
        </record>
        <value name="standard">VICS</value>
        <value name="version">4020</value>
        <value name="transaction">812</value>
      </idatacodable>      <idatacodable name="7f000001f70d649100018724" javaclass="wm.b2b.editn.EDITransactionDocType">
        <value name="TypeID">7f000001f70d649100018724</value>
        <value name="TypeName">VICS 4020 816</value>
        <null name="TypeDescription"/>
        <idatacodable name="Deleted" javaclass="com.wm.data.MBoolean">
          <value name="MBoolean">false</value>
        </idatacodable>
        <value name="LastModified">2000-10-02 11:13:47.755</value>
        <value name="ValidationSvc">wm.b2b.editn:validateTransaction</value>
        <record name="PreProcessingFlags" javaclass="com.wm.app.tn.route.PreRoutingFlags">
          <value name="verify?">no</value>
          <value name="validate?">no</value>
          <value name="persist?">yes</value>
          <value name="unique?">no</value>
        </record>
        <value name="standard">VICS</value>
        <value name="version">4020</value>
        <value name="transaction">816</value>
      </idatacodable>      <idatacodable name="7f000001f70d649100018725" javaclass="wm.b2b.editn.EDITransactionDocType">
        <value name="TypeID">7f000001f70d649100018725</value>
        <value name="TypeName">VICS 4020 818</value>
        <null name="TypeDescription"/>
        <idatacodable name="Deleted" javaclass="com.wm.data.MBoolean">
          <value name="MBoolean">false</value>
        </idatacodable>
        <value name="LastModified">2000-10-02 11:13:47.755</value>
        <value name="ValidationSvc">wm.b2b.editn:validateTransaction</value>
        <record name="PreProcessingFlags" javaclass="com.wm.app.tn.route.PreRoutingFlags">
          <value name="verify?">no</value>
          <value name="validate?">no</value>
          <value name="persist?">yes</value>
          <value name="unique?">no</value>
        </record>
        <value name="standard">VICS</value>
        <value name="version">4020</value>
        <value name="transaction">818</value>
      </idatacodable>      <idatacodable name="7f000001f70d649100018726" javaclass="wm.b2b.editn.EDITransactionDocType">
        <value name="TypeID">7f000001f70d649100018726</value>
        <value name="TypeName">VICS 4020 820</value>
        <null name="TypeDescription"/>
        <idatacodable name="Deleted" javaclass="com.wm.data.MBoolean">
          <value name="MBoolean">false</value>
        </idatacodable>
        <value name="LastModified">2000-10-02 11:13:47.755</value>
        <value name="ValidationSvc">wm.b2b.editn:validateTransaction</value>
        <record name="PreProcessingFlags" javaclass="com.wm.app.tn.route.PreRoutingFlags">
          <value name="verify?">no</value>
          <value name="validate?">no</value>
          <value name="persist?">yes</value>
          <value name="unique?">no</value>
        </record>
        <value name="standard">VICS</value>
        <value name="version">4020</value>
        <value name="transaction">820</value>
      </idatacodable>      <idatacodable name="7f000001f70d649100018727" javaclass="wm.b2b.editn.EDITransactionDocType">
        <value name="TypeID">7f000001f70d649100018727</value>
        <value name="TypeName">VICS 4020 824</value>
        <null name="TypeDescription"/>
        <idatacodable name="Deleted" javaclass="com.wm.data.MBoolean">
          <value name="MBoolean">false</value>
        </idatacodable>
        <value name="LastModified">2000-10-02 11:13:47.755</value>
        <value name="ValidationSvc">wm.b2b.editn:validateTransaction</value>
        <record name="PreProcessingFlags" javaclass="com.wm.app.tn.route.PreRoutingFlags">
          <value name="verify?">no</value>
          <value name="validate?">no</value>
          <value name="persist?">yes</value>
          <value name="unique?">no</value>
        </record>
        <value name="standard">VICS</value>
        <value name="version">4020</value>
        <value name="transaction">824</value>
      </idatacodable>      <idatacodable name="7f000001f70d649100018728" javaclass="wm.b2b.editn.EDITransactionDocType">
        <value name="TypeID">7f000001f70d649100018728</value>
        <value name="TypeName">VICS 4020 830</value>
        <null name="TypeDescription"/>
        <idatacodable name="Deleted" javaclass="com.wm.data.MBoolean">
          <value name="MBoolean">false</value>
        </idatacodable>
        <value name="LastModified">2000-10-02 11:13:47.755</value>
        <value name="ValidationSvc">wm.b2b.editn:validateTransaction</value>
        <record name="PreProcessingFlags" javaclass="com.wm.app.tn.route.PreRoutingFlags">
          <value name="verify?">no</value>
          <value name="validate?">no</value>
          <value name="persist?">yes</value>
          <value name="unique?">no</value>
        </record>
        <value name="standard">VICS</value>
        <value name="version">4020</value>
        <value name="transaction">830</value>
      </idatacodable>      <idatacodable name="7f000001f70d649100018729" javaclass="wm.b2b.editn.EDITransactionDocType">
        <value name="TypeID">7f000001f70d649100018729</value>
        <value name="TypeName">VICS 4020 831</value>
        <null name="TypeDescription"/>
        <idatacodable name="Deleted" javaclass="com.wm.data.MBoolean">
          <value name="MBoolean">false</value>
        </idatacodable>
        <value name="LastModified">2000-10-02 11:13:47.755</value>
        <value name="ValidationSvc">wm.b2b.editn:validateTransaction</value>
        <record name="PreProcessingFlags" javaclass="com.wm.app.tn.route.PreRoutingFlags">
          <value name="verify?">no</value>
          <value name="validate?">no</value>
          <value name="persist?">yes</value>
          <value name="unique?">no</value>
        </record>
        <value name="standard">VICS</value>
        <value name="version">4020</value>
        <value name="transaction">831</value>
      </idatacodable>      <idatacodable name="7f000001f70d649100018730" javaclass="wm.b2b.editn.EDITransactionDocType">
        <value name="TypeID">7f000001f70d649100018730</value>
        <value name="TypeName">VICS 4020 832</value>
        <null name="TypeDescription"/>
        <idatacodable name="Deleted" javaclass="com.wm.data.MBoolean">
          <value name="MBoolean">false</value>
        </idatacodable>
        <value name="LastModified">2000-10-02 11:13:47.755</value>
        <value name="ValidationSvc">wm.b2b.editn:validateTransaction</value>
        <record name="PreProcessingFlags" javaclass="com.wm.app.tn.route.PreRoutingFlags">
          <value name="verify?">no</value>
          <value name="validate?">no</value>
          <value name="persist?">yes</value>
          <value name="unique?">no</value>
        </record>
        <value name="standard">VICS</value>
        <value name="version">4020</value>
        <value name="transaction">832</value>
      </idatacodable>      <idatacodable name="7f000001f70d649100018731" javaclass="wm.b2b.editn.EDITransactionDocType">
        <value name="TypeID">7f000001f70d649100018731</value>
        <value name="TypeName">VICS 4020 840</value>
        <null name="TypeDescription"/>
        <idatacodable name="Deleted" javaclass="com.wm.data.MBoolean">
          <value name="MBoolean">false</value>
        </idatacodable>
        <value name="LastModified">2000-10-02 11:13:47.755</value>
        <value name="ValidationSvc">wm.b2b.editn:validateTransaction</value>
        <record name="PreProcessingFlags" javaclass="com.wm.app.tn.route.PreRoutingFlags">
          <value name="verify?">no</value>
          <value name="validate?">no</value>
          <value name="persist?">yes</value>
          <value name="unique?">no</value>
        </record>
        <value name="standard">VICS</value>
        <value name="version">4020</value>
        <value name="transaction">840</value>
      </idatacodable>      <idatacodable name="7f000001f70d649100018732" javaclass="wm.b2b.editn.EDITransactionDocType">
        <value name="TypeID">7f000001f70d649100018732</value>
        <value name="TypeName">VICS 4020 843</value>
        <null name="TypeDescription"/>
        <idatacodable name="Deleted" javaclass="com.wm.data.MBoolean">
          <value name="MBoolean">false</value>
        </idatacodable>
        <value name="LastModified">2000-10-02 11:13:47.755</value>
        <value name="ValidationSvc">wm.b2b.editn:validateTransaction</value>
        <record name="PreProcessingFlags" javaclass="com.wm.app.tn.route.PreRoutingFlags">
          <value name="verify?">no</value>
          <value name="validate?">no</value>
          <value name="persist?">yes</value>
          <value name="unique?">no</value>
        </record>
        <value name="standard">VICS</value>
        <value name="version">4020</value>
        <value name="transaction">843</value>
      </idatacodable>      <idatacodable name="7f000001f70d649100018733" javaclass="wm.b2b.editn.EDITransactionDocType">
        <value name="TypeID">7f000001f70d649100018733</value>
        <value name="TypeName">VICS 4020 846</value>
        <null name="TypeDescription"/>
        <idatacodable name="Deleted" javaclass="com.wm.data.MBoolean">
          <value name="MBoolean">false</value>
        </idatacodable>
        <value name="LastModified">2000-10-02 11:13:47.755</value>
        <value name="ValidationSvc">wm.b2b.editn:validateTransaction</value>
        <record name="PreProcessingFlags" javaclass="com.wm.app.tn.route.PreRoutingFlags">
          <value name="verify?">no</value>
          <value name="validate?">no</value>
          <value name="persist?">yes</value>
          <value name="unique?">no</value>
        </record>
        <value name="standard">VICS</value>
        <value name="version">4020</value>
        <value name="transaction">846</value>
      </idatacodable>      <idatacodable name="7f000001f70d649100018734" javaclass="wm.b2b.editn.EDITransactionDocType">
        <value name="TypeID">7f000001f70d649100018734</value>
        <value name="TypeName">VICS 4020 850</value>
        <null name="TypeDescription"/>
        <idatacodable name="Deleted" javaclass="com.wm.data.MBoolean">
          <value name="MBoolean">false</value>
        </idatacodable>
        <value name="LastModified">2000-10-02 11:13:47.755</value>
        <value name="ValidationSvc">wm.b2b.editn:validateTransaction</value>
        <record name="PreProcessingFlags" javaclass="com.wm.app.tn.route.PreRoutingFlags">
          <value name="verify?">no</value>
          <value name="validate?">no</value>
          <value name="persist?">yes</value>
          <value name="unique?">no</value>
        </record>
        <value name="standard">VICS</value>
        <value name="version">4020</value>
        <value name="transaction">850</value>
      </idatacodable>      <idatacodable name="7f000001f70d649100018735" javaclass="wm.b2b.editn.EDITransactionDocType">
        <value name="TypeID">7f000001f70d649100018735</value>
        <value name="TypeName">VICS 4020 852</value>
        <null name="TypeDescription"/>
        <idatacodable name="Deleted" javaclass="com.wm.data.MBoolean">
          <value name="MBoolean">false</value>
        </idatacodable>
        <value name="LastModified">2000-10-02 11:13:47.755</value>
        <value name="ValidationSvc">wm.b2b.editn:validateTransaction</value>
        <record name="PreProcessingFlags" javaclass="com.wm.app.tn.route.PreRoutingFlags">
          <value name="verify?">no</value>
          <value name="validate?">no</value>
          <value name="persist?">yes</value>
          <value name="unique?">no</value>
        </record>
        <value name="standard">VICS</value>
        <value name="version">4020</value>
        <value name="transaction">852</value>
      </idatacodable>      <idatacodable name="7f000001f70d649100018736" javaclass="wm.b2b.editn.EDITransactionDocType">
        <value name="TypeID">7f000001f70d649100018736</value>
        <value name="TypeName">VICS 4020 853</value>
        <null name="TypeDescription"/>
        <idatacodable name="Deleted" javaclass="com.wm.data.MBoolean">
          <value name="MBoolean">false</value>
        </idatacodable>
        <value name="LastModified">2000-10-02 11:13:47.755</value>
        <value name="ValidationSvc">wm.b2b.editn:validateTransaction</value>
        <record name="PreProcessingFlags" javaclass="com.wm.app.tn.route.PreRoutingFlags">
          <value name="verify?">no</value>
          <value name="validate?">no</value>
          <value name="persist?">yes</value>
          <value name="unique?">no</value>
        </record>
        <value name="standard">VICS</value>
        <value name="version">4020</value>
        <value name="transaction">853</value>
      </idatacodable>      <idatacodable name="7f000001f70d649100018737" javaclass="wm.b2b.editn.EDITransactionDocType">
        <value name="TypeID">7f000001f70d649100018737</value>
        <value name="TypeName">VICS 4020 855</value>
        <null name="TypeDescription"/>
        <idatacodable name="Deleted" javaclass="com.wm.data.MBoolean">
          <value name="MBoolean">false</value>
        </idatacodable>
        <value name="LastModified">2000-10-02 11:13:47.755</value>
        <value name="ValidationSvc">wm.b2b.editn:validateTransaction</value>
        <record name="PreProcessingFlags" javaclass="com.wm.app.tn.route.PreRoutingFlags">
          <value name="verify?">no</value>
          <value name="validate?">no</value>
          <value name="persist?">yes</value>
          <value name="unique?">no</value>
        </record>
        <value name="standard">VICS</value>
        <value name="version">4020</value>
        <value name="transaction">855</value>
      </idatacodable>      <idatacodable name="7f000001f70d649100018738" javaclass="wm.b2b.editn.EDITransactionDocType">
        <value name="TypeID">7f000001f70d649100018738</value>
        <value name="TypeName">VICS 4020 856</value>
        <null name="TypeDescription"/>
        <idatacodable name="Deleted" javaclass="com.wm.data.MBoolean">
          <value name="MBoolean">false</value>
        </idatacodable>
        <value name="LastModified">2000-10-02 11:13:47.755</value>
        <value name="ValidationSvc">wm.b2b.editn:validateTransaction</value>
        <record name="PreProcessingFlags" javaclass="com.wm.app.tn.route.PreRoutingFlags">
          <value name="verify?">no</value>
          <value name="validate?">no</value>
          <value name="persist?">yes</value>
          <value name="unique?">no</value>
        </record>
        <value name="standard">VICS</value>
        <value name="version">4020</value>
        <value name="transaction">856</value>
      </idatacodable>      <idatacodable name="7f000001f70d649100018739" javaclass="wm.b2b.editn.EDITransactionDocType">
        <value name="TypeID">7f000001f70d649100018739</value>
        <value name="TypeName">VICS 4020 860</value>
        <null name="TypeDescription"/>
        <idatacodable name="Deleted" javaclass="com.wm.data.MBoolean">
          <value name="MBoolean">false</value>
        </idatacodable>
        <value name="LastModified">2000-10-02 11:13:47.755</value>
        <value name="ValidationSvc">wm.b2b.editn:validateTransaction</value>
        <record name="PreProcessingFlags" javaclass="com.wm.app.tn.route.PreRoutingFlags">
          <value name="verify?">no</value>
          <value name="validate?">no</value>
          <value name="persist?">yes</value>
          <value name="unique?">no</value>
        </record>
        <value name="standard">VICS</value>
        <value name="version">4020</value>
        <value name="transaction">860</value>
      </idatacodable>      <idatacodable name="7f000001f70d649100018740" javaclass="wm.b2b.editn.EDITransactionDocType">
        <value name="TypeID">7f000001f70d649100018740</value>
        <value name="TypeName">VICS 4020 861</value>
        <null name="TypeDescription"/>
        <idatacodable name="Deleted" javaclass="com.wm.data.MBoolean">
          <value name="MBoolean">false</value>
        </idatacodable>
        <value name="LastModified">2000-10-02 11:13:47.755</value>
        <value name="ValidationSvc">wm.b2b.editn:validateTransaction</value>
        <record name="PreProcessingFlags" javaclass="com.wm.app.tn.route.PreRoutingFlags">
          <value name="verify?">no</value>
          <value name="validate?">no</value>
          <value name="persist?">yes</value>
          <value name="unique?">no</value>
        </record>
        <value name="standard">VICS</value>
        <value name="version">4020</value>
        <value name="transaction">861</value>
      </idatacodable>      <idatacodable name="7f000001f70d649100018741" javaclass="wm.b2b.editn.EDITransactionDocType">
        <value name="TypeID">7f000001f70d649100018741</value>
        <value name="TypeName">VICS 4020 864</value>
        <null name="TypeDescription"/>
        <idatacodable name="Deleted" javaclass="com.wm.data.MBoolean">
          <value name="MBoolean">false</value>
        </idatacodable>
        <value name="LastModified">2000-10-02 11:13:47.755</value>
        <value name="ValidationSvc">wm.b2b.editn:validateTransaction</value>
        <record name="PreProcessingFlags" javaclass="com.wm.app.tn.route.PreRoutingFlags">
          <value name="verify?">no</value>
          <value name="validate?">no</value>
          <value name="persist?">yes</value>
          <value name="unique?">no</value>
        </record>
        <value name="standard">VICS</value>
        <value name="version">4020</value>
        <value name="transaction">864</value>
      </idatacodable>      <idatacodable name="7f000001f70d649100018742" javaclass="wm.b2b.editn.EDITransactionDocType">
        <value name="TypeID">7f000001f70d649100018742</value>
        <value name="TypeName">VICS 4020 869</value>
        <null name="TypeDescription"/>
        <idatacodable name="Deleted" javaclass="com.wm.data.MBoolean">
          <value name="MBoolean">false</value>
        </idatacodable>
        <value name="LastModified">2000-10-02 11:13:47.755</value>
        <value name="ValidationSvc">wm.b2b.editn:validateTransaction</value>
        <record name="PreProcessingFlags" javaclass="com.wm.app.tn.route.PreRoutingFlags">
          <value name="verify?">no</value>
          <value name="validate?">no</value>
          <value name="persist?">yes</value>
          <value name="unique?">no</value>
        </record>
        <value name="standard">VICS</value>
        <value name="version">4020</value>
        <value name="transaction">869</value>
      </idatacodable>      <idatacodable name="7f000001f70d649100018743" javaclass="wm.b2b.editn.EDITransactionDocType">
        <value name="TypeID">7f000001f70d649100018743</value>
        <value name="TypeName">VICS 4020 870</value>
        <null name="TypeDescription"/>
        <idatacodable name="Deleted" javaclass="com.wm.data.MBoolean">
          <value name="MBoolean">false</value>
        </idatacodable>
        <value name="LastModified">2000-10-02 11:13:47.755</value>
        <value name="ValidationSvc">wm.b2b.editn:validateTransaction</value>
        <record name="PreProcessingFlags" javaclass="com.wm.app.tn.route.PreRoutingFlags">
          <value name="verify?">no</value>
          <value name="validate?">no</value>
          <value name="persist?">yes</value>
          <value name="unique?">no</value>
        </record>
        <value name="standard">VICS</value>
        <value name="version">4020</value>
        <value name="transaction">870</value>
      </idatacodable>      <idatacodable name="7f000001f70d649100018744" javaclass="wm.b2b.editn.EDITransactionDocType">
        <value name="TypeID">7f000001f70d649100018744</value>
        <value name="TypeName">VICS 4020 882</value>
        <null name="TypeDescription"/>
        <idatacodable name="Deleted" javaclass="com.wm.data.MBoolean">
          <value name="MBoolean">false</value>
        </idatacodable>
        <value name="LastModified">2000-10-02 11:13:47.755</value>
        <value name="ValidationSvc">wm.b2b.editn:validateTransaction</value>
        <record name="PreProcessingFlags" javaclass="com.wm.app.tn.route.PreRoutingFlags">
          <value name="verify?">no</value>
          <value name="validate?">no</value>
          <value name="persist?">yes</value>
          <value name="unique?">no</value>
        </record>
        <value name="standard">VICS</value>
        <value name="version">4020</value>
        <value name="transaction">882</value>
      </idatacodable>      <idatacodable name="7f000001f70d649100018745" javaclass="wm.b2b.editn.EDITransactionDocType">
        <value name="TypeID">7f000001f70d649100018745</value>
        <value name="TypeName">VICS 4020 889</value>
        <null name="TypeDescription"/>
        <idatacodable name="Deleted" javaclass="com.wm.data.MBoolean">
          <value name="MBoolean">false</value>
        </idatacodable>
        <value name="LastModified">2000-10-02 11:13:47.755</value>
        <value name="ValidationSvc">wm.b2b.editn:validateTransaction</value>
        <record name="PreProcessingFlags" javaclass="com.wm.app.tn.route.PreRoutingFlags">
          <value name="verify?">no</value>
          <value name="validate?">no</value>
          <value name="persist?">yes</value>
          <value name="unique?">no</value>
        </record>
        <value name="standard">VICS</value>
        <value name="version">4020</value>
        <value name="transaction">889</value>
      </idatacodable>      <idatacodable name="7f000001f70d649100018746" javaclass="wm.b2b.editn.EDITransactionDocType">
        <value name="TypeID">7f000001f70d649100018746</value>
        <value name="TypeName">VICS 4020 893</value>
        <null name="TypeDescription"/>
        <idatacodable name="Deleted" javaclass="com.wm.data.MBoolean">
          <value name="MBoolean">false</value>
        </idatacodable>
        <value name="LastModified">2000-10-02 11:13:47.755</value>
        <value name="ValidationSvc">wm.b2b.editn:validateTransaction</value>
        <record name="PreProcessingFlags" javaclass="com.wm.app.tn.route.PreRoutingFlags">
          <value name="verify?">no</value>
          <value name="validate?">no</value>
          <value name="persist?">yes</value>
          <value name="unique?">no</value>
        </record>
        <value name="standard">VICS</value>
        <value name="version">4020</value>
        <value name="transaction">893</value>
      </idatacodable>      <idatacodable name="7f000001f70d649100018747" javaclass="wm.b2b.editn.EDITransactionDocType">
        <value name="TypeID">7f000001f70d649100018747</value>
        <value name="TypeName">VICS 4020 940</value>
        <null name="TypeDescription"/>
        <idatacodable name="Deleted" javaclass="com.wm.data.MBoolean">
          <value name="MBoolean">false</value>
        </idatacodable>
        <value name="LastModified">2000-10-02 11:13:47.755</value>
        <value name="ValidationSvc">wm.b2b.editn:validateTransaction</value>
        <record name="PreProcessingFlags" javaclass="com.wm.app.tn.route.PreRoutingFlags">
          <value name="verify?">no</value>
          <value name="validate?">no</value>
          <value name="persist?">yes</value>
          <value name="unique?">no</value>
        </record>
        <value name="standard">VICS</value>
        <value name="version">4020</value>
        <value name="transaction">940</value>
      </idatacodable>      <idatacodable name="7f000001f70d649100018748" javaclass="wm.b2b.editn.EDITransactionDocType">
        <value name="TypeID">7f000001f70d649100018748</value>
        <value name="TypeName">VICS 4020 947</value>
        <null name="TypeDescription"/>
        <idatacodable name="Deleted" javaclass="com.wm.data.MBoolean">
          <value name="MBoolean">false</value>
        </idatacodable>
        <value name="LastModified">2000-10-02 11:13:47.755</value>
        <value name="ValidationSvc">wm.b2b.editn:validateTransaction</value>
        <record name="PreProcessingFlags" javaclass="com.wm.app.tn.route.PreRoutingFlags">
          <value name="verify?">no</value>
          <value name="validate?">no</value>
          <value name="persist?">yes</value>
          <value name="unique?">no</value>
        </record>
        <value name="standard">VICS</value>
        <value name="version">4020</value>
        <value name="transaction">947</value>
      </idatacodable>      <idatacodable name="7f000001f70d649100018749" javaclass="wm.b2b.editn.EDITransactionDocType">
        <value name="TypeID">7f000001f70d649100018749</value>
        <value name="TypeName">VICS 4020 997</value>
        <null name="TypeDescription"/>
        <idatacodable name="Deleted" javaclass="com.wm.data.MBoolean">
          <value name="MBoolean">false</value>
        </idatacodable>
        <value name="LastModified">2000-10-02 11:13:47.755</value>
        <value name="ValidationSvc">wm.b2b.editn:validateTransaction</value>
        <record name="PreProcessingFlags" javaclass="com.wm.app.tn.route.PreRoutingFlags">
          <value name="verify?">no</value>
          <value name="validate?">no</value>
          <value name="persist?">yes</value>
          <value name="unique?">no</value>
        </record>
        <value name="standard">VICS</value>
        <value name="version">4020</value>
        <value name="transaction">997</value>
      </idatacodable>    </record>
  </record>
</IDataXMLCoder>
