<?xml version="1.0" encoding="UTF-8"?>

	<IDataXMLCoder version="1.0">
		<record javaclass="com.wm.data.BasicData">
			<record name="version" javaclass="com.wm.data.BasicData">
				<value name="major">1</value>
				<value name="minor">0</value>
			</record>
		<record name="types" javaclass="com.wm.data.BasicData">

				<idatacodable name="53o75f005cuo97el0000006p" javaclass="wm.b2b.editn.EDITransactionDocType">
					<value name="TypeID">53o75f005cuo97el0000006p</value>
					<value name="TypeName">VICS 4030 102</value>
					<null name="TypeDescription"/>
					<idatacodable name="Deleted" javaclass="com.wm.data.MBoolean">
						<value name="MBoolean">false</value>
					</idatacodable>
					<value name="LastModified">2010-09-23 13:05:22.837</value>
					<value name="ValidationSvc">wm.b2b.editn:validateTransaction</value>
					<record name="PreProcessingFlags" javaclass="com.wm.app.tn.route.PreRoutingFlags">
						<value name="verify?">no</value>
						<value name="validate?">no</value>
						<value name="persist?">yes</value>
						<value name="unique?">no</value>
					</record>
					<value name="standard">VICS</value>
					<value name="version">4030</value>
					<value name="transaction">102</value>
				</idatacodable>
				<idatacodable name="53o75f005cuo97el0000006q" javaclass="wm.b2b.editn.EDITransactionDocType">
					<value name="TypeID">53o75f005cuo97el0000006q</value>
					<value name="TypeName">VICS 4030 180</value>
					<null name="TypeDescription"/>
					<idatacodable name="Deleted" javaclass="com.wm.data.MBoolean">
						<value name="MBoolean">false</value>
					</idatacodable>
					<value name="LastModified">2010-09-23 13:05:22.837</value>
					<value name="ValidationSvc">wm.b2b.editn:validateTransaction</value>
					<record name="PreProcessingFlags" javaclass="com.wm.app.tn.route.PreRoutingFlags">
						<value name="verify?">no</value>
						<value name="validate?">no</value>
						<value name="persist?">yes</value>
						<value name="unique?">no</value>
					</record>
					<value name="standard">VICS</value>
					<value name="version">4030</value>
					<value name="transaction">180</value>
				</idatacodable>
				<idatacodable name="53o75f005cuo97el0000006r" javaclass="wm.b2b.editn.EDITransactionDocType">
					<value name="TypeID">53o75f005cuo97el0000006r</value>
					<value name="TypeName">VICS 4030 753</value>
					<null name="TypeDescription"/>
					<idatacodable name="Deleted" javaclass="com.wm.data.MBoolean">
						<value name="MBoolean">false</value>
					</idatacodable>
					<value name="LastModified">2010-09-23 13:05:22.837</value>
					<value name="ValidationSvc">wm.b2b.editn:validateTransaction</value>
					<record name="PreProcessingFlags" javaclass="com.wm.app.tn.route.PreRoutingFlags">
						<value name="verify?">no</value>
						<value name="validate?">no</value>
						<value name="persist?">yes</value>
						<value name="unique?">no</value>
					</record>
					<value name="standard">VICS</value>
					<value name="version">4030</value>
					<value name="transaction">753</value>
				</idatacodable>
				<idatacodable name="53o75f005cuo97el0000006s" javaclass="wm.b2b.editn.EDITransactionDocType">
					<value name="TypeID">53o75f005cuo97el0000006s</value>
					<value name="TypeName">VICS 4030 754</value>
					<null name="TypeDescription"/>
					<idatacodable name="Deleted" javaclass="com.wm.data.MBoolean">
						<value name="MBoolean">false</value>
					</idatacodable>
					<value name="LastModified">2010-09-23 13:05:22.837</value>
					<value name="ValidationSvc">wm.b2b.editn:validateTransaction</value>
					<record name="PreProcessingFlags" javaclass="com.wm.app.tn.route.PreRoutingFlags">
						<value name="verify?">no</value>
						<value name="validate?">no</value>
						<value name="persist?">yes</value>
						<value name="unique?">no</value>
					</record>
					<value name="standard">VICS</value>
					<value name="version">4030</value>
					<value name="transaction">754</value>
				</idatacodable>
				<idatacodable name="53o75f005cuo97el0000006t" javaclass="wm.b2b.editn.EDITransactionDocType">
					<value name="TypeID">53o75f005cuo97el0000006t</value>
					<value name="TypeName">VICS 4030 810</value>
					<null name="TypeDescription"/>
					<idatacodable name="Deleted" javaclass="com.wm.data.MBoolean">
						<value name="MBoolean">false</value>
					</idatacodable>
					<value name="LastModified">2010-09-23 13:05:22.837</value>
					<value name="ValidationSvc">wm.b2b.editn:validateTransaction</value>
					<record name="PreProcessingFlags" javaclass="com.wm.app.tn.route.PreRoutingFlags">
						<value name="verify?">no</value>
						<value name="validate?">no</value>
						<value name="persist?">yes</value>
						<value name="unique?">no</value>
					</record>
					<value name="standard">VICS</value>
					<value name="version">4030</value>
					<value name="transaction">810</value>
				</idatacodable>
				<idatacodable name="53o75f005cuo97el0000006u" javaclass="wm.b2b.editn.EDITransactionDocType">
					<value name="TypeID">53o75f005cuo97el0000006u</value>
					<value name="TypeName">VICS 4030 812</value>
					<null name="TypeDescription"/>
					<idatacodable name="Deleted" javaclass="com.wm.data.MBoolean">
						<value name="MBoolean">false</value>
					</idatacodable>
					<value name="LastModified">2010-09-23 13:05:22.837</value>
					<value name="ValidationSvc">wm.b2b.editn:validateTransaction</value>
					<record name="PreProcessingFlags" javaclass="com.wm.app.tn.route.PreRoutingFlags">
						<value name="verify?">no</value>
						<value name="validate?">no</value>
						<value name="persist?">yes</value>
						<value name="unique?">no</value>
					</record>
					<value name="standard">VICS</value>
					<value name="version">4030</value>
					<value name="transaction">812</value>
				</idatacodable>
				<idatacodable name="53o75f005cuo97el0000006v" javaclass="wm.b2b.editn.EDITransactionDocType">
					<value name="TypeID">53o75f005cuo97el0000006v</value>
					<value name="TypeName">VICS 4030 816</value>
					<null name="TypeDescription"/>
					<idatacodable name="Deleted" javaclass="com.wm.data.MBoolean">
						<value name="MBoolean">false</value>
					</idatacodable>
					<value name="LastModified">2010-09-23 13:05:22.837</value>
					<value name="ValidationSvc">wm.b2b.editn:validateTransaction</value>
					<record name="PreProcessingFlags" javaclass="com.wm.app.tn.route.PreRoutingFlags">
						<value name="verify?">no</value>
						<value name="validate?">no</value>
						<value name="persist?">yes</value>
						<value name="unique?">no</value>
					</record>
					<value name="standard">VICS</value>
					<value name="version">4030</value>
					<value name="transaction">816</value>
				</idatacodable>
				<idatacodable name="53o75f005cuo97el00000070" javaclass="wm.b2b.editn.EDITransactionDocType">
					<value name="TypeID">53o75f005cuo97el00000070</value>
					<value name="TypeName">VICS 4030 818</value>
					<null name="TypeDescription"/>
					<idatacodable name="Deleted" javaclass="com.wm.data.MBoolean">
						<value name="MBoolean">false</value>
					</idatacodable>
					<value name="LastModified">2010-09-23 13:05:22.837</value>
					<value name="ValidationSvc">wm.b2b.editn:validateTransaction</value>
					<record name="PreProcessingFlags" javaclass="com.wm.app.tn.route.PreRoutingFlags">
						<value name="verify?">no</value>
						<value name="validate?">no</value>
						<value name="persist?">yes</value>
						<value name="unique?">no</value>
					</record>
					<value name="standard">VICS</value>
					<value name="version">4030</value>
					<value name="transaction">818</value>
				</idatacodable>
				<idatacodable name="53o75f005cuo97el00000071" javaclass="wm.b2b.editn.EDITransactionDocType">
					<value name="TypeID">53o75f005cuo97el00000071</value>
					<value name="TypeName">VICS 4030 820</value>
					<null name="TypeDescription"/>
					<idatacodable name="Deleted" javaclass="com.wm.data.MBoolean">
						<value name="MBoolean">false</value>
					</idatacodable>
					<value name="LastModified">2010-09-23 13:05:22.837</value>
					<value name="ValidationSvc">wm.b2b.editn:validateTransaction</value>
					<record name="PreProcessingFlags" javaclass="com.wm.app.tn.route.PreRoutingFlags">
						<value name="verify?">no</value>
						<value name="validate?">no</value>
						<value name="persist?">yes</value>
						<value name="unique?">no</value>
					</record>
					<value name="standard">VICS</value>
					<value name="version">4030</value>
					<value name="transaction">820</value>
				</idatacodable>
				<idatacodable name="53o75f005cuo97el00000072" javaclass="wm.b2b.editn.EDITransactionDocType">
					<value name="TypeID">53o75f005cuo97el00000072</value>
					<value name="TypeName">VICS 4030 824</value>
					<null name="TypeDescription"/>
					<idatacodable name="Deleted" javaclass="com.wm.data.MBoolean">
						<value name="MBoolean">false</value>
					</idatacodable>
					<value name="LastModified">2010-09-23 13:05:22.837</value>
					<value name="ValidationSvc">wm.b2b.editn:validateTransaction</value>
					<record name="PreProcessingFlags" javaclass="com.wm.app.tn.route.PreRoutingFlags">
						<value name="verify?">no</value>
						<value name="validate?">no</value>
						<value name="persist?">yes</value>
						<value name="unique?">no</value>
					</record>
					<value name="standard">VICS</value>
					<value name="version">4030</value>
					<value name="transaction">824</value>
				</idatacodable>
				<idatacodable name="53o75f005cuo97el00000073" javaclass="wm.b2b.editn.EDITransactionDocType">
					<value name="TypeID">53o75f005cuo97el00000073</value>
					<value name="TypeName">VICS 4030 830</value>
					<null name="TypeDescription"/>
					<idatacodable name="Deleted" javaclass="com.wm.data.MBoolean">
						<value name="MBoolean">false</value>
					</idatacodable>
					<value name="LastModified">2010-09-23 13:05:22.837</value>
					<value name="ValidationSvc">wm.b2b.editn:validateTransaction</value>
					<record name="PreProcessingFlags" javaclass="com.wm.app.tn.route.PreRoutingFlags">
						<value name="verify?">no</value>
						<value name="validate?">no</value>
						<value name="persist?">yes</value>
						<value name="unique?">no</value>
					</record>
					<value name="standard">VICS</value>
					<value name="version">4030</value>
					<value name="transaction">830</value>
				</idatacodable>
				<idatacodable name="53o75f005cuo97el00000074" javaclass="wm.b2b.editn.EDITransactionDocType">
					<value name="TypeID">53o75f005cuo97el00000074</value>
					<value name="TypeName">VICS 4030 831</value>
					<null name="TypeDescription"/>
					<idatacodable name="Deleted" javaclass="com.wm.data.MBoolean">
						<value name="MBoolean">false</value>
					</idatacodable>
					<value name="LastModified">2010-09-23 13:05:22.837</value>
					<value name="ValidationSvc">wm.b2b.editn:validateTransaction</value>
					<record name="PreProcessingFlags" javaclass="com.wm.app.tn.route.PreRoutingFlags">
						<value name="verify?">no</value>
						<value name="validate?">no</value>
						<value name="persist?">yes</value>
						<value name="unique?">no</value>
					</record>
					<value name="standard">VICS</value>
					<value name="version">4030</value>
					<value name="transaction">831</value>
				</idatacodable>
				<idatacodable name="53o75f005cuo97el00000075" javaclass="wm.b2b.editn.EDITransactionDocType">
					<value name="TypeID">53o75f005cuo97el00000075</value>
					<value name="TypeName">VICS 4030 832</value>
					<null name="TypeDescription"/>
					<idatacodable name="Deleted" javaclass="com.wm.data.MBoolean">
						<value name="MBoolean">false</value>
					</idatacodable>
					<value name="LastModified">2010-09-23 13:05:22.837</value>
					<value name="ValidationSvc">wm.b2b.editn:validateTransaction</value>
					<record name="PreProcessingFlags" javaclass="com.wm.app.tn.route.PreRoutingFlags">
						<value name="verify?">no</value>
						<value name="validate?">no</value>
						<value name="persist?">yes</value>
						<value name="unique?">no</value>
					</record>
					<value name="standard">VICS</value>
					<value name="version">4030</value>
					<value name="transaction">832</value>
				</idatacodable>
				<idatacodable name="53o75f005cuo97el00000076" javaclass="wm.b2b.editn.EDITransactionDocType">
					<value name="TypeID">53o75f005cuo97el00000076</value>
					<value name="TypeName">VICS 4030 846</value>
					<null name="TypeDescription"/>
					<idatacodable name="Deleted" javaclass="com.wm.data.MBoolean">
						<value name="MBoolean">false</value>
					</idatacodable>
					<value name="LastModified">2010-09-23 13:05:22.837</value>
					<value name="ValidationSvc">wm.b2b.editn:validateTransaction</value>
					<record name="PreProcessingFlags" javaclass="com.wm.app.tn.route.PreRoutingFlags">
						<value name="verify?">no</value>
						<value name="validate?">no</value>
						<value name="persist?">yes</value>
						<value name="unique?">no</value>
					</record>
					<value name="standard">VICS</value>
					<value name="version">4030</value>
					<value name="transaction">846</value>
				</idatacodable>
				<idatacodable name="53o75f005cuo97el00000077" javaclass="wm.b2b.editn.EDITransactionDocType">
					<value name="TypeID">53o75f005cuo97el00000077</value>
					<value name="TypeName">VICS 4030 850</value>
					<null name="TypeDescription"/>
					<idatacodable name="Deleted" javaclass="com.wm.data.MBoolean">
						<value name="MBoolean">false</value>
					</idatacodable>
					<value name="LastModified">2010-09-23 13:05:22.837</value>
					<value name="ValidationSvc">wm.b2b.editn:validateTransaction</value>
					<record name="PreProcessingFlags" javaclass="com.wm.app.tn.route.PreRoutingFlags">
						<value name="verify?">no</value>
						<value name="validate?">no</value>
						<value name="persist?">yes</value>
						<value name="unique?">no</value>
					</record>
					<value name="standard">VICS</value>
					<value name="version">4030</value>
					<value name="transaction">850</value>
				</idatacodable>
				<idatacodable name="53o75f005cuo97el00000078" javaclass="wm.b2b.editn.EDITransactionDocType">
					<value name="TypeID">53o75f005cuo97el00000078</value>
					<value name="TypeName">VICS 4030 852</value>
					<null name="TypeDescription"/>
					<idatacodable name="Deleted" javaclass="com.wm.data.MBoolean">
						<value name="MBoolean">false</value>
					</idatacodable>
					<value name="LastModified">2010-09-23 13:05:22.837</value>
					<value name="ValidationSvc">wm.b2b.editn:validateTransaction</value>
					<record name="PreProcessingFlags" javaclass="com.wm.app.tn.route.PreRoutingFlags">
						<value name="verify?">no</value>
						<value name="validate?">no</value>
						<value name="persist?">yes</value>
						<value name="unique?">no</value>
					</record>
					<value name="standard">VICS</value>
					<value name="version">4030</value>
					<value name="transaction">852</value>
				</idatacodable>
				<idatacodable name="53o75f005cuo97el00000079" javaclass="wm.b2b.editn.EDITransactionDocType">
					<value name="TypeID">53o75f005cuo97el00000079</value>
					<value name="TypeName">VICS 4030 853</value>
					<null name="TypeDescription"/>
					<idatacodable name="Deleted" javaclass="com.wm.data.MBoolean">
						<value name="MBoolean">false</value>
					</idatacodable>
					<value name="LastModified">2010-09-23 13:05:22.837</value>
					<value name="ValidationSvc">wm.b2b.editn:validateTransaction</value>
					<record name="PreProcessingFlags" javaclass="com.wm.app.tn.route.PreRoutingFlags">
						<value name="verify?">no</value>
						<value name="validate?">no</value>
						<value name="persist?">yes</value>
						<value name="unique?">no</value>
					</record>
					<value name="standard">VICS</value>
					<value name="version">4030</value>
					<value name="transaction">853</value>
				</idatacodable>
				<idatacodable name="53o75f005cuo97el0000007a" javaclass="wm.b2b.editn.EDITransactionDocType">
					<value name="TypeID">53o75f005cuo97el0000007a</value>
					<value name="TypeName">VICS 4030 855</value>
					<null name="TypeDescription"/>
					<idatacodable name="Deleted" javaclass="com.wm.data.MBoolean">
						<value name="MBoolean">false</value>
					</idatacodable>
					<value name="LastModified">2010-09-23 13:05:22.837</value>
					<value name="ValidationSvc">wm.b2b.editn:validateTransaction</value>
					<record name="PreProcessingFlags" javaclass="com.wm.app.tn.route.PreRoutingFlags">
						<value name="verify?">no</value>
						<value name="validate?">no</value>
						<value name="persist?">yes</value>
						<value name="unique?">no</value>
					</record>
					<value name="standard">VICS</value>
					<value name="version">4030</value>
					<value name="transaction">855</value>
				</idatacodable>
				<idatacodable name="53o75f005cuo97el0000007b" javaclass="wm.b2b.editn.EDITransactionDocType">
					<value name="TypeID">53o75f005cuo97el0000007b</value>
					<value name="TypeName">VICS 4030 856</value>
					<null name="TypeDescription"/>
					<idatacodable name="Deleted" javaclass="com.wm.data.MBoolean">
						<value name="MBoolean">false</value>
					</idatacodable>
					<value name="LastModified">2010-09-23 13:05:22.837</value>
					<value name="ValidationSvc">wm.b2b.editn:validateTransaction</value>
					<record name="PreProcessingFlags" javaclass="com.wm.app.tn.route.PreRoutingFlags">
						<value name="verify?">no</value>
						<value name="validate?">no</value>
						<value name="persist?">yes</value>
						<value name="unique?">no</value>
					</record>
					<value name="standard">VICS</value>
					<value name="version">4030</value>
					<value name="transaction">856</value>
				</idatacodable>
				<idatacodable name="53o75f005cuo97el0000007c" javaclass="wm.b2b.editn.EDITransactionDocType">
					<value name="TypeID">53o75f005cuo97el0000007c</value>
					<value name="TypeName">VICS 4030 860</value>
					<null name="TypeDescription"/>
					<idatacodable name="Deleted" javaclass="com.wm.data.MBoolean">
						<value name="MBoolean">false</value>
					</idatacodable>
					<value name="LastModified">2010-09-23 13:05:22.837</value>
					<value name="ValidationSvc">wm.b2b.editn:validateTransaction</value>
					<record name="PreProcessingFlags" javaclass="com.wm.app.tn.route.PreRoutingFlags">
						<value name="verify?">no</value>
						<value name="validate?">no</value>
						<value name="persist?">yes</value>
						<value name="unique?">no</value>
					</record>
					<value name="standard">VICS</value>
					<value name="version">4030</value>
					<value name="transaction">860</value>
				</idatacodable>
				<idatacodable name="53o75f005cuo97el0000007d" javaclass="wm.b2b.editn.EDITransactionDocType">
					<value name="TypeID">53o75f005cuo97el0000007d</value>
					<value name="TypeName">VICS 4030 861</value>
					<null name="TypeDescription"/>
					<idatacodable name="Deleted" javaclass="com.wm.data.MBoolean">
						<value name="MBoolean">false</value>
					</idatacodable>
					<value name="LastModified">2010-09-23 13:05:22.837</value>
					<value name="ValidationSvc">wm.b2b.editn:validateTransaction</value>
					<record name="PreProcessingFlags" javaclass="com.wm.app.tn.route.PreRoutingFlags">
						<value name="verify?">no</value>
						<value name="validate?">no</value>
						<value name="persist?">yes</value>
						<value name="unique?">no</value>
					</record>
					<value name="standard">VICS</value>
					<value name="version">4030</value>
					<value name="transaction">861</value>
				</idatacodable>
				<idatacodable name="53o75f005cuo97el0000007e" javaclass="wm.b2b.editn.EDITransactionDocType">
					<value name="TypeID">53o75f005cuo97el0000007e</value>
					<value name="TypeName">VICS 4030 864</value>
					<null name="TypeDescription"/>
					<idatacodable name="Deleted" javaclass="com.wm.data.MBoolean">
						<value name="MBoolean">false</value>
					</idatacodable>
					<value name="LastModified">2010-09-23 13:05:22.837</value>
					<value name="ValidationSvc">wm.b2b.editn:validateTransaction</value>
					<record name="PreProcessingFlags" javaclass="com.wm.app.tn.route.PreRoutingFlags">
						<value name="verify?">no</value>
						<value name="validate?">no</value>
						<value name="persist?">yes</value>
						<value name="unique?">no</value>
					</record>
					<value name="standard">VICS</value>
					<value name="version">4030</value>
					<value name="transaction">864</value>
				</idatacodable>
				<idatacodable name="53o75f005cuo97el0000007f" javaclass="wm.b2b.editn.EDITransactionDocType">
					<value name="TypeID">53o75f005cuo97el0000007f</value>
					<value name="TypeName">VICS 4030 869</value>
					<null name="TypeDescription"/>
					<idatacodable name="Deleted" javaclass="com.wm.data.MBoolean">
						<value name="MBoolean">false</value>
					</idatacodable>
					<value name="LastModified">2010-09-23 13:05:22.837</value>
					<value name="ValidationSvc">wm.b2b.editn:validateTransaction</value>
					<record name="PreProcessingFlags" javaclass="com.wm.app.tn.route.PreRoutingFlags">
						<value name="verify?">no</value>
						<value name="validate?">no</value>
						<value name="persist?">yes</value>
						<value name="unique?">no</value>
					</record>
					<value name="standard">VICS</value>
					<value name="version">4030</value>
					<value name="transaction">869</value>
				</idatacodable>
				<idatacodable name="53o75f005cuo97el0000007g" javaclass="wm.b2b.editn.EDITransactionDocType">
					<value name="TypeID">53o75f005cuo97el0000007g</value>
					<value name="TypeName">VICS 4030 870</value>
					<null name="TypeDescription"/>
					<idatacodable name="Deleted" javaclass="com.wm.data.MBoolean">
						<value name="MBoolean">false</value>
					</idatacodable>
					<value name="LastModified">2010-09-23 13:05:22.837</value>
					<value name="ValidationSvc">wm.b2b.editn:validateTransaction</value>
					<record name="PreProcessingFlags" javaclass="com.wm.app.tn.route.PreRoutingFlags">
						<value name="verify?">no</value>
						<value name="validate?">no</value>
						<value name="persist?">yes</value>
						<value name="unique?">no</value>
					</record>
					<value name="standard">VICS</value>
					<value name="version">4030</value>
					<value name="transaction">870</value>
				</idatacodable>
				<idatacodable name="53o75f005cuo97el0000007h" javaclass="wm.b2b.editn.EDITransactionDocType">
					<value name="TypeID">53o75f005cuo97el0000007h</value>
					<value name="TypeName">VICS 4030 882</value>
					<null name="TypeDescription"/>
					<idatacodable name="Deleted" javaclass="com.wm.data.MBoolean">
						<value name="MBoolean">false</value>
					</idatacodable>
					<value name="LastModified">2010-09-23 13:05:22.837</value>
					<value name="ValidationSvc">wm.b2b.editn:validateTransaction</value>
					<record name="PreProcessingFlags" javaclass="com.wm.app.tn.route.PreRoutingFlags">
						<value name="verify?">no</value>
						<value name="validate?">no</value>
						<value name="persist?">yes</value>
						<value name="unique?">no</value>
					</record>
					<value name="standard">VICS</value>
					<value name="version">4030</value>
					<value name="transaction">882</value>
				</idatacodable>
				<idatacodable name="53o75f005cuo97el0000007i" javaclass="wm.b2b.editn.EDITransactionDocType">
					<value name="TypeID">53o75f005cuo97el0000007i</value>
					<value name="TypeName">VICS 4030 889</value>
					<null name="TypeDescription"/>
					<idatacodable name="Deleted" javaclass="com.wm.data.MBoolean">
						<value name="MBoolean">false</value>
					</idatacodable>
					<value name="LastModified">2010-09-23 13:05:22.837</value>
					<value name="ValidationSvc">wm.b2b.editn:validateTransaction</value>
					<record name="PreProcessingFlags" javaclass="com.wm.app.tn.route.PreRoutingFlags">
						<value name="verify?">no</value>
						<value name="validate?">no</value>
						<value name="persist?">yes</value>
						<value name="unique?">no</value>
					</record>
					<value name="standard">VICS</value>
					<value name="version">4030</value>
					<value name="transaction">889</value>
				</idatacodable>
				<idatacodable name="53o75f005cuo97el0000007j" javaclass="wm.b2b.editn.EDITransactionDocType">
					<value name="TypeID">53o75f005cuo97el0000007j</value>
					<value name="TypeName">VICS 4030 893</value>
					<null name="TypeDescription"/>
					<idatacodable name="Deleted" javaclass="com.wm.data.MBoolean">
						<value name="MBoolean">false</value>
					</idatacodable>
					<value name="LastModified">2010-09-23 13:05:22.837</value>
					<value name="ValidationSvc">wm.b2b.editn:validateTransaction</value>
					<record name="PreProcessingFlags" javaclass="com.wm.app.tn.route.PreRoutingFlags">
						<value name="verify?">no</value>
						<value name="validate?">no</value>
						<value name="persist?">yes</value>
						<value name="unique?">no</value>
					</record>
					<value name="standard">VICS</value>
					<value name="version">4030</value>
					<value name="transaction">893</value>
				</idatacodable>
				<idatacodable name="53o75f005cuo97el0000007k" javaclass="wm.b2b.editn.EDITransactionDocType">
					<value name="TypeID">53o75f005cuo97el0000007k</value>
					<value name="TypeName">VICS 4030 940</value>
					<null name="TypeDescription"/>
					<idatacodable name="Deleted" javaclass="com.wm.data.MBoolean">
						<value name="MBoolean">false</value>
					</idatacodable>
					<value name="LastModified">2010-09-23 13:05:22.837</value>
					<value name="ValidationSvc">wm.b2b.editn:validateTransaction</value>
					<record name="PreProcessingFlags" javaclass="com.wm.app.tn.route.PreRoutingFlags">
						<value name="verify?">no</value>
						<value name="validate?">no</value>
						<value name="persist?">yes</value>
						<value name="unique?">no</value>
					</record>
					<value name="standard">VICS</value>
					<value name="version">4030</value>
					<value name="transaction">940</value>
				</idatacodable>
				<idatacodable name="53o75f005cuo97el0000007l" javaclass="wm.b2b.editn.EDITransactionDocType">
					<value name="TypeID">53o75f005cuo97el0000007l</value>
					<value name="TypeName">VICS 4030 947</value>
					<null name="TypeDescription"/>
					<idatacodable name="Deleted" javaclass="com.wm.data.MBoolean">
						<value name="MBoolean">false</value>
					</idatacodable>
					<value name="LastModified">2010-09-23 13:05:22.837</value>
					<value name="ValidationSvc">wm.b2b.editn:validateTransaction</value>
					<record name="PreProcessingFlags" javaclass="com.wm.app.tn.route.PreRoutingFlags">
						<value name="verify?">no</value>
						<value name="validate?">no</value>
						<value name="persist?">yes</value>
						<value name="unique?">no</value>
					</record>
					<value name="standard">VICS</value>
					<value name="version">4030</value>
					<value name="transaction">947</value>
				</idatacodable>
				<idatacodable name="53o75f005cuo97el0000007m" javaclass="wm.b2b.editn.EDITransactionDocType">
					<value name="TypeID">53o75f005cuo97el0000007m</value>
					<value name="TypeName">VICS 4030 997</value>
					<null name="TypeDescription"/>
					<idatacodable name="Deleted" javaclass="com.wm.data.MBoolean">
						<value name="MBoolean">false</value>
					</idatacodable>
					<value name="LastModified">2010-09-23 13:05:22.837</value>
					<value name="ValidationSvc">wm.b2b.editn:validateTransaction</value>
					<record name="PreProcessingFlags" javaclass="com.wm.app.tn.route.PreRoutingFlags">
						<value name="verify?">no</value>
						<value name="validate?">no</value>
						<value name="persist?">yes</value>
						<value name="unique?">no</value>
					</record>
					<value name="standard">VICS</value>
					<value name="version">4030</value>
					<value name="transaction">997</value>
				</idatacodable>		</record>
	</record>
</IDataXMLCoder>
