<?xml version="1.0" encoding="UTF-8"?>

	<IDataXMLCoder version="1.0">
		<record javaclass="com.wm.data.BasicData">
			<record name="version" javaclass="com.wm.data.BasicData">
				<value name="major">1</value>
				<value name="minor">0</value>
			</record>
		<record name="types" javaclass="com.wm.data.BasicData">

				<idatacodable name="5067g7000fjb6d0s0000017q" javaclass="wm.b2b.editn.EDITransactionDocType">
					<value name="TypeID">5067g7000fjb6d0s0000017q</value>
					<value name="TypeName">VICS 5010 102</value>
					<null name="TypeDescription"/>
					<idatacodable name="Deleted" javaclass="com.wm.data.MBoolean">
						<value name="MBoolean">false</value>
					</idatacodable>
					<value name="LastModified">2005-05-16 14:10:33.628</value>
					<value name="ValidationSvc">wm.b2b.editn:validateTransaction</value>
					<record name="PreProcessingFlags" javaclass="com.wm.app.tn.route.PreRoutingFlags">
						<value name="verify?">no</value>
						<value name="validate?">no</value>
						<value name="persist?">yes</value>
						<value name="unique?">no</value>
					</record>
					<value name="standard">VICS</value>
					<value name="version">5010</value>
					<value name="transaction">102</value>
				</idatacodable>
				<idatacodable name="5067g7000fjb6d0s0000017r" javaclass="wm.b2b.editn.EDITransactionDocType">
					<value name="TypeID">5067g7000fjb6d0s0000017r</value>
					<value name="TypeName">VICS 5010 180</value>
					<null name="TypeDescription"/>
					<idatacodable name="Deleted" javaclass="com.wm.data.MBoolean">
						<value name="MBoolean">false</value>
					</idatacodable>
					<value name="LastModified">2005-05-16 14:10:33.628</value>
					<value name="ValidationSvc">wm.b2b.editn:validateTransaction</value>
					<record name="PreProcessingFlags" javaclass="com.wm.app.tn.route.PreRoutingFlags">
						<value name="verify?">no</value>
						<value name="validate?">no</value>
						<value name="persist?">yes</value>
						<value name="unique?">no</value>
					</record>
					<value name="standard">VICS</value>
					<value name="version">5010</value>
					<value name="transaction">180</value>
				</idatacodable>
				<idatacodable name="5067g7000fjb6d0s0000017s" javaclass="wm.b2b.editn.EDITransactionDocType">
					<value name="TypeID">5067g7000fjb6d0s0000017s</value>
					<value name="TypeName">VICS 5010 753</value>
					<null name="TypeDescription"/>
					<idatacodable name="Deleted" javaclass="com.wm.data.MBoolean">
						<value name="MBoolean">false</value>
					</idatacodable>
					<value name="LastModified">2005-05-16 14:10:33.628</value>
					<value name="ValidationSvc">wm.b2b.editn:validateTransaction</value>
					<record name="PreProcessingFlags" javaclass="com.wm.app.tn.route.PreRoutingFlags">
						<value name="verify?">no</value>
						<value name="validate?">no</value>
						<value name="persist?">yes</value>
						<value name="unique?">no</value>
					</record>
					<value name="standard">VICS</value>
					<value name="version">5010</value>
					<value name="transaction">753</value>
				</idatacodable>
				<idatacodable name="5067g7000fjb6d0s0000017t" javaclass="wm.b2b.editn.EDITransactionDocType">
					<value name="TypeID">5067g7000fjb6d0s0000017t</value>
					<value name="TypeName">VICS 5010 754</value>
					<null name="TypeDescription"/>
					<idatacodable name="Deleted" javaclass="com.wm.data.MBoolean">
						<value name="MBoolean">false</value>
					</idatacodable>
					<value name="LastModified">2005-05-16 14:10:33.628</value>
					<value name="ValidationSvc">wm.b2b.editn:validateTransaction</value>
					<record name="PreProcessingFlags" javaclass="com.wm.app.tn.route.PreRoutingFlags">
						<value name="verify?">no</value>
						<value name="validate?">no</value>
						<value name="persist?">yes</value>
						<value name="unique?">no</value>
					</record>
					<value name="standard">VICS</value>
					<value name="version">5010</value>
					<value name="transaction">754</value>
				</idatacodable>
				<idatacodable name="5067g7000fjb6d0s0000017u" javaclass="wm.b2b.editn.EDITransactionDocType">
					<value name="TypeID">5067g7000fjb6d0s0000017u</value>
					<value name="TypeName">VICS 5010 810</value>
					<null name="TypeDescription"/>
					<idatacodable name="Deleted" javaclass="com.wm.data.MBoolean">
						<value name="MBoolean">false</value>
					</idatacodable>
					<value name="LastModified">2005-05-16 14:10:33.628</value>
					<value name="ValidationSvc">wm.b2b.editn:validateTransaction</value>
					<record name="PreProcessingFlags" javaclass="com.wm.app.tn.route.PreRoutingFlags">
						<value name="verify?">no</value>
						<value name="validate?">no</value>
						<value name="persist?">yes</value>
						<value name="unique?">no</value>
					</record>
					<value name="standard">VICS</value>
					<value name="version">5010</value>
					<value name="transaction">810</value>
				</idatacodable>
				<idatacodable name="5067g7000fjb6d0s0000017v" javaclass="wm.b2b.editn.EDITransactionDocType">
					<value name="TypeID">5067g7000fjb6d0s0000017v</value>
					<value name="TypeName">VICS 5010 812</value>
					<null name="TypeDescription"/>
					<idatacodable name="Deleted" javaclass="com.wm.data.MBoolean">
						<value name="MBoolean">false</value>
					</idatacodable>
					<value name="LastModified">2005-05-16 14:10:33.628</value>
					<value name="ValidationSvc">wm.b2b.editn:validateTransaction</value>
					<record name="PreProcessingFlags" javaclass="com.wm.app.tn.route.PreRoutingFlags">
						<value name="verify?">no</value>
						<value name="validate?">no</value>
						<value name="persist?">yes</value>
						<value name="unique?">no</value>
					</record>
					<value name="standard">VICS</value>
					<value name="version">5010</value>
					<value name="transaction">812</value>
				</idatacodable>
				<idatacodable name="5067g7000fjb6d0s00000180" javaclass="wm.b2b.editn.EDITransactionDocType">
					<value name="TypeID">5067g7000fjb6d0s00000180</value>
					<value name="TypeName">VICS 5010 816</value>
					<null name="TypeDescription"/>
					<idatacodable name="Deleted" javaclass="com.wm.data.MBoolean">
						<value name="MBoolean">false</value>
					</idatacodable>
					<value name="LastModified">2005-05-16 14:10:33.628</value>
					<value name="ValidationSvc">wm.b2b.editn:validateTransaction</value>
					<record name="PreProcessingFlags" javaclass="com.wm.app.tn.route.PreRoutingFlags">
						<value name="verify?">no</value>
						<value name="validate?">no</value>
						<value name="persist?">yes</value>
						<value name="unique?">no</value>
					</record>
					<value name="standard">VICS</value>
					<value name="version">5010</value>
					<value name="transaction">816</value>
				</idatacodable>
				<idatacodable name="5067g7000fjb6d0s00000181" javaclass="wm.b2b.editn.EDITransactionDocType">
					<value name="TypeID">5067g7000fjb6d0s00000181</value>
					<value name="TypeName">VICS 5010 818</value>
					<null name="TypeDescription"/>
					<idatacodable name="Deleted" javaclass="com.wm.data.MBoolean">
						<value name="MBoolean">false</value>
					</idatacodable>
					<value name="LastModified">2005-05-16 14:10:33.628</value>
					<value name="ValidationSvc">wm.b2b.editn:validateTransaction</value>
					<record name="PreProcessingFlags" javaclass="com.wm.app.tn.route.PreRoutingFlags">
						<value name="verify?">no</value>
						<value name="validate?">no</value>
						<value name="persist?">yes</value>
						<value name="unique?">no</value>
					</record>
					<value name="standard">VICS</value>
					<value name="version">5010</value>
					<value name="transaction">818</value>
				</idatacodable>
				<idatacodable name="5067g7000fjb6d0s00000182" javaclass="wm.b2b.editn.EDITransactionDocType">
					<value name="TypeID">5067g7000fjb6d0s00000182</value>
					<value name="TypeName">VICS 5010 820</value>
					<null name="TypeDescription"/>
					<idatacodable name="Deleted" javaclass="com.wm.data.MBoolean">
						<value name="MBoolean">false</value>
					</idatacodable>
					<value name="LastModified">2005-05-16 14:10:33.628</value>
					<value name="ValidationSvc">wm.b2b.editn:validateTransaction</value>
					<record name="PreProcessingFlags" javaclass="com.wm.app.tn.route.PreRoutingFlags">
						<value name="verify?">no</value>
						<value name="validate?">no</value>
						<value name="persist?">yes</value>
						<value name="unique?">no</value>
					</record>
					<value name="standard">VICS</value>
					<value name="version">5010</value>
					<value name="transaction">820</value>
				</idatacodable>
				<idatacodable name="5067g7000fjb6d0s00000183" javaclass="wm.b2b.editn.EDITransactionDocType">
					<value name="TypeID">5067g7000fjb6d0s00000183</value>
					<value name="TypeName">VICS 5010 824</value>
					<null name="TypeDescription"/>
					<idatacodable name="Deleted" javaclass="com.wm.data.MBoolean">
						<value name="MBoolean">false</value>
					</idatacodable>
					<value name="LastModified">2005-05-16 14:10:33.628</value>
					<value name="ValidationSvc">wm.b2b.editn:validateTransaction</value>
					<record name="PreProcessingFlags" javaclass="com.wm.app.tn.route.PreRoutingFlags">
						<value name="verify?">no</value>
						<value name="validate?">no</value>
						<value name="persist?">yes</value>
						<value name="unique?">no</value>
					</record>
					<value name="standard">VICS</value>
					<value name="version">5010</value>
					<value name="transaction">824</value>
				</idatacodable>
				<idatacodable name="5067g7000fjb6d0s00000184" javaclass="wm.b2b.editn.EDITransactionDocType">
					<value name="TypeID">5067g7000fjb6d0s00000184</value>
					<value name="TypeName">VICS 5010 830</value>
					<null name="TypeDescription"/>
					<idatacodable name="Deleted" javaclass="com.wm.data.MBoolean">
						<value name="MBoolean">false</value>
					</idatacodable>
					<value name="LastModified">2005-05-16 14:10:33.628</value>
					<value name="ValidationSvc">wm.b2b.editn:validateTransaction</value>
					<record name="PreProcessingFlags" javaclass="com.wm.app.tn.route.PreRoutingFlags">
						<value name="verify?">no</value>
						<value name="validate?">no</value>
						<value name="persist?">yes</value>
						<value name="unique?">no</value>
					</record>
					<value name="standard">VICS</value>
					<value name="version">5010</value>
					<value name="transaction">830</value>
				</idatacodable>
				<idatacodable name="5067g7000fjb6d0s00000185" javaclass="wm.b2b.editn.EDITransactionDocType">
					<value name="TypeID">5067g7000fjb6d0s00000185</value>
					<value name="TypeName">VICS 5010 831</value>
					<null name="TypeDescription"/>
					<idatacodable name="Deleted" javaclass="com.wm.data.MBoolean">
						<value name="MBoolean">false</value>
					</idatacodable>
					<value name="LastModified">2005-05-16 14:10:33.628</value>
					<value name="ValidationSvc">wm.b2b.editn:validateTransaction</value>
					<record name="PreProcessingFlags" javaclass="com.wm.app.tn.route.PreRoutingFlags">
						<value name="verify?">no</value>
						<value name="validate?">no</value>
						<value name="persist?">yes</value>
						<value name="unique?">no</value>
					</record>
					<value name="standard">VICS</value>
					<value name="version">5010</value>
					<value name="transaction">831</value>
				</idatacodable>
				<idatacodable name="5067g7000fjb6d0s00000186" javaclass="wm.b2b.editn.EDITransactionDocType">
					<value name="TypeID">5067g7000fjb6d0s00000186</value>
					<value name="TypeName">VICS 5010 832</value>
					<null name="TypeDescription"/>
					<idatacodable name="Deleted" javaclass="com.wm.data.MBoolean">
						<value name="MBoolean">false</value>
					</idatacodable>
					<value name="LastModified">2005-05-16 14:10:33.628</value>
					<value name="ValidationSvc">wm.b2b.editn:validateTransaction</value>
					<record name="PreProcessingFlags" javaclass="com.wm.app.tn.route.PreRoutingFlags">
						<value name="verify?">no</value>
						<value name="validate?">no</value>
						<value name="persist?">yes</value>
						<value name="unique?">no</value>
					</record>
					<value name="standard">VICS</value>
					<value name="version">5010</value>
					<value name="transaction">832</value>
				</idatacodable>
				<idatacodable name="5067g7000fjb6d0s00000187" javaclass="wm.b2b.editn.EDITransactionDocType">
					<value name="TypeID">5067g7000fjb6d0s00000187</value>
					<value name="TypeName">VICS 5010 846</value>
					<null name="TypeDescription"/>
					<idatacodable name="Deleted" javaclass="com.wm.data.MBoolean">
						<value name="MBoolean">false</value>
					</idatacodable>
					<value name="LastModified">2005-05-16 14:10:33.628</value>
					<value name="ValidationSvc">wm.b2b.editn:validateTransaction</value>
					<record name="PreProcessingFlags" javaclass="com.wm.app.tn.route.PreRoutingFlags">
						<value name="verify?">no</value>
						<value name="validate?">no</value>
						<value name="persist?">yes</value>
						<value name="unique?">no</value>
					</record>
					<value name="standard">VICS</value>
					<value name="version">5010</value>
					<value name="transaction">846</value>
				</idatacodable>
				<idatacodable name="5067g7000fjb6d0s00000188" javaclass="wm.b2b.editn.EDITransactionDocType">
					<value name="TypeID">5067g7000fjb6d0s00000188</value>
					<value name="TypeName">VICS 5010 850</value>
					<null name="TypeDescription"/>
					<idatacodable name="Deleted" javaclass="com.wm.data.MBoolean">
						<value name="MBoolean">false</value>
					</idatacodable>
					<value name="LastModified">2005-05-16 14:10:33.628</value>
					<value name="ValidationSvc">wm.b2b.editn:validateTransaction</value>
					<record name="PreProcessingFlags" javaclass="com.wm.app.tn.route.PreRoutingFlags">
						<value name="verify?">no</value>
						<value name="validate?">no</value>
						<value name="persist?">yes</value>
						<value name="unique?">no</value>
					</record>
					<value name="standard">VICS</value>
					<value name="version">5010</value>
					<value name="transaction">850</value>
				</idatacodable>
				<idatacodable name="5067g7000fjb6d0s00000189" javaclass="wm.b2b.editn.EDITransactionDocType">
					<value name="TypeID">5067g7000fjb6d0s00000189</value>
					<value name="TypeName">VICS 5010 852</value>
					<null name="TypeDescription"/>
					<idatacodable name="Deleted" javaclass="com.wm.data.MBoolean">
						<value name="MBoolean">false</value>
					</idatacodable>
					<value name="LastModified">2005-05-16 14:10:33.628</value>
					<value name="ValidationSvc">wm.b2b.editn:validateTransaction</value>
					<record name="PreProcessingFlags" javaclass="com.wm.app.tn.route.PreRoutingFlags">
						<value name="verify?">no</value>
						<value name="validate?">no</value>
						<value name="persist?">yes</value>
						<value name="unique?">no</value>
					</record>
					<value name="standard">VICS</value>
					<value name="version">5010</value>
					<value name="transaction">852</value>
				</idatacodable>
				<idatacodable name="5067g7000fjb6d0s0000018a" javaclass="wm.b2b.editn.EDITransactionDocType">
					<value name="TypeID">5067g7000fjb6d0s0000018a</value>
					<value name="TypeName">VICS 5010 853</value>
					<null name="TypeDescription"/>
					<idatacodable name="Deleted" javaclass="com.wm.data.MBoolean">
						<value name="MBoolean">false</value>
					</idatacodable>
					<value name="LastModified">2005-05-16 14:10:33.628</value>
					<value name="ValidationSvc">wm.b2b.editn:validateTransaction</value>
					<record name="PreProcessingFlags" javaclass="com.wm.app.tn.route.PreRoutingFlags">
						<value name="verify?">no</value>
						<value name="validate?">no</value>
						<value name="persist?">yes</value>
						<value name="unique?">no</value>
					</record>
					<value name="standard">VICS</value>
					<value name="version">5010</value>
					<value name="transaction">853</value>
				</idatacodable>
				<idatacodable name="5067g7000fjb6d0s0000018b" javaclass="wm.b2b.editn.EDITransactionDocType">
					<value name="TypeID">5067g7000fjb6d0s0000018b</value>
					<value name="TypeName">VICS 5010 855</value>
					<null name="TypeDescription"/>
					<idatacodable name="Deleted" javaclass="com.wm.data.MBoolean">
						<value name="MBoolean">false</value>
					</idatacodable>
					<value name="LastModified">2005-05-16 14:10:33.628</value>
					<value name="ValidationSvc">wm.b2b.editn:validateTransaction</value>
					<record name="PreProcessingFlags" javaclass="com.wm.app.tn.route.PreRoutingFlags">
						<value name="verify?">no</value>
						<value name="validate?">no</value>
						<value name="persist?">yes</value>
						<value name="unique?">no</value>
					</record>
					<value name="standard">VICS</value>
					<value name="version">5010</value>
					<value name="transaction">855</value>
				</idatacodable>
				<idatacodable name="5067g7000fjb6d0s0000018c" javaclass="wm.b2b.editn.EDITransactionDocType">
					<value name="TypeID">5067g7000fjb6d0s0000018c</value>
					<value name="TypeName">VICS 5010 856</value>
					<null name="TypeDescription"/>
					<idatacodable name="Deleted" javaclass="com.wm.data.MBoolean">
						<value name="MBoolean">false</value>
					</idatacodable>
					<value name="LastModified">2005-05-16 14:10:33.628</value>
					<value name="ValidationSvc">wm.b2b.editn:validateTransaction</value>
					<record name="PreProcessingFlags" javaclass="com.wm.app.tn.route.PreRoutingFlags">
						<value name="verify?">no</value>
						<value name="validate?">no</value>
						<value name="persist?">yes</value>
						<value name="unique?">no</value>
					</record>
					<value name="standard">VICS</value>
					<value name="version">5010</value>
					<value name="transaction">856</value>
				</idatacodable>
				<idatacodable name="5067g7000fjb6d0s0000018d" javaclass="wm.b2b.editn.EDITransactionDocType">
					<value name="TypeID">5067g7000fjb6d0s0000018d</value>
					<value name="TypeName">VICS 5010 860</value>
					<null name="TypeDescription"/>
					<idatacodable name="Deleted" javaclass="com.wm.data.MBoolean">
						<value name="MBoolean">false</value>
					</idatacodable>
					<value name="LastModified">2005-05-16 14:10:33.628</value>
					<value name="ValidationSvc">wm.b2b.editn:validateTransaction</value>
					<record name="PreProcessingFlags" javaclass="com.wm.app.tn.route.PreRoutingFlags">
						<value name="verify?">no</value>
						<value name="validate?">no</value>
						<value name="persist?">yes</value>
						<value name="unique?">no</value>
					</record>
					<value name="standard">VICS</value>
					<value name="version">5010</value>
					<value name="transaction">860</value>
				</idatacodable>
				<idatacodable name="5067g7000fjb6d0s0000018e" javaclass="wm.b2b.editn.EDITransactionDocType">
					<value name="TypeID">5067g7000fjb6d0s0000018e</value>
					<value name="TypeName">VICS 5010 861</value>
					<null name="TypeDescription"/>
					<idatacodable name="Deleted" javaclass="com.wm.data.MBoolean">
						<value name="MBoolean">false</value>
					</idatacodable>
					<value name="LastModified">2005-05-16 14:10:33.628</value>
					<value name="ValidationSvc">wm.b2b.editn:validateTransaction</value>
					<record name="PreProcessingFlags" javaclass="com.wm.app.tn.route.PreRoutingFlags">
						<value name="verify?">no</value>
						<value name="validate?">no</value>
						<value name="persist?">yes</value>
						<value name="unique?">no</value>
					</record>
					<value name="standard">VICS</value>
					<value name="version">5010</value>
					<value name="transaction">861</value>
				</idatacodable>
				<idatacodable name="5067g7000fjb6d0s0000018f" javaclass="wm.b2b.editn.EDITransactionDocType">
					<value name="TypeID">5067g7000fjb6d0s0000018f</value>
					<value name="TypeName">VICS 5010 862</value>
					<null name="TypeDescription"/>
					<idatacodable name="Deleted" javaclass="com.wm.data.MBoolean">
						<value name="MBoolean">false</value>
					</idatacodable>
					<value name="LastModified">2005-05-16 14:10:33.628</value>
					<value name="ValidationSvc">wm.b2b.editn:validateTransaction</value>
					<record name="PreProcessingFlags" javaclass="com.wm.app.tn.route.PreRoutingFlags">
						<value name="verify?">no</value>
						<value name="validate?">no</value>
						<value name="persist?">yes</value>
						<value name="unique?">no</value>
					</record>
					<value name="standard">VICS</value>
					<value name="version">5010</value>
					<value name="transaction">862</value>
				</idatacodable>
				<idatacodable name="5067g7000fjb6d0s0000018g" javaclass="wm.b2b.editn.EDITransactionDocType">
					<value name="TypeID">5067g7000fjb6d0s0000018g</value>
					<value name="TypeName">VICS 5010 864</value>
					<null name="TypeDescription"/>
					<idatacodable name="Deleted" javaclass="com.wm.data.MBoolean">
						<value name="MBoolean">false</value>
					</idatacodable>
					<value name="LastModified">2005-05-16 14:10:33.628</value>
					<value name="ValidationSvc">wm.b2b.editn:validateTransaction</value>
					<record name="PreProcessingFlags" javaclass="com.wm.app.tn.route.PreRoutingFlags">
						<value name="verify?">no</value>
						<value name="validate?">no</value>
						<value name="persist?">yes</value>
						<value name="unique?">no</value>
					</record>
					<value name="standard">VICS</value>
					<value name="version">5010</value>
					<value name="transaction">864</value>
				</idatacodable>
				<idatacodable name="5067g7000fjb6d0s0000018h" javaclass="wm.b2b.editn.EDITransactionDocType">
					<value name="TypeID">5067g7000fjb6d0s0000018h</value>
					<value name="TypeName">VICS 5010 867</value>
					<null name="TypeDescription"/>
					<idatacodable name="Deleted" javaclass="com.wm.data.MBoolean">
						<value name="MBoolean">false</value>
					</idatacodable>
					<value name="LastModified">2005-05-16 14:10:33.628</value>
					<value name="ValidationSvc">wm.b2b.editn:validateTransaction</value>
					<record name="PreProcessingFlags" javaclass="com.wm.app.tn.route.PreRoutingFlags">
						<value name="verify?">no</value>
						<value name="validate?">no</value>
						<value name="persist?">yes</value>
						<value name="unique?">no</value>
					</record>
					<value name="standard">VICS</value>
					<value name="version">5010</value>
					<value name="transaction">867</value>
				</idatacodable>
				<idatacodable name="5067g7000fjb6d0s0000018i" javaclass="wm.b2b.editn.EDITransactionDocType">
					<value name="TypeID">5067g7000fjb6d0s0000018i</value>
					<value name="TypeName">VICS 5010 869</value>
					<null name="TypeDescription"/>
					<idatacodable name="Deleted" javaclass="com.wm.data.MBoolean">
						<value name="MBoolean">false</value>
					</idatacodable>
					<value name="LastModified">2005-05-16 14:10:33.628</value>
					<value name="ValidationSvc">wm.b2b.editn:validateTransaction</value>
					<record name="PreProcessingFlags" javaclass="com.wm.app.tn.route.PreRoutingFlags">
						<value name="verify?">no</value>
						<value name="validate?">no</value>
						<value name="persist?">yes</value>
						<value name="unique?">no</value>
					</record>
					<value name="standard">VICS</value>
					<value name="version">5010</value>
					<value name="transaction">869</value>
				</idatacodable>
				<idatacodable name="5067g7000fjb6d0s0000018j" javaclass="wm.b2b.editn.EDITransactionDocType">
					<value name="TypeID">5067g7000fjb6d0s0000018j</value>
					<value name="TypeName">VICS 5010 870</value>
					<null name="TypeDescription"/>
					<idatacodable name="Deleted" javaclass="com.wm.data.MBoolean">
						<value name="MBoolean">false</value>
					</idatacodable>
					<value name="LastModified">2005-05-16 14:10:33.628</value>
					<value name="ValidationSvc">wm.b2b.editn:validateTransaction</value>
					<record name="PreProcessingFlags" javaclass="com.wm.app.tn.route.PreRoutingFlags">
						<value name="verify?">no</value>
						<value name="validate?">no</value>
						<value name="persist?">yes</value>
						<value name="unique?">no</value>
					</record>
					<value name="standard">VICS</value>
					<value name="version">5010</value>
					<value name="transaction">870</value>
				</idatacodable>
				<idatacodable name="5067g7000fjb6d0s0000018k" javaclass="wm.b2b.editn.EDITransactionDocType">
					<value name="TypeID">5067g7000fjb6d0s0000018k</value>
					<value name="TypeName">VICS 5010 882</value>
					<null name="TypeDescription"/>
					<idatacodable name="Deleted" javaclass="com.wm.data.MBoolean">
						<value name="MBoolean">false</value>
					</idatacodable>
					<value name="LastModified">2005-05-16 14:10:33.628</value>
					<value name="ValidationSvc">wm.b2b.editn:validateTransaction</value>
					<record name="PreProcessingFlags" javaclass="com.wm.app.tn.route.PreRoutingFlags">
						<value name="verify?">no</value>
						<value name="validate?">no</value>
						<value name="persist?">yes</value>
						<value name="unique?">no</value>
					</record>
					<value name="standard">VICS</value>
					<value name="version">5010</value>
					<value name="transaction">882</value>
				</idatacodable>
				<idatacodable name="5067g7000fjb6d0s0000018l" javaclass="wm.b2b.editn.EDITransactionDocType">
					<value name="TypeID">5067g7000fjb6d0s0000018l</value>
					<value name="TypeName">VICS 5010 889</value>
					<null name="TypeDescription"/>
					<idatacodable name="Deleted" javaclass="com.wm.data.MBoolean">
						<value name="MBoolean">false</value>
					</idatacodable>
					<value name="LastModified">2005-05-16 14:10:33.628</value>
					<value name="ValidationSvc">wm.b2b.editn:validateTransaction</value>
					<record name="PreProcessingFlags" javaclass="com.wm.app.tn.route.PreRoutingFlags">
						<value name="verify?">no</value>
						<value name="validate?">no</value>
						<value name="persist?">yes</value>
						<value name="unique?">no</value>
					</record>
					<value name="standard">VICS</value>
					<value name="version">5010</value>
					<value name="transaction">889</value>
				</idatacodable>
				<idatacodable name="5067g7000fjb6d0s0000018m" javaclass="wm.b2b.editn.EDITransactionDocType">
					<value name="TypeID">5067g7000fjb6d0s0000018m</value>
					<value name="TypeName">VICS 5010 893</value>
					<null name="TypeDescription"/>
					<idatacodable name="Deleted" javaclass="com.wm.data.MBoolean">
						<value name="MBoolean">false</value>
					</idatacodable>
					<value name="LastModified">2005-05-16 14:10:33.628</value>
					<value name="ValidationSvc">wm.b2b.editn:validateTransaction</value>
					<record name="PreProcessingFlags" javaclass="com.wm.app.tn.route.PreRoutingFlags">
						<value name="verify?">no</value>
						<value name="validate?">no</value>
						<value name="persist?">yes</value>
						<value name="unique?">no</value>
					</record>
					<value name="standard">VICS</value>
					<value name="version">5010</value>
					<value name="transaction">893</value>
				</idatacodable>
				<idatacodable name="5067g7000fjb6d0s0000018n" javaclass="wm.b2b.editn.EDITransactionDocType">
					<value name="TypeID">5067g7000fjb6d0s0000018n</value>
					<value name="TypeName">VICS 5010 894</value>
					<null name="TypeDescription"/>
					<idatacodable name="Deleted" javaclass="com.wm.data.MBoolean">
						<value name="MBoolean">false</value>
					</idatacodable>
					<value name="LastModified">2005-05-16 14:10:33.628</value>
					<value name="ValidationSvc">wm.b2b.editn:validateTransaction</value>
					<record name="PreProcessingFlags" javaclass="com.wm.app.tn.route.PreRoutingFlags">
						<value name="verify?">no</value>
						<value name="validate?">no</value>
						<value name="persist?">yes</value>
						<value name="unique?">no</value>
					</record>
					<value name="standard">VICS</value>
					<value name="version">5010</value>
					<value name="transaction">894</value>
				</idatacodable>
				<idatacodable name="5067g7000fjb6d0s0000018o" javaclass="wm.b2b.editn.EDITransactionDocType">
					<value name="TypeID">5067g7000fjb6d0s0000018o</value>
					<value name="TypeName">VICS 5010 895</value>
					<null name="TypeDescription"/>
					<idatacodable name="Deleted" javaclass="com.wm.data.MBoolean">
						<value name="MBoolean">false</value>
					</idatacodable>
					<value name="LastModified">2005-05-16 14:10:33.628</value>
					<value name="ValidationSvc">wm.b2b.editn:validateTransaction</value>
					<record name="PreProcessingFlags" javaclass="com.wm.app.tn.route.PreRoutingFlags">
						<value name="verify?">no</value>
						<value name="validate?">no</value>
						<value name="persist?">yes</value>
						<value name="unique?">no</value>
					</record>
					<value name="standard">VICS</value>
					<value name="version">5010</value>
					<value name="transaction">895</value>
				</idatacodable>
				<idatacodable name="5067g7000fjb6d0s0000018p" javaclass="wm.b2b.editn.EDITransactionDocType">
					<value name="TypeID">5067g7000fjb6d0s0000018p</value>
					<value name="TypeName">VICS 5010 940</value>
					<null name="TypeDescription"/>
					<idatacodable name="Deleted" javaclass="com.wm.data.MBoolean">
						<value name="MBoolean">false</value>
					</idatacodable>
					<value name="LastModified">2005-05-16 14:10:33.628</value>
					<value name="ValidationSvc">wm.b2b.editn:validateTransaction</value>
					<record name="PreProcessingFlags" javaclass="com.wm.app.tn.route.PreRoutingFlags">
						<value name="verify?">no</value>
						<value name="validate?">no</value>
						<value name="persist?">yes</value>
						<value name="unique?">no</value>
					</record>
					<value name="standard">VICS</value>
					<value name="version">5010</value>
					<value name="transaction">940</value>
				</idatacodable>
				<idatacodable name="5067g7000fjb6d0s0000018q" javaclass="wm.b2b.editn.EDITransactionDocType">
					<value name="TypeID">5067g7000fjb6d0s0000018q</value>
					<value name="TypeName">VICS 5010 947</value>
					<null name="TypeDescription"/>
					<idatacodable name="Deleted" javaclass="com.wm.data.MBoolean">
						<value name="MBoolean">false</value>
					</idatacodable>
					<value name="LastModified">2005-05-16 14:10:33.628</value>
					<value name="ValidationSvc">wm.b2b.editn:validateTransaction</value>
					<record name="PreProcessingFlags" javaclass="com.wm.app.tn.route.PreRoutingFlags">
						<value name="verify?">no</value>
						<value name="validate?">no</value>
						<value name="persist?">yes</value>
						<value name="unique?">no</value>
					</record>
					<value name="standard">VICS</value>
					<value name="version">5010</value>
					<value name="transaction">947</value>
				</idatacodable>
				<idatacodable name="5067g7000fjb6d0s0000018r" javaclass="wm.b2b.editn.EDITransactionDocType">
					<value name="TypeID">5067g7000fjb6d0s0000018r</value>
					<value name="TypeName">VICS 5010 997</value>
					<null name="TypeDescription"/>
					<idatacodable name="Deleted" javaclass="com.wm.data.MBoolean">
						<value name="MBoolean">false</value>
					</idatacodable>
					<value name="LastModified">2005-05-16 14:10:33.628</value>
					<value name="ValidationSvc">wm.b2b.editn:validateTransaction</value>
					<record name="PreProcessingFlags" javaclass="com.wm.app.tn.route.PreRoutingFlags">
						<value name="verify?">no</value>
						<value name="validate?">no</value>
						<value name="persist?">yes</value>
						<value name="unique?">no</value>
					</record>
					<value name="standard">VICS</value>
					<value name="version">5010</value>
					<value name="transaction">997</value>
				</idatacodable>		</record>
	</record>
</IDataXMLCoder>
