<?xml version="1.0" encoding="UTF-8"?>

	<IDataXMLCoder version="1.0">
		<record javaclass="com.wm.data.BasicData">
			<record name="version" javaclass="com.wm.data.BasicData">
				<value name="major">1</value>
				<value name="minor">0</value>
			</record>
		<record name="types" javaclass="com.wm.data.BasicData">

				<idatacodable name="53o6cf003k2d435p0000000n" javaclass="wm.b2b.editn.EDITransactionDocType">
					<value name="TypeID">53o6cf003k2d435p0000000n</value>
					<value name="TypeName">VICS 4050 102</value>
					<null name="TypeDescription"/>
					<idatacodable name="Deleted" javaclass="com.wm.data.MBoolean">
						<value name="MBoolean">false</value>
					</idatacodable>
					<value name="LastModified">2008-10-16 14:12:34.041</value>
					<value name="ValidationSvc">wm.b2b.editn:validateTransaction</value>
					<record name="PreProcessingFlags" javaclass="com.wm.app.tn.route.PreRoutingFlags">
						<value name="verify?">no</value>
						<value name="validate?">no</value>
						<value name="persist?">yes</value>
						<value name="unique?">no</value>
					</record>
					<value name="standard">VICS</value>
					<value name="version">4050</value>
					<value name="transaction">102</value>
				</idatacodable>
				<idatacodable name="53o6cf003k2d43690000000o" javaclass="wm.b2b.editn.EDITransactionDocType">
					<value name="TypeID">53o6cf003k2d43690000000o</value>
					<value name="TypeName">VICS 4050 180</value>
					<null name="TypeDescription"/>
					<idatacodable name="Deleted" javaclass="com.wm.data.MBoolean">
						<value name="MBoolean">false</value>
					</idatacodable>
					<value name="LastModified">2008-10-16 14:12:34.041</value>
					<value name="ValidationSvc">wm.b2b.editn:validateTransaction</value>
					<record name="PreProcessingFlags" javaclass="com.wm.app.tn.route.PreRoutingFlags">
						<value name="verify?">no</value>
						<value name="validate?">no</value>
						<value name="persist?">yes</value>
						<value name="unique?">no</value>
					</record>
					<value name="standard">VICS</value>
					<value name="version">4050</value>
					<value name="transaction">180</value>
				</idatacodable>
				<idatacodable name="53o6cf003k2d43690000000p" javaclass="wm.b2b.editn.EDITransactionDocType">
					<value name="TypeID">53o6cf003k2d43690000000p</value>
					<value name="TypeName">VICS 4050 753</value>
					<null name="TypeDescription"/>
					<idatacodable name="Deleted" javaclass="com.wm.data.MBoolean">
						<value name="MBoolean">false</value>
					</idatacodable>
					<value name="LastModified">2008-10-16 14:12:34.041</value>
					<value name="ValidationSvc">wm.b2b.editn:validateTransaction</value>
					<record name="PreProcessingFlags" javaclass="com.wm.app.tn.route.PreRoutingFlags">
						<value name="verify?">no</value>
						<value name="validate?">no</value>
						<value name="persist?">yes</value>
						<value name="unique?">no</value>
					</record>
					<value name="standard">VICS</value>
					<value name="version">4050</value>
					<value name="transaction">753</value>
				</idatacodable>
				<idatacodable name="53o6cf003k2d43690000000q" javaclass="wm.b2b.editn.EDITransactionDocType">
					<value name="TypeID">53o6cf003k2d43690000000q</value>
					<value name="TypeName">VICS 4050 754</value>
					<null name="TypeDescription"/>
					<idatacodable name="Deleted" javaclass="com.wm.data.MBoolean">
						<value name="MBoolean">false</value>
					</idatacodable>
					<value name="LastModified">2008-10-16 14:12:34.041</value>
					<value name="ValidationSvc">wm.b2b.editn:validateTransaction</value>
					<record name="PreProcessingFlags" javaclass="com.wm.app.tn.route.PreRoutingFlags">
						<value name="verify?">no</value>
						<value name="validate?">no</value>
						<value name="persist?">yes</value>
						<value name="unique?">no</value>
					</record>
					<value name="standard">VICS</value>
					<value name="version">4050</value>
					<value name="transaction">754</value>
				</idatacodable>
				<idatacodable name="53o6cf003k2d43690000000r" javaclass="wm.b2b.editn.EDITransactionDocType">
					<value name="TypeID">53o6cf003k2d43690000000r</value>
					<value name="TypeName">VICS 4050 810</value>
					<null name="TypeDescription"/>
					<idatacodable name="Deleted" javaclass="com.wm.data.MBoolean">
						<value name="MBoolean">false</value>
					</idatacodable>
					<value name="LastModified">2008-10-16 14:12:34.041</value>
					<value name="ValidationSvc">wm.b2b.editn:validateTransaction</value>
					<record name="PreProcessingFlags" javaclass="com.wm.app.tn.route.PreRoutingFlags">
						<value name="verify?">no</value>
						<value name="validate?">no</value>
						<value name="persist?">yes</value>
						<value name="unique?">no</value>
					</record>
					<value name="standard">VICS</value>
					<value name="version">4050</value>
					<value name="transaction">810</value>
				</idatacodable>
				<idatacodable name="53o6cf003k2d43690000000s" javaclass="wm.b2b.editn.EDITransactionDocType">
					<value name="TypeID">53o6cf003k2d43690000000s</value>
					<value name="TypeName">VICS 4050 812</value>
					<null name="TypeDescription"/>
					<idatacodable name="Deleted" javaclass="com.wm.data.MBoolean">
						<value name="MBoolean">false</value>
					</idatacodable>
					<value name="LastModified">2008-10-16 14:12:34.041</value>
					<value name="ValidationSvc">wm.b2b.editn:validateTransaction</value>
					<record name="PreProcessingFlags" javaclass="com.wm.app.tn.route.PreRoutingFlags">
						<value name="verify?">no</value>
						<value name="validate?">no</value>
						<value name="persist?">yes</value>
						<value name="unique?">no</value>
					</record>
					<value name="standard">VICS</value>
					<value name="version">4050</value>
					<value name="transaction">812</value>
				</idatacodable>
				<idatacodable name="53o6cf003k2d43690000000t" javaclass="wm.b2b.editn.EDITransactionDocType">
					<value name="TypeID">53o6cf003k2d43690000000t</value>
					<value name="TypeName">VICS 4050 816</value>
					<null name="TypeDescription"/>
					<idatacodable name="Deleted" javaclass="com.wm.data.MBoolean">
						<value name="MBoolean">false</value>
					</idatacodable>
					<value name="LastModified">2008-10-16 14:12:34.041</value>
					<value name="ValidationSvc">wm.b2b.editn:validateTransaction</value>
					<record name="PreProcessingFlags" javaclass="com.wm.app.tn.route.PreRoutingFlags">
						<value name="verify?">no</value>
						<value name="validate?">no</value>
						<value name="persist?">yes</value>
						<value name="unique?">no</value>
					</record>
					<value name="standard">VICS</value>
					<value name="version">4050</value>
					<value name="transaction">816</value>
				</idatacodable>
				<idatacodable name="53o6cf003k2d43690000000u" javaclass="wm.b2b.editn.EDITransactionDocType">
					<value name="TypeID">53o6cf003k2d43690000000u</value>
					<value name="TypeName">VICS 4050 818</value>
					<null name="TypeDescription"/>
					<idatacodable name="Deleted" javaclass="com.wm.data.MBoolean">
						<value name="MBoolean">false</value>
					</idatacodable>
					<value name="LastModified">2008-10-16 14:12:34.041</value>
					<value name="ValidationSvc">wm.b2b.editn:validateTransaction</value>
					<record name="PreProcessingFlags" javaclass="com.wm.app.tn.route.PreRoutingFlags">
						<value name="verify?">no</value>
						<value name="validate?">no</value>
						<value name="persist?">yes</value>
						<value name="unique?">no</value>
					</record>
					<value name="standard">VICS</value>
					<value name="version">4050</value>
					<value name="transaction">818</value>
				</idatacodable>
				<idatacodable name="53o6cf003k2d43690000000v" javaclass="wm.b2b.editn.EDITransactionDocType">
					<value name="TypeID">53o6cf003k2d43690000000v</value>
					<value name="TypeName">VICS 4050 820</value>
					<null name="TypeDescription"/>
					<idatacodable name="Deleted" javaclass="com.wm.data.MBoolean">
						<value name="MBoolean">false</value>
					</idatacodable>
					<value name="LastModified">2008-10-16 14:12:34.041</value>
					<value name="ValidationSvc">wm.b2b.editn:validateTransaction</value>
					<record name="PreProcessingFlags" javaclass="com.wm.app.tn.route.PreRoutingFlags">
						<value name="verify?">no</value>
						<value name="validate?">no</value>
						<value name="persist?">yes</value>
						<value name="unique?">no</value>
					</record>
					<value name="standard">VICS</value>
					<value name="version">4050</value>
					<value name="transaction">820</value>
				</idatacodable>
				<idatacodable name="53o6cf003k2d436900000010" javaclass="wm.b2b.editn.EDITransactionDocType">
					<value name="TypeID">53o6cf003k2d436900000010</value>
					<value name="TypeName">VICS 4050 824</value>
					<null name="TypeDescription"/>
					<idatacodable name="Deleted" javaclass="com.wm.data.MBoolean">
						<value name="MBoolean">false</value>
					</idatacodable>
					<value name="LastModified">2008-10-16 14:12:34.041</value>
					<value name="ValidationSvc">wm.b2b.editn:validateTransaction</value>
					<record name="PreProcessingFlags" javaclass="com.wm.app.tn.route.PreRoutingFlags">
						<value name="verify?">no</value>
						<value name="validate?">no</value>
						<value name="persist?">yes</value>
						<value name="unique?">no</value>
					</record>
					<value name="standard">VICS</value>
					<value name="version">4050</value>
					<value name="transaction">824</value>
				</idatacodable>
				<idatacodable name="53o6cf003k2d436900000011" javaclass="wm.b2b.editn.EDITransactionDocType">
					<value name="TypeID">53o6cf003k2d436900000011</value>
					<value name="TypeName">VICS 4050 830</value>
					<null name="TypeDescription"/>
					<idatacodable name="Deleted" javaclass="com.wm.data.MBoolean">
						<value name="MBoolean">false</value>
					</idatacodable>
					<value name="LastModified">2008-10-16 14:12:34.041</value>
					<value name="ValidationSvc">wm.b2b.editn:validateTransaction</value>
					<record name="PreProcessingFlags" javaclass="com.wm.app.tn.route.PreRoutingFlags">
						<value name="verify?">no</value>
						<value name="validate?">no</value>
						<value name="persist?">yes</value>
						<value name="unique?">no</value>
					</record>
					<value name="standard">VICS</value>
					<value name="version">4050</value>
					<value name="transaction">830</value>
				</idatacodable>
				<idatacodable name="53o6cf003k2d436900000012" javaclass="wm.b2b.editn.EDITransactionDocType">
					<value name="TypeID">53o6cf003k2d436900000012</value>
					<value name="TypeName">VICS 4050 831</value>
					<null name="TypeDescription"/>
					<idatacodable name="Deleted" javaclass="com.wm.data.MBoolean">
						<value name="MBoolean">false</value>
					</idatacodable>
					<value name="LastModified">2008-10-16 14:12:34.041</value>
					<value name="ValidationSvc">wm.b2b.editn:validateTransaction</value>
					<record name="PreProcessingFlags" javaclass="com.wm.app.tn.route.PreRoutingFlags">
						<value name="verify?">no</value>
						<value name="validate?">no</value>
						<value name="persist?">yes</value>
						<value name="unique?">no</value>
					</record>
					<value name="standard">VICS</value>
					<value name="version">4050</value>
					<value name="transaction">831</value>
				</idatacodable>
				<idatacodable name="53o6cf003k2d436900000013" javaclass="wm.b2b.editn.EDITransactionDocType">
					<value name="TypeID">53o6cf003k2d436900000013</value>
					<value name="TypeName">VICS 4050 832</value>
					<null name="TypeDescription"/>
					<idatacodable name="Deleted" javaclass="com.wm.data.MBoolean">
						<value name="MBoolean">false</value>
					</idatacodable>
					<value name="LastModified">2008-10-16 14:12:34.041</value>
					<value name="ValidationSvc">wm.b2b.editn:validateTransaction</value>
					<record name="PreProcessingFlags" javaclass="com.wm.app.tn.route.PreRoutingFlags">
						<value name="verify?">no</value>
						<value name="validate?">no</value>
						<value name="persist?">yes</value>
						<value name="unique?">no</value>
					</record>
					<value name="standard">VICS</value>
					<value name="version">4050</value>
					<value name="transaction">832</value>
				</idatacodable>
				<idatacodable name="53o6cf003k2d436900000014" javaclass="wm.b2b.editn.EDITransactionDocType">
					<value name="TypeID">53o6cf003k2d436900000014</value>
					<value name="TypeName">VICS 4050 846</value>
					<null name="TypeDescription"/>
					<idatacodable name="Deleted" javaclass="com.wm.data.MBoolean">
						<value name="MBoolean">false</value>
					</idatacodable>
					<value name="LastModified">2008-10-16 14:12:34.041</value>
					<value name="ValidationSvc">wm.b2b.editn:validateTransaction</value>
					<record name="PreProcessingFlags" javaclass="com.wm.app.tn.route.PreRoutingFlags">
						<value name="verify?">no</value>
						<value name="validate?">no</value>
						<value name="persist?">yes</value>
						<value name="unique?">no</value>
					</record>
					<value name="standard">VICS</value>
					<value name="version">4050</value>
					<value name="transaction">846</value>
				</idatacodable>
				<idatacodable name="53o6cf003k2d436900000015" javaclass="wm.b2b.editn.EDITransactionDocType">
					<value name="TypeID">53o6cf003k2d436900000015</value>
					<value name="TypeName">VICS 4050 850</value>
					<null name="TypeDescription"/>
					<idatacodable name="Deleted" javaclass="com.wm.data.MBoolean">
						<value name="MBoolean">false</value>
					</idatacodable>
					<value name="LastModified">2008-10-16 14:12:34.041</value>
					<value name="ValidationSvc">wm.b2b.editn:validateTransaction</value>
					<record name="PreProcessingFlags" javaclass="com.wm.app.tn.route.PreRoutingFlags">
						<value name="verify?">no</value>
						<value name="validate?">no</value>
						<value name="persist?">yes</value>
						<value name="unique?">no</value>
					</record>
					<value name="standard">VICS</value>
					<value name="version">4050</value>
					<value name="transaction">850</value>
				</idatacodable>
				<idatacodable name="53o6cf003k2d436900000016" javaclass="wm.b2b.editn.EDITransactionDocType">
					<value name="TypeID">53o6cf003k2d436900000016</value>
					<value name="TypeName">VICS 4050 852</value>
					<null name="TypeDescription"/>
					<idatacodable name="Deleted" javaclass="com.wm.data.MBoolean">
						<value name="MBoolean">false</value>
					</idatacodable>
					<value name="LastModified">2008-10-16 14:12:34.041</value>
					<value name="ValidationSvc">wm.b2b.editn:validateTransaction</value>
					<record name="PreProcessingFlags" javaclass="com.wm.app.tn.route.PreRoutingFlags">
						<value name="verify?">no</value>
						<value name="validate?">no</value>
						<value name="persist?">yes</value>
						<value name="unique?">no</value>
					</record>
					<value name="standard">VICS</value>
					<value name="version">4050</value>
					<value name="transaction">852</value>
				</idatacodable>
				<idatacodable name="53o6cf003k2d436900000017" javaclass="wm.b2b.editn.EDITransactionDocType">
					<value name="TypeID">53o6cf003k2d436900000017</value>
					<value name="TypeName">VICS 4050 853</value>
					<null name="TypeDescription"/>
					<idatacodable name="Deleted" javaclass="com.wm.data.MBoolean">
						<value name="MBoolean">false</value>
					</idatacodable>
					<value name="LastModified">2008-10-16 14:12:34.041</value>
					<value name="ValidationSvc">wm.b2b.editn:validateTransaction</value>
					<record name="PreProcessingFlags" javaclass="com.wm.app.tn.route.PreRoutingFlags">
						<value name="verify?">no</value>
						<value name="validate?">no</value>
						<value name="persist?">yes</value>
						<value name="unique?">no</value>
					</record>
					<value name="standard">VICS</value>
					<value name="version">4050</value>
					<value name="transaction">853</value>
				</idatacodable>
				<idatacodable name="53o6cf003k2d436900000018" javaclass="wm.b2b.editn.EDITransactionDocType">
					<value name="TypeID">53o6cf003k2d436900000018</value>
					<value name="TypeName">VICS 4050 855</value>
					<null name="TypeDescription"/>
					<idatacodable name="Deleted" javaclass="com.wm.data.MBoolean">
						<value name="MBoolean">false</value>
					</idatacodable>
					<value name="LastModified">2008-10-16 14:12:34.041</value>
					<value name="ValidationSvc">wm.b2b.editn:validateTransaction</value>
					<record name="PreProcessingFlags" javaclass="com.wm.app.tn.route.PreRoutingFlags">
						<value name="verify?">no</value>
						<value name="validate?">no</value>
						<value name="persist?">yes</value>
						<value name="unique?">no</value>
					</record>
					<value name="standard">VICS</value>
					<value name="version">4050</value>
					<value name="transaction">855</value>
				</idatacodable>
				<idatacodable name="53o6cf003k2d436900000019" javaclass="wm.b2b.editn.EDITransactionDocType">
					<value name="TypeID">53o6cf003k2d436900000019</value>
					<value name="TypeName">VICS 4050 856</value>
					<null name="TypeDescription"/>
					<idatacodable name="Deleted" javaclass="com.wm.data.MBoolean">
						<value name="MBoolean">false</value>
					</idatacodable>
					<value name="LastModified">2008-10-16 14:12:34.041</value>
					<value name="ValidationSvc">wm.b2b.editn:validateTransaction</value>
					<record name="PreProcessingFlags" javaclass="com.wm.app.tn.route.PreRoutingFlags">
						<value name="verify?">no</value>
						<value name="validate?">no</value>
						<value name="persist?">yes</value>
						<value name="unique?">no</value>
					</record>
					<value name="standard">VICS</value>
					<value name="version">4050</value>
					<value name="transaction">856</value>
				</idatacodable>
				<idatacodable name="53o6cf003k2d43690000001a" javaclass="wm.b2b.editn.EDITransactionDocType">
					<value name="TypeID">53o6cf003k2d43690000001a</value>
					<value name="TypeName">VICS 4050 860</value>
					<null name="TypeDescription"/>
					<idatacodable name="Deleted" javaclass="com.wm.data.MBoolean">
						<value name="MBoolean">false</value>
					</idatacodable>
					<value name="LastModified">2008-10-16 14:12:34.041</value>
					<value name="ValidationSvc">wm.b2b.editn:validateTransaction</value>
					<record name="PreProcessingFlags" javaclass="com.wm.app.tn.route.PreRoutingFlags">
						<value name="verify?">no</value>
						<value name="validate?">no</value>
						<value name="persist?">yes</value>
						<value name="unique?">no</value>
					</record>
					<value name="standard">VICS</value>
					<value name="version">4050</value>
					<value name="transaction">860</value>
				</idatacodable>
				<idatacodable name="53o6cf003k2d43690000001b" javaclass="wm.b2b.editn.EDITransactionDocType">
					<value name="TypeID">53o6cf003k2d43690000001b</value>
					<value name="TypeName">VICS 4050 861</value>
					<null name="TypeDescription"/>
					<idatacodable name="Deleted" javaclass="com.wm.data.MBoolean">
						<value name="MBoolean">false</value>
					</idatacodable>
					<value name="LastModified">2008-10-16 14:12:34.041</value>
					<value name="ValidationSvc">wm.b2b.editn:validateTransaction</value>
					<record name="PreProcessingFlags" javaclass="com.wm.app.tn.route.PreRoutingFlags">
						<value name="verify?">no</value>
						<value name="validate?">no</value>
						<value name="persist?">yes</value>
						<value name="unique?">no</value>
					</record>
					<value name="standard">VICS</value>
					<value name="version">4050</value>
					<value name="transaction">861</value>
				</idatacodable>
				<idatacodable name="53o6cf003k2d43690000001c" javaclass="wm.b2b.editn.EDITransactionDocType">
					<value name="TypeID">53o6cf003k2d43690000001c</value>
					<value name="TypeName">VICS 4050 864</value>
					<null name="TypeDescription"/>
					<idatacodable name="Deleted" javaclass="com.wm.data.MBoolean">
						<value name="MBoolean">false</value>
					</idatacodable>
					<value name="LastModified">2008-10-16 14:12:34.041</value>
					<value name="ValidationSvc">wm.b2b.editn:validateTransaction</value>
					<record name="PreProcessingFlags" javaclass="com.wm.app.tn.route.PreRoutingFlags">
						<value name="verify?">no</value>
						<value name="validate?">no</value>
						<value name="persist?">yes</value>
						<value name="unique?">no</value>
					</record>
					<value name="standard">VICS</value>
					<value name="version">4050</value>
					<value name="transaction">864</value>
				</idatacodable>
				<idatacodable name="53o6cf003k2d43690000001d" javaclass="wm.b2b.editn.EDITransactionDocType">
					<value name="TypeID">53o6cf003k2d43690000001d</value>
					<value name="TypeName">VICS 4050 869</value>
					<null name="TypeDescription"/>
					<idatacodable name="Deleted" javaclass="com.wm.data.MBoolean">
						<value name="MBoolean">false</value>
					</idatacodable>
					<value name="LastModified">2008-10-16 14:12:34.041</value>
					<value name="ValidationSvc">wm.b2b.editn:validateTransaction</value>
					<record name="PreProcessingFlags" javaclass="com.wm.app.tn.route.PreRoutingFlags">
						<value name="verify?">no</value>
						<value name="validate?">no</value>
						<value name="persist?">yes</value>
						<value name="unique?">no</value>
					</record>
					<value name="standard">VICS</value>
					<value name="version">4050</value>
					<value name="transaction">869</value>
				</idatacodable>
				<idatacodable name="53o6cf003k2d43690000001e" javaclass="wm.b2b.editn.EDITransactionDocType">
					<value name="TypeID">53o6cf003k2d43690000001e</value>
					<value name="TypeName">VICS 4050 870</value>
					<null name="TypeDescription"/>
					<idatacodable name="Deleted" javaclass="com.wm.data.MBoolean">
						<value name="MBoolean">false</value>
					</idatacodable>
					<value name="LastModified">2008-10-16 14:12:34.041</value>
					<value name="ValidationSvc">wm.b2b.editn:validateTransaction</value>
					<record name="PreProcessingFlags" javaclass="com.wm.app.tn.route.PreRoutingFlags">
						<value name="verify?">no</value>
						<value name="validate?">no</value>
						<value name="persist?">yes</value>
						<value name="unique?">no</value>
					</record>
					<value name="standard">VICS</value>
					<value name="version">4050</value>
					<value name="transaction">870</value>
				</idatacodable>
				<idatacodable name="53o6cf003k2d43690000001f" javaclass="wm.b2b.editn.EDITransactionDocType">
					<value name="TypeID">53o6cf003k2d43690000001f</value>
					<value name="TypeName">VICS 4050 882</value>
					<null name="TypeDescription"/>
					<idatacodable name="Deleted" javaclass="com.wm.data.MBoolean">
						<value name="MBoolean">false</value>
					</idatacodable>
					<value name="LastModified">2008-10-16 14:12:34.041</value>
					<value name="ValidationSvc">wm.b2b.editn:validateTransaction</value>
					<record name="PreProcessingFlags" javaclass="com.wm.app.tn.route.PreRoutingFlags">
						<value name="verify?">no</value>
						<value name="validate?">no</value>
						<value name="persist?">yes</value>
						<value name="unique?">no</value>
					</record>
					<value name="standard">VICS</value>
					<value name="version">4050</value>
					<value name="transaction">882</value>
				</idatacodable>
				<idatacodable name="53o6cf003k2d43690000001g" javaclass="wm.b2b.editn.EDITransactionDocType">
					<value name="TypeID">53o6cf003k2d43690000001g</value>
					<value name="TypeName">VICS 4050 889</value>
					<null name="TypeDescription"/>
					<idatacodable name="Deleted" javaclass="com.wm.data.MBoolean">
						<value name="MBoolean">false</value>
					</idatacodable>
					<value name="LastModified">2008-10-16 14:12:34.041</value>
					<value name="ValidationSvc">wm.b2b.editn:validateTransaction</value>
					<record name="PreProcessingFlags" javaclass="com.wm.app.tn.route.PreRoutingFlags">
						<value name="verify?">no</value>
						<value name="validate?">no</value>
						<value name="persist?">yes</value>
						<value name="unique?">no</value>
					</record>
					<value name="standard">VICS</value>
					<value name="version">4050</value>
					<value name="transaction">889</value>
				</idatacodable>
				<idatacodable name="53o6cf003k2d43690000001h" javaclass="wm.b2b.editn.EDITransactionDocType">
					<value name="TypeID">53o6cf003k2d43690000001h</value>
					<value name="TypeName">VICS 4050 893</value>
					<null name="TypeDescription"/>
					<idatacodable name="Deleted" javaclass="com.wm.data.MBoolean">
						<value name="MBoolean">false</value>
					</idatacodable>
					<value name="LastModified">2008-10-16 14:12:34.041</value>
					<value name="ValidationSvc">wm.b2b.editn:validateTransaction</value>
					<record name="PreProcessingFlags" javaclass="com.wm.app.tn.route.PreRoutingFlags">
						<value name="verify?">no</value>
						<value name="validate?">no</value>
						<value name="persist?">yes</value>
						<value name="unique?">no</value>
					</record>
					<value name="standard">VICS</value>
					<value name="version">4050</value>
					<value name="transaction">893</value>
				</idatacodable>
				<idatacodable name="53o6cf003k2d43690000001i" javaclass="wm.b2b.editn.EDITransactionDocType">
					<value name="TypeID">53o6cf003k2d43690000001i</value>
					<value name="TypeName">VICS 4050 940</value>
					<null name="TypeDescription"/>
					<idatacodable name="Deleted" javaclass="com.wm.data.MBoolean">
						<value name="MBoolean">false</value>
					</idatacodable>
					<value name="LastModified">2008-10-16 14:12:34.041</value>
					<value name="ValidationSvc">wm.b2b.editn:validateTransaction</value>
					<record name="PreProcessingFlags" javaclass="com.wm.app.tn.route.PreRoutingFlags">
						<value name="verify?">no</value>
						<value name="validate?">no</value>
						<value name="persist?">yes</value>
						<value name="unique?">no</value>
					</record>
					<value name="standard">VICS</value>
					<value name="version">4050</value>
					<value name="transaction">940</value>
				</idatacodable>
				<idatacodable name="53o6cf003k2d43690000001j" javaclass="wm.b2b.editn.EDITransactionDocType">
					<value name="TypeID">53o6cf003k2d43690000001j</value>
					<value name="TypeName">VICS 4050 947</value>
					<null name="TypeDescription"/>
					<idatacodable name="Deleted" javaclass="com.wm.data.MBoolean">
						<value name="MBoolean">false</value>
					</idatacodable>
					<value name="LastModified">2008-10-16 14:12:34.041</value>
					<value name="ValidationSvc">wm.b2b.editn:validateTransaction</value>
					<record name="PreProcessingFlags" javaclass="com.wm.app.tn.route.PreRoutingFlags">
						<value name="verify?">no</value>
						<value name="validate?">no</value>
						<value name="persist?">yes</value>
						<value name="unique?">no</value>
					</record>
					<value name="standard">VICS</value>
					<value name="version">4050</value>
					<value name="transaction">947</value>
				</idatacodable>
				<idatacodable name="53o6cf003k2d43690000001k" javaclass="wm.b2b.editn.EDITransactionDocType">
					<value name="TypeID">53o6cf003k2d43690000001k</value>
					<value name="TypeName">VICS 4050 997</value>
					<null name="TypeDescription"/>
					<idatacodable name="Deleted" javaclass="com.wm.data.MBoolean">
						<value name="MBoolean">false</value>
					</idatacodable>
					<value name="LastModified">2008-10-16 14:12:34.041</value>
					<value name="ValidationSvc">wm.b2b.editn:validateTransaction</value>
					<record name="PreProcessingFlags" javaclass="com.wm.app.tn.route.PreRoutingFlags">
						<value name="verify?">no</value>
						<value name="validate?">no</value>
						<value name="persist?">yes</value>
						<value name="unique?">no</value>
					</record>
					<value name="standard">VICS</value>
					<value name="version">4050</value>
					<value name="transaction">997</value>
				</idatacodable>		</record>
	</record>
</IDataXMLCoder>
