<?xml version="1.0" encoding="UTF-8"?>

<IDataXMLCoder version="1.0">
  <record javaclass="com.wm.data.BasicData">
    <record name="version" javaclass="com.wm.data.BasicData">
      <value name="major">1</value>
      <value name="minor">0</value>
    </record>
    <record name="types" javaclass="com.wm.data.BasicData">      <idatacodable name="7f000001f70d649100010038" javaclass="wm.b2b.editn.EDITransactionDocType">
        <value name="TypeID">7f000001f70d649100010038</value>
        <value name="TypeName">X12 2002 810</value>
        <null name="TypeDescription"/>
        <idatacodable name="Deleted" javaclass="com.wm.data.MBoolean">
          <value name="MBoolean">false</value>
        </idatacodable>
        <value name="LastModified">2000-10-02 11:13:47.755</value>
        <value name="ValidationSvc">wm.b2b.editn:validateTransaction</value>
        <record name="PreProcessingFlags" javaclass="com.wm.app.tn.route.PreRoutingFlags">
          <value name="verify?">no</value>
          <value name="validate?">no</value>
          <value name="persist?">yes</value>
          <value name="unique?">no</value>
        </record>
        <value name="standard">X12</value>
        <value name="version">2002</value>
        <value name="transaction">810</value>
      </idatacodable>      <idatacodable name="7f000001f70d649100010039" javaclass="wm.b2b.editn.EDITransactionDocType">
        <value name="TypeID">7f000001f70d649100010039</value>
        <value name="TypeName">X12 2002 819</value>
        <null name="TypeDescription"/>
        <idatacodable name="Deleted" javaclass="com.wm.data.MBoolean">
          <value name="MBoolean">false</value>
        </idatacodable>
        <value name="LastModified">2000-10-02 11:13:47.755</value>
        <value name="ValidationSvc">wm.b2b.editn:validateTransaction</value>
        <record name="PreProcessingFlags" javaclass="com.wm.app.tn.route.PreRoutingFlags">
          <value name="verify?">no</value>
          <value name="validate?">no</value>
          <value name="persist?">yes</value>
          <value name="unique?">no</value>
        </record>
        <value name="standard">X12</value>
        <value name="version">2002</value>
        <value name="transaction">819</value>
      </idatacodable>      <idatacodable name="7f000001f70d649100010040" javaclass="wm.b2b.editn.EDITransactionDocType">
        <value name="TypeID">7f000001f70d649100010040</value>
        <value name="TypeName">X12 2002 820</value>
        <null name="TypeDescription"/>
        <idatacodable name="Deleted" javaclass="com.wm.data.MBoolean">
          <value name="MBoolean">false</value>
        </idatacodable>
        <value name="LastModified">2000-10-02 11:13:47.755</value>
        <value name="ValidationSvc">wm.b2b.editn:validateTransaction</value>
        <record name="PreProcessingFlags" javaclass="com.wm.app.tn.route.PreRoutingFlags">
          <value name="verify?">no</value>
          <value name="validate?">no</value>
          <value name="persist?">yes</value>
          <value name="unique?">no</value>
        </record>
        <value name="standard">X12</value>
        <value name="version">2002</value>
        <value name="transaction">820</value>
      </idatacodable>      <idatacodable name="7f000001f70d649100010041" javaclass="wm.b2b.editn.EDITransactionDocType">
        <value name="TypeID">7f000001f70d649100010041</value>
        <value name="TypeName">X12 2002 822</value>
        <null name="TypeDescription"/>
        <idatacodable name="Deleted" javaclass="com.wm.data.MBoolean">
          <value name="MBoolean">false</value>
        </idatacodable>
        <value name="LastModified">2000-10-02 11:13:47.755</value>
        <value name="ValidationSvc">wm.b2b.editn:validateTransaction</value>
        <record name="PreProcessingFlags" javaclass="com.wm.app.tn.route.PreRoutingFlags">
          <value name="verify?">no</value>
          <value name="validate?">no</value>
          <value name="persist?">yes</value>
          <value name="unique?">no</value>
        </record>
        <value name="standard">X12</value>
        <value name="version">2002</value>
        <value name="transaction">822</value>
      </idatacodable>      <idatacodable name="7f000001f70d649100010042" javaclass="wm.b2b.editn.EDITransactionDocType">
        <value name="TypeID">7f000001f70d649100010042</value>
        <value name="TypeName">X12 2002 823</value>
        <null name="TypeDescription"/>
        <idatacodable name="Deleted" javaclass="com.wm.data.MBoolean">
          <value name="MBoolean">false</value>
        </idatacodable>
        <value name="LastModified">2000-10-02 11:13:47.755</value>
        <value name="ValidationSvc">wm.b2b.editn:validateTransaction</value>
        <record name="PreProcessingFlags" javaclass="com.wm.app.tn.route.PreRoutingFlags">
          <value name="verify?">no</value>
          <value name="validate?">no</value>
          <value name="persist?">yes</value>
          <value name="unique?">no</value>
        </record>
        <value name="standard">X12</value>
        <value name="version">2002</value>
        <value name="transaction">823</value>
      </idatacodable>      <idatacodable name="7f000001f70d649100010043" javaclass="wm.b2b.editn.EDITransactionDocType">
        <value name="TypeID">7f000001f70d649100010043</value>
        <value name="TypeName">X12 2002 824</value>
        <null name="TypeDescription"/>
        <idatacodable name="Deleted" javaclass="com.wm.data.MBoolean">
          <value name="MBoolean">false</value>
        </idatacodable>
        <value name="LastModified">2000-10-02 11:13:47.755</value>
        <value name="ValidationSvc">wm.b2b.editn:validateTransaction</value>
        <record name="PreProcessingFlags" javaclass="com.wm.app.tn.route.PreRoutingFlags">
          <value name="verify?">no</value>
          <value name="validate?">no</value>
          <value name="persist?">yes</value>
          <value name="unique?">no</value>
        </record>
        <value name="standard">X12</value>
        <value name="version">2002</value>
        <value name="transaction">824</value>
      </idatacodable>      <idatacodable name="7f000001f70d649100010044" javaclass="wm.b2b.editn.EDITransactionDocType">
        <value name="TypeID">7f000001f70d649100010044</value>
        <value name="TypeName">X12 2002 830</value>
        <null name="TypeDescription"/>
        <idatacodable name="Deleted" javaclass="com.wm.data.MBoolean">
          <value name="MBoolean">false</value>
        </idatacodable>
        <value name="LastModified">2000-10-02 11:13:47.755</value>
        <value name="ValidationSvc">wm.b2b.editn:validateTransaction</value>
        <record name="PreProcessingFlags" javaclass="com.wm.app.tn.route.PreRoutingFlags">
          <value name="verify?">no</value>
          <value name="validate?">no</value>
          <value name="persist?">yes</value>
          <value name="unique?">no</value>
        </record>
        <value name="standard">X12</value>
        <value name="version">2002</value>
        <value name="transaction">830</value>
      </idatacodable>      <idatacodable name="7f000001f70d649100010045" javaclass="wm.b2b.editn.EDITransactionDocType">
        <value name="TypeID">7f000001f70d649100010045</value>
        <value name="TypeName">X12 2002 832</value>
        <null name="TypeDescription"/>
        <idatacodable name="Deleted" javaclass="com.wm.data.MBoolean">
          <value name="MBoolean">false</value>
        </idatacodable>
        <value name="LastModified">2000-10-02 11:13:47.755</value>
        <value name="ValidationSvc">wm.b2b.editn:validateTransaction</value>
        <record name="PreProcessingFlags" javaclass="com.wm.app.tn.route.PreRoutingFlags">
          <value name="verify?">no</value>
          <value name="validate?">no</value>
          <value name="persist?">yes</value>
          <value name="unique?">no</value>
        </record>
        <value name="standard">X12</value>
        <value name="version">2002</value>
        <value name="transaction">832</value>
      </idatacodable>      <idatacodable name="7f000001f70d649100010046" javaclass="wm.b2b.editn.EDITransactionDocType">
        <value name="TypeID">7f000001f70d649100010046</value>
        <value name="TypeName">X12 2002 840</value>
        <null name="TypeDescription"/>
        <idatacodable name="Deleted" javaclass="com.wm.data.MBoolean">
          <value name="MBoolean">false</value>
        </idatacodable>
        <value name="LastModified">2000-10-02 11:13:47.755</value>
        <value name="ValidationSvc">wm.b2b.editn:validateTransaction</value>
        <record name="PreProcessingFlags" javaclass="com.wm.app.tn.route.PreRoutingFlags">
          <value name="verify?">no</value>
          <value name="validate?">no</value>
          <value name="persist?">yes</value>
          <value name="unique?">no</value>
        </record>
        <value name="standard">X12</value>
        <value name="version">2002</value>
        <value name="transaction">840</value>
      </idatacodable>      <idatacodable name="7f000001f70d649100010047" javaclass="wm.b2b.editn.EDITransactionDocType">
        <value name="TypeID">7f000001f70d649100010047</value>
        <value name="TypeName">X12 2002 843</value>
        <null name="TypeDescription"/>
        <idatacodable name="Deleted" javaclass="com.wm.data.MBoolean">
          <value name="MBoolean">false</value>
        </idatacodable>
        <value name="LastModified">2000-10-02 11:13:47.755</value>
        <value name="ValidationSvc">wm.b2b.editn:validateTransaction</value>
        <record name="PreProcessingFlags" javaclass="com.wm.app.tn.route.PreRoutingFlags">
          <value name="verify?">no</value>
          <value name="validate?">no</value>
          <value name="persist?">yes</value>
          <value name="unique?">no</value>
        </record>
        <value name="standard">X12</value>
        <value name="version">2002</value>
        <value name="transaction">843</value>
      </idatacodable>      <idatacodable name="7f000001f70d649100010048" javaclass="wm.b2b.editn.EDITransactionDocType">
        <value name="TypeID">7f000001f70d649100010048</value>
        <value name="TypeName">X12 2002 844</value>
        <null name="TypeDescription"/>
        <idatacodable name="Deleted" javaclass="com.wm.data.MBoolean">
          <value name="MBoolean">false</value>
        </idatacodable>
        <value name="LastModified">2000-10-02 11:13:47.755</value>
        <value name="ValidationSvc">wm.b2b.editn:validateTransaction</value>
        <record name="PreProcessingFlags" javaclass="com.wm.app.tn.route.PreRoutingFlags">
          <value name="verify?">no</value>
          <value name="validate?">no</value>
          <value name="persist?">yes</value>
          <value name="unique?">no</value>
        </record>
        <value name="standard">X12</value>
        <value name="version">2002</value>
        <value name="transaction">844</value>
      </idatacodable>      <idatacodable name="7f000001f70d649100010049" javaclass="wm.b2b.editn.EDITransactionDocType">
        <value name="TypeID">7f000001f70d649100010049</value>
        <value name="TypeName">X12 2002 846</value>
        <null name="TypeDescription"/>
        <idatacodable name="Deleted" javaclass="com.wm.data.MBoolean">
          <value name="MBoolean">false</value>
        </idatacodable>
        <value name="LastModified">2000-10-02 11:13:47.755</value>
        <value name="ValidationSvc">wm.b2b.editn:validateTransaction</value>
        <record name="PreProcessingFlags" javaclass="com.wm.app.tn.route.PreRoutingFlags">
          <value name="verify?">no</value>
          <value name="validate?">no</value>
          <value name="persist?">yes</value>
          <value name="unique?">no</value>
        </record>
        <value name="standard">X12</value>
        <value name="version">2002</value>
        <value name="transaction">846</value>
      </idatacodable>      <idatacodable name="7f000001f70d649100010050" javaclass="wm.b2b.editn.EDITransactionDocType">
        <value name="TypeID">7f000001f70d649100010050</value>
        <value name="TypeName">X12 2002 849</value>
        <null name="TypeDescription"/>
        <idatacodable name="Deleted" javaclass="com.wm.data.MBoolean">
          <value name="MBoolean">false</value>
        </idatacodable>
        <value name="LastModified">2000-10-02 11:13:47.755</value>
        <value name="ValidationSvc">wm.b2b.editn:validateTransaction</value>
        <record name="PreProcessingFlags" javaclass="com.wm.app.tn.route.PreRoutingFlags">
          <value name="verify?">no</value>
          <value name="validate?">no</value>
          <value name="persist?">yes</value>
          <value name="unique?">no</value>
        </record>
        <value name="standard">X12</value>
        <value name="version">2002</value>
        <value name="transaction">849</value>
      </idatacodable>      <idatacodable name="7f000001f70d649100010051" javaclass="wm.b2b.editn.EDITransactionDocType">
        <value name="TypeID">7f000001f70d649100010051</value>
        <value name="TypeName">X12 2002 850</value>
        <null name="TypeDescription"/>
        <idatacodable name="Deleted" javaclass="com.wm.data.MBoolean">
          <value name="MBoolean">false</value>
        </idatacodable>
        <value name="LastModified">2000-10-02 11:13:47.755</value>
        <value name="ValidationSvc">wm.b2b.editn:validateTransaction</value>
        <record name="PreProcessingFlags" javaclass="com.wm.app.tn.route.PreRoutingFlags">
          <value name="verify?">no</value>
          <value name="validate?">no</value>
          <value name="persist?">yes</value>
          <value name="unique?">no</value>
        </record>
        <value name="standard">X12</value>
        <value name="version">2002</value>
        <value name="transaction">850</value>
      </idatacodable>      <idatacodable name="7f000001f70d649100010052" javaclass="wm.b2b.editn.EDITransactionDocType">
        <value name="TypeID">7f000001f70d649100010052</value>
        <value name="TypeName">X12 2002 855</value>
        <null name="TypeDescription"/>
        <idatacodable name="Deleted" javaclass="com.wm.data.MBoolean">
          <value name="MBoolean">false</value>
        </idatacodable>
        <value name="LastModified">2000-10-02 11:13:47.755</value>
        <value name="ValidationSvc">wm.b2b.editn:validateTransaction</value>
        <record name="PreProcessingFlags" javaclass="com.wm.app.tn.route.PreRoutingFlags">
          <value name="verify?">no</value>
          <value name="validate?">no</value>
          <value name="persist?">yes</value>
          <value name="unique?">no</value>
        </record>
        <value name="standard">X12</value>
        <value name="version">2002</value>
        <value name="transaction">855</value>
      </idatacodable>      <idatacodable name="7f000001f70d649100010053" javaclass="wm.b2b.editn.EDITransactionDocType">
        <value name="TypeID">7f000001f70d649100010053</value>
        <value name="TypeName">X12 2002 856</value>
        <null name="TypeDescription"/>
        <idatacodable name="Deleted" javaclass="com.wm.data.MBoolean">
          <value name="MBoolean">false</value>
        </idatacodable>
        <value name="LastModified">2000-10-02 11:13:47.755</value>
        <value name="ValidationSvc">wm.b2b.editn:validateTransaction</value>
        <record name="PreProcessingFlags" javaclass="com.wm.app.tn.route.PreRoutingFlags">
          <value name="verify?">no</value>
          <value name="validate?">no</value>
          <value name="persist?">yes</value>
          <value name="unique?">no</value>
        </record>
        <value name="standard">X12</value>
        <value name="version">2002</value>
        <value name="transaction">856</value>
      </idatacodable>      <idatacodable name="7f000001f70d649100010054" javaclass="wm.b2b.editn.EDITransactionDocType">
        <value name="TypeID">7f000001f70d649100010054</value>
        <value name="TypeName">X12 2002 860</value>
        <null name="TypeDescription"/>
        <idatacodable name="Deleted" javaclass="com.wm.data.MBoolean">
          <value name="MBoolean">false</value>
        </idatacodable>
        <value name="LastModified">2000-10-02 11:13:47.755</value>
        <value name="ValidationSvc">wm.b2b.editn:validateTransaction</value>
        <record name="PreProcessingFlags" javaclass="com.wm.app.tn.route.PreRoutingFlags">
          <value name="verify?">no</value>
          <value name="validate?">no</value>
          <value name="persist?">yes</value>
          <value name="unique?">no</value>
        </record>
        <value name="standard">X12</value>
        <value name="version">2002</value>
        <value name="transaction">860</value>
      </idatacodable>      <idatacodable name="7f000001f70d649100010055" javaclass="wm.b2b.editn.EDITransactionDocType">
        <value name="TypeID">7f000001f70d649100010055</value>
        <value name="TypeName">X12 2002 861</value>
        <null name="TypeDescription"/>
        <idatacodable name="Deleted" javaclass="com.wm.data.MBoolean">
          <value name="MBoolean">false</value>
        </idatacodable>
        <value name="LastModified">2000-10-02 11:13:47.755</value>
        <value name="ValidationSvc">wm.b2b.editn:validateTransaction</value>
        <record name="PreProcessingFlags" javaclass="com.wm.app.tn.route.PreRoutingFlags">
          <value name="verify?">no</value>
          <value name="validate?">no</value>
          <value name="persist?">yes</value>
          <value name="unique?">no</value>
        </record>
        <value name="standard">X12</value>
        <value name="version">2002</value>
        <value name="transaction">861</value>
      </idatacodable>      <idatacodable name="7f000001f70d649100010056" javaclass="wm.b2b.editn.EDITransactionDocType">
        <value name="TypeID">7f000001f70d649100010056</value>
        <value name="TypeName">X12 2002 862</value>
        <null name="TypeDescription"/>
        <idatacodable name="Deleted" javaclass="com.wm.data.MBoolean">
          <value name="MBoolean">false</value>
        </idatacodable>
        <value name="LastModified">2000-10-02 11:13:47.755</value>
        <value name="ValidationSvc">wm.b2b.editn:validateTransaction</value>
        <record name="PreProcessingFlags" javaclass="com.wm.app.tn.route.PreRoutingFlags">
          <value name="verify?">no</value>
          <value name="validate?">no</value>
          <value name="persist?">yes</value>
          <value name="unique?">no</value>
        </record>
        <value name="standard">X12</value>
        <value name="version">2002</value>
        <value name="transaction">862</value>
      </idatacodable>      <idatacodable name="7f000001f70d649100010057" javaclass="wm.b2b.editn.EDITransactionDocType">
        <value name="TypeID">7f000001f70d649100010057</value>
        <value name="TypeName">X12 2002 863</value>
        <null name="TypeDescription"/>
        <idatacodable name="Deleted" javaclass="com.wm.data.MBoolean">
          <value name="MBoolean">false</value>
        </idatacodable>
        <value name="LastModified">2000-10-02 11:13:47.755</value>
        <value name="ValidationSvc">wm.b2b.editn:validateTransaction</value>
        <record name="PreProcessingFlags" javaclass="com.wm.app.tn.route.PreRoutingFlags">
          <value name="verify?">no</value>
          <value name="validate?">no</value>
          <value name="persist?">yes</value>
          <value name="unique?">no</value>
        </record>
        <value name="standard">X12</value>
        <value name="version">2002</value>
        <value name="transaction">863</value>
      </idatacodable>      <idatacodable name="7f000001f70d649100010058" javaclass="wm.b2b.editn.EDITransactionDocType">
        <value name="TypeID">7f000001f70d649100010058</value>
        <value name="TypeName">X12 2002 865</value>
        <null name="TypeDescription"/>
        <idatacodable name="Deleted" javaclass="com.wm.data.MBoolean">
          <value name="MBoolean">false</value>
        </idatacodable>
        <value name="LastModified">2000-10-02 11:13:47.755</value>
        <value name="ValidationSvc">wm.b2b.editn:validateTransaction</value>
        <record name="PreProcessingFlags" javaclass="com.wm.app.tn.route.PreRoutingFlags">
          <value name="verify?">no</value>
          <value name="validate?">no</value>
          <value name="persist?">yes</value>
          <value name="unique?">no</value>
        </record>
        <value name="standard">X12</value>
        <value name="version">2002</value>
        <value name="transaction">865</value>
      </idatacodable>      <idatacodable name="7f000001f70d649100010059" javaclass="wm.b2b.editn.EDITransactionDocType">
        <value name="TypeID">7f000001f70d649100010059</value>
        <value name="TypeName">X12 2002 867</value>
        <null name="TypeDescription"/>
        <idatacodable name="Deleted" javaclass="com.wm.data.MBoolean">
          <value name="MBoolean">false</value>
        </idatacodable>
        <value name="LastModified">2000-10-02 11:13:47.755</value>
        <value name="ValidationSvc">wm.b2b.editn:validateTransaction</value>
        <record name="PreProcessingFlags" javaclass="com.wm.app.tn.route.PreRoutingFlags">
          <value name="verify?">no</value>
          <value name="validate?">no</value>
          <value name="persist?">yes</value>
          <value name="unique?">no</value>
        </record>
        <value name="standard">X12</value>
        <value name="version">2002</value>
        <value name="transaction">867</value>
      </idatacodable>      <idatacodable name="7f000001f70d649100010060" javaclass="wm.b2b.editn.EDITransactionDocType">
        <value name="TypeID">7f000001f70d649100010060</value>
        <value name="TypeName">X12 2002 869</value>
        <null name="TypeDescription"/>
        <idatacodable name="Deleted" javaclass="com.wm.data.MBoolean">
          <value name="MBoolean">false</value>
        </idatacodable>
        <value name="LastModified">2000-10-02 11:13:47.755</value>
        <value name="ValidationSvc">wm.b2b.editn:validateTransaction</value>
        <record name="PreProcessingFlags" javaclass="com.wm.app.tn.route.PreRoutingFlags">
          <value name="verify?">no</value>
          <value name="validate?">no</value>
          <value name="persist?">yes</value>
          <value name="unique?">no</value>
        </record>
        <value name="standard">X12</value>
        <value name="version">2002</value>
        <value name="transaction">869</value>
      </idatacodable>      <idatacodable name="7f000001f70d649100010061" javaclass="wm.b2b.editn.EDITransactionDocType">
        <value name="TypeID">7f000001f70d649100010061</value>
        <value name="TypeName">X12 2002 870</value>
        <null name="TypeDescription"/>
        <idatacodable name="Deleted" javaclass="com.wm.data.MBoolean">
          <value name="MBoolean">false</value>
        </idatacodable>
        <value name="LastModified">2000-10-02 11:13:47.755</value>
        <value name="ValidationSvc">wm.b2b.editn:validateTransaction</value>
        <record name="PreProcessingFlags" javaclass="com.wm.app.tn.route.PreRoutingFlags">
          <value name="verify?">no</value>
          <value name="validate?">no</value>
          <value name="persist?">yes</value>
          <value name="unique?">no</value>
        </record>
        <value name="standard">X12</value>
        <value name="version">2002</value>
        <value name="transaction">870</value>
      </idatacodable>      <idatacodable name="7f000001f70d649100010062" javaclass="wm.b2b.editn.EDITransactionDocType">
        <value name="TypeID">7f000001f70d649100010062</value>
        <value name="TypeName">X12 2002 997</value>
        <null name="TypeDescription"/>
        <idatacodable name="Deleted" javaclass="com.wm.data.MBoolean">
          <value name="MBoolean">false</value>
        </idatacodable>
        <value name="LastModified">2000-10-02 11:13:47.755</value>
        <value name="ValidationSvc">wm.b2b.editn:validateTransaction</value>
        <record name="PreProcessingFlags" javaclass="com.wm.app.tn.route.PreRoutingFlags">
          <value name="verify?">no</value>
          <value name="validate?">no</value>
          <value name="persist?">yes</value>
          <value name="unique?">no</value>
        </record>
        <value name="standard">X12</value>
        <value name="version">2002</value>
        <value name="transaction">997</value>
      </idatacodable>    </record>
  </record>
</IDataXMLCoder>
