<?xml version="1.0" encoding="UTF-8"?>

	<IDataXMLCoder version="1.0">
		<record javaclass="com.wm.data.BasicData">
			<record name="version" javaclass="com.wm.data.BasicData">
				<value name="major">1</value>
				<value name="minor">0</value>
			</record>
		<record name="types" javaclass="com.wm.data.BasicData">

				<idatacodable name="53o75f005cupphhk000000rr" javaclass="wm.b2b.editn.EDITransactionDocType">
					<value name="TypeID">53o75f005cupphhk000000rr</value>
					<value name="TypeName">X12 4010RIFMAT 810</value>
					<null name="TypeDescription"/>
					<idatacodable name="Deleted" javaclass="com.wm.data.MBoolean">
						<value name="MBoolean">false</value>
					</idatacodable>
					<value name="LastModified">2010-09-23 13:31:46.036</value>
					<value name="ValidationSvc">wm.b2b.editn:validateTransaction</value>
					<record name="PreProcessingFlags" javaclass="com.wm.app.tn.route.PreRoutingFlags">
						<value name="verify?">no</value>
						<value name="validate?">no</value>
						<value name="persist?">yes</value>
						<value name="unique?">no</value>
					</record>
					<value name="standard">X12</value>
					<value name="version">4010RIFMAT</value>
					<value name="transaction">810</value>
				</idatacodable>
				<idatacodable name="53o75f005cupphhk000000rs" javaclass="wm.b2b.editn.EDITransactionDocType">
					<value name="TypeID">53o75f005cupphhk000000rs</value>
					<value name="TypeName">X12 4010RIFMAT 820</value>
					<null name="TypeDescription"/>
					<idatacodable name="Deleted" javaclass="com.wm.data.MBoolean">
						<value name="MBoolean">false</value>
					</idatacodable>
					<value name="LastModified">2010-09-23 13:31:46.036</value>
					<value name="ValidationSvc">wm.b2b.editn:validateTransaction</value>
					<record name="PreProcessingFlags" javaclass="com.wm.app.tn.route.PreRoutingFlags">
						<value name="verify?">no</value>
						<value name="validate?">no</value>
						<value name="persist?">yes</value>
						<value name="unique?">no</value>
					</record>
					<value name="standard">X12</value>
					<value name="version">4010RIFMAT</value>
					<value name="transaction">820</value>
				</idatacodable>
				<idatacodable name="53o75f005cupphhk000000rt" javaclass="wm.b2b.editn.EDITransactionDocType">
					<value name="TypeID">53o75f005cupphhk000000rt</value>
					<value name="TypeName">X12 4010RIFMAT 850</value>
					<null name="TypeDescription"/>
					<idatacodable name="Deleted" javaclass="com.wm.data.MBoolean">
						<value name="MBoolean">false</value>
					</idatacodable>
					<value name="LastModified">2010-09-23 13:31:46.036</value>
					<value name="ValidationSvc">wm.b2b.editn:validateTransaction</value>
					<record name="PreProcessingFlags" javaclass="com.wm.app.tn.route.PreRoutingFlags">
						<value name="verify?">no</value>
						<value name="validate?">no</value>
						<value name="persist?">yes</value>
						<value name="unique?">no</value>
					</record>
					<value name="standard">X12</value>
					<value name="version">4010RIFMAT</value>
					<value name="transaction">850</value>
				</idatacodable>
				<idatacodable name="53o75f005cupphhk000000ru" javaclass="wm.b2b.editn.EDITransactionDocType">
					<value name="TypeID">53o75f005cupphhk000000ru</value>
					<value name="TypeName">X12 4010RIFMAT 855</value>
					<null name="TypeDescription"/>
					<idatacodable name="Deleted" javaclass="com.wm.data.MBoolean">
						<value name="MBoolean">false</value>
					</idatacodable>
					<value name="LastModified">2010-09-23 13:31:46.036</value>
					<value name="ValidationSvc">wm.b2b.editn:validateTransaction</value>
					<record name="PreProcessingFlags" javaclass="com.wm.app.tn.route.PreRoutingFlags">
						<value name="verify?">no</value>
						<value name="validate?">no</value>
						<value name="persist?">yes</value>
						<value name="unique?">no</value>
					</record>
					<value name="standard">X12</value>
					<value name="version">4010RIFMAT</value>
					<value name="transaction">855</value>
				</idatacodable>
				<idatacodable name="53o75f005cupphhk000000rv" javaclass="wm.b2b.editn.EDITransactionDocType">
					<value name="TypeID">53o75f005cupphhk000000rv</value>
					<value name="TypeName">X12 4010RIFMAT 870</value>
					<null name="TypeDescription"/>
					<idatacodable name="Deleted" javaclass="com.wm.data.MBoolean">
						<value name="MBoolean">false</value>
					</idatacodable>
					<value name="LastModified">2010-09-23 13:31:46.036</value>
					<value name="ValidationSvc">wm.b2b.editn:validateTransaction</value>
					<record name="PreProcessingFlags" javaclass="com.wm.app.tn.route.PreRoutingFlags">
						<value name="verify?">no</value>
						<value name="validate?">no</value>
						<value name="persist?">yes</value>
						<value name="unique?">no</value>
					</record>
					<value name="standard">X12</value>
					<value name="version">4010RIFMAT</value>
					<value name="transaction">870</value>
				</idatacodable>
				<idatacodable name="53o75f005cupphhk000000s0" javaclass="wm.b2b.editn.EDITransactionDocType">
					<value name="TypeID">53o75f005cupphhk000000s0</value>
					<value name="TypeName">X12 4010RIFMAT 997</value>
					<null name="TypeDescription"/>
					<idatacodable name="Deleted" javaclass="com.wm.data.MBoolean">
						<value name="MBoolean">false</value>
					</idatacodable>
					<value name="LastModified">2010-09-23 13:31:46.036</value>
					<value name="ValidationSvc">wm.b2b.editn:validateTransaction</value>
					<record name="PreProcessingFlags" javaclass="com.wm.app.tn.route.PreRoutingFlags">
						<value name="verify?">no</value>
						<value name="validate?">no</value>
						<value name="persist?">yes</value>
						<value name="unique?">no</value>
					</record>
					<value name="standard">X12</value>
					<value name="version">4010RIFMAT</value>
					<value name="transaction">997</value>
				</idatacodable>		</record>
	</record>
</IDataXMLCoder>
