<?xml version="1.0" encoding="UTF-8"?>

<FLOW VERSION="3.0" CLEANUP="true">
  <COMMENT></COMMENT>

  <!-- nodes -->

<MAP TIMEOUT="" MODE="STANDALONE">
  <COMMENT></COMMENT>
  <MAPTARGET>

<Values version="2.0">
  <record name="xml" javaclass="com.wm.util.Values">
    <value name="node_type">record</value>
    <value name="field_type">record</value>
    <value name="field_dim">0</value>
    <value name="nillable">true</value>
    <array name="rec_fields" type="record" depth="1">
      <record javaclass="com.wm.util.Values">
        <value name="node_type">record</value>
        <value name="field_name">senderID</value>
        <value name="field_type">string</value>
        <value name="field_dim">0</value>
        <value name="nillable">true</value>
      </record>
      <record javaclass="com.wm.util.Values">
        <value name="node_type">record</value>
        <value name="field_name">receiverID</value>
        <value name="field_type">string</value>
        <value name="field_dim">0</value>
        <value name="nillable">true</value>
      </record>
      <record javaclass="com.wm.util.Values">
        <value name="node_type">record</value>
        <value name="node_comment"></value>
        <record name="node_hints" javaclass="com.wm.util.Values">
          <null name="field_usereditable"/>
          <value name="field_largerEditor">false</value>
          <value name="field_password">false</value>
        </record>
        <value name="field_name">agreementID</value>
        <value name="field_type">string</value>
        <value name="field_dim">0</value>
        <value name="nillable">true</value>
      </record>
      <record javaclass="com.wm.util.Values">
        <value name="node_type">record</value>
        <value name="field_name">tpaData</value>
        <value name="field_type">recref</value>
        <value name="field_dim">0</value>
        <value name="nillable">true</value>
        <value name="rec_ref">wm.EDIINT.TPA:EDIINTAS3TPA</value>
      </record>
    </array>
  </record>
</Values>
</MAPTARGET>
  <MAPSOURCE>

<Values version="2.0">
  <record name="xml" javaclass="com.wm.util.Values">
    <value name="node_type">record</value>
    <value name="field_type">record</value>
    <value name="field_dim">0</value>
    <value name="nillable">true</value>
    <array name="rec_fields" type="record" depth="1">
    </array>
  </record>
</Values>
</MAPSOURCE>

  <!-- nodes -->

<MAPSET NAME="Setter" OVERWRITE="true" VARIABLES="false" FIELD="/tpaData;4;0;wm.EDIINT.TPA:EDIINTAS3TPA/FTPDownload;2;0/info;4;0;wm.EDIINT.rec:FTPDownloadInfo">
  <DATA ENCODING="XMLValues" I18N="true">

<Values version="2.0">
  <record name="xml" javaclass="com.wm.util.Values">
    <value name="serverhost"></value>
    <value name="serverport"></value>
    <value name="dataport"></value>
    <value name="username"></value>
    <value name="account"></value>
    <value name="transfertype">passive</value>
    <value name="encoding"></value>
    <value name="timeout"></value>
    <value name="secureFTP">false</value>
    <record name="secureFTPOption" javaclass="com.wm.util.Values">
      <value name="securedata">true</value>
      <value name="auth">TLS</value>
    </record>
    <value name="dirpath"></value>
    <value name="filenamepattern"></value>
    <value name="MDNDirpath"></value>
    <value name="MDNFilenamepattern"></value>
    <value name="deleteFile">false</value>
    <value name="transfermode">binary</value>
  </record>
</Values>
</DATA>
</MAPSET>

<MAPSET NAME="Setter" OVERWRITE="true" VARIABLES="false" FIELD="/tpaData;4;0;wm.EDIINT.TPA:EDIINTAS3TPA/FTPDownload;2;0/downloadService;1;0">
  <DATA ENCODING="XMLValues" I18N="true">

<Values version="2.0">
  <value name="xml">wm.EDIINT.delivery:defaultFTPDownload</value>
  <record name="type" javaclass="com.wm.util.Values">
    <value name="node_type">record</value>
    <value name="node_comment"></value>
    <record name="node_hints" javaclass="com.wm.util.Values">
      <value name="field_usereditable">true</value>
      <value name="field_largerEditor">false</value>
      <value name="field_password">false</value>
    </record>
    <value name="field_name">downloadService</value>
    <value name="field_type">string</value>
    <value name="field_dim">0</value>
    <array name="field_options" type="value" depth="1">
      <value>wm.EDIINT.delivery:defaultFTPDownload</value>
    </array>
    <value name="nillable">true</value>
  </record>
</Values>
</DATA>
</MAPSET>

<MAPSET NAME="Setter" OVERWRITE="true" VARIABLES="false" FIELD="/tpaData;4;0;wm.EDIINT.TPA:EDIINTAS3TPA/FTPUpload;2;0/uploadService;1;0">
  <DATA ENCODING="XMLValues" I18N="true">

<Values version="2.0">
  <value name="xml">wm.EDIINT.delivery:defaultFTPUpload</value>
  <record name="type" javaclass="com.wm.util.Values">
    <value name="node_type">record</value>
    <value name="node_comment"></value>
    <record name="node_hints" javaclass="com.wm.util.Values">
      <value name="field_usereditable">true</value>
      <value name="field_largerEditor">false</value>
      <value name="field_password">false</value>
    </record>
    <value name="field_name">uploadService</value>
    <value name="field_type">string</value>
    <value name="field_dim">0</value>
    <array name="field_options" type="value" depth="1">
      <value>wm.EDIINT.delivery:defaultFTPUpload</value>
    </array>
    <value name="nillable">true</value>
  </record>
</Values>
</DATA>
</MAPSET>

<MAPSET NAME="Setter" OVERWRITE="true" VARIABLES="false" FIELD="/tpaData;4;0;wm.EDIINT.TPA:EDIINTAS3TPA/AS3FTPServerLocation;1;0">
  <DATA ENCODING="XMLValues" I18N="true">

<Values version="2.0">
  <value name="xml">local</value>
  <record name="type" javaclass="com.wm.util.Values">
    <value name="node_type">record</value>
    <value name="node_comment"></value>
    <record name="node_hints" javaclass="com.wm.util.Values">
      <value name="field_usereditable">false</value>
      <value name="field_largerEditor">false</value>
      <value name="field_password">false</value>
    </record>
    <value name="field_name">AS3FTPServerLocation</value>
    <value name="field_type">string</value>
    <value name="field_dim">0</value>
    <array name="field_options" type="value" depth="1">
      <value>local</value>
      <value>remote</value>
    </array>
    <value name="nillable">true</value>
  </record>
</Values>
</DATA>
</MAPSET>

<MAPSET NAME="Setter" OVERWRITE="true" VARIABLES="false" FIELD="/tpaData;4;0;wm.EDIINT.TPA:EDIINTAS3TPA/FTPUpload;2;0/info;4;0;wm.EDIINT.rec:FTPUploadInfo">
  <DATA ENCODING="XMLValues" I18N="true">

<Values version="2.0">
  <record name="xml" javaclass="com.wm.util.Values">
    <value name="serverhost"></value>
    <value name="serverport"></value>
    <value name="dataport"></value>
    <value name="username"></value>
    <value name="account"></value>
    <value name="transfertype">active</value>
    <value name="encoding"></value>
    <value name="timeout"></value>
    <value name="secureFTP">false</value>
    <record name="secureFTPOption" javaclass="com.wm.util.Values">
      <value name="securedata">true</value>
      <value name="auth">TLS</value>
    </record>
    <value name="dirpath"></value>
    <value name="fileExtension"></value>
    <value name="renameTo"></value>
    <value name="MDNDirpath"></value>
    <value name="MDNFileExtension"></value>
    <value name="MDNRenameTo"></value>
    <value name="storeUnique">false</value>
    <value name="transfermode">binary</value>
  </record>
</Values>
</DATA>
</MAPSET>
</MAP>
</FLOW>
