<?xml version="1.0" encoding="UTF-8"?><IDataXMLCoder version="1.0">
  <record javaclass="com.wm.data.BasicData">
    <record javaclass="com.wm.data.BasicData" name="version">
      <value name="major">1</value>
      <value name="minor">0</value>
    </record>
    <record javaclass="com.wm.data.BasicData" name="types">
      <idatacodable javaclass="wm.b2b.editn.EDITransactionDocType" name="4s5h8a00ik9gguli00000df8">
        <value name="TypeID">4s5h8a00ik9gguli00000df8</value>
        <value name="TypeName">EANCOM 01B APERAK</value>
        <null name="TypeDescription"/>
        <idatacodable javaclass="com.wm.data.MBoolean" name="Deleted">
          <value name="MBoolean">false</value>
        </idatacodable>
        <value name="LastModified">2025-02-17 16:31:17.682</value>
        <value name="ValidationSvc">wm.b2b.editn:validateTransaction</value>
        <record javaclass="com.wm.app.tn.route.PreRoutingFlags" name="PreProcessingFlags">
          <value name="verify?">no</value>
          <value name="validate?">no</value>
          <value name="persist?">yes</value>
          <value name="unique?">no</value>
        </record>
        <value name="standard">EANCOM</value>
        <value name="version">01B</value>
        <value name="transaction">APERAK</value>
      </idatacodable>
      <idatacodable javaclass="wm.b2b.editn.EDITransactionDocType" name="4s5h8a00ik9gguli00000df9">
        <value name="TypeID">4s5h8a00ik9gguli00000df9</value>
        <value name="TypeName">EANCOM 01B BANSTA</value>
        <null name="TypeDescription"/>
        <idatacodable javaclass="com.wm.data.MBoolean" name="Deleted">
          <value name="MBoolean">false</value>
        </idatacodable>
        <value name="LastModified">2025-02-17 16:31:17.682</value>
        <value name="ValidationSvc">wm.b2b.editn:validateTransaction</value>
        <record javaclass="com.wm.app.tn.route.PreRoutingFlags" name="PreProcessingFlags">
          <value name="verify?">no</value>
          <value name="validate?">no</value>
          <value name="persist?">yes</value>
          <value name="unique?">no</value>
        </record>
        <value name="standard">EANCOM</value>
        <value name="version">01B</value>
        <value name="transaction">BANSTA</value>
      </idatacodable>
      <idatacodable javaclass="wm.b2b.editn.EDITransactionDocType" name="4s5h8a00ik9gguli00000dfa">
        <value name="TypeID">4s5h8a00ik9gguli00000dfa</value>
        <value name="TypeName">EANCOM 01B CNTCND</value>
        <null name="TypeDescription"/>
        <idatacodable javaclass="com.wm.data.MBoolean" name="Deleted">
          <value name="MBoolean">false</value>
        </idatacodable>
        <value name="LastModified">2025-02-17 16:31:17.682</value>
        <value name="ValidationSvc">wm.b2b.editn:validateTransaction</value>
        <record javaclass="com.wm.app.tn.route.PreRoutingFlags" name="PreProcessingFlags">
          <value name="verify?">no</value>
          <value name="validate?">no</value>
          <value name="persist?">yes</value>
          <value name="unique?">no</value>
        </record>
        <value name="standard">EANCOM</value>
        <value name="version">01B</value>
        <value name="transaction">CNTCND</value>
      </idatacodable>
      <idatacodable javaclass="wm.b2b.editn.EDITransactionDocType" name="4s5h8a00ik9gguli00000dfb">
        <value name="TypeID">4s5h8a00ik9gguli00000dfb</value>
        <value name="TypeName">EANCOM 01B COACSU</value>
        <null name="TypeDescription"/>
        <idatacodable javaclass="com.wm.data.MBoolean" name="Deleted">
          <value name="MBoolean">false</value>
        </idatacodable>
        <value name="LastModified">2025-02-17 16:31:17.682</value>
        <value name="ValidationSvc">wm.b2b.editn:validateTransaction</value>
        <record javaclass="com.wm.app.tn.route.PreRoutingFlags" name="PreProcessingFlags">
          <value name="verify?">no</value>
          <value name="validate?">no</value>
          <value name="persist?">yes</value>
          <value name="unique?">no</value>
        </record>
        <value name="standard">EANCOM</value>
        <value name="version">01B</value>
        <value name="transaction">COACSU</value>
      </idatacodable>
      <idatacodable javaclass="wm.b2b.editn.EDITransactionDocType" name="4s5h8a00ik9gguli00000dfc">
        <value name="TypeID">4s5h8a00ik9gguli00000dfc</value>
        <value name="TypeName">EANCOM 01B COMDIS</value>
        <null name="TypeDescription"/>
        <idatacodable javaclass="com.wm.data.MBoolean" name="Deleted">
          <value name="MBoolean">false</value>
        </idatacodable>
        <value name="LastModified">2025-02-17 16:31:17.682</value>
        <value name="ValidationSvc">wm.b2b.editn:validateTransaction</value>
        <record javaclass="com.wm.app.tn.route.PreRoutingFlags" name="PreProcessingFlags">
          <value name="verify?">no</value>
          <value name="validate?">no</value>
          <value name="persist?">yes</value>
          <value name="unique?">no</value>
        </record>
        <value name="standard">EANCOM</value>
        <value name="version">01B</value>
        <value name="transaction">COMDIS</value>
      </idatacodable>
      <idatacodable javaclass="wm.b2b.editn.EDITransactionDocType" name="4s5h8a00ik9gguli00000dfd">
        <value name="TypeID">4s5h8a00ik9gguli00000dfd</value>
        <value name="TypeName">EANCOM 01B CONDRA</value>
        <null name="TypeDescription"/>
        <idatacodable javaclass="com.wm.data.MBoolean" name="Deleted">
          <value name="MBoolean">false</value>
        </idatacodable>
        <value name="LastModified">2025-02-17 16:31:17.682</value>
        <value name="ValidationSvc">wm.b2b.editn:validateTransaction</value>
        <record javaclass="com.wm.app.tn.route.PreRoutingFlags" name="PreProcessingFlags">
          <value name="verify?">no</value>
          <value name="validate?">no</value>
          <value name="persist?">yes</value>
          <value name="unique?">no</value>
        </record>
        <value name="standard">EANCOM</value>
        <value name="version">01B</value>
        <value name="transaction">CONDRA</value>
      </idatacodable>
      <idatacodable javaclass="wm.b2b.editn.EDITransactionDocType" name="4s5h8a00ik9gguli00000dfe">
        <value name="TypeID">4s5h8a00ik9gguli00000dfe</value>
        <value name="TypeName">EANCOM 01B CONTRL</value>
        <null name="TypeDescription"/>
        <idatacodable javaclass="com.wm.data.MBoolean" name="Deleted">
          <value name="MBoolean">false</value>
        </idatacodable>
        <value name="LastModified">2025-02-17 16:31:17.682</value>
        <value name="ValidationSvc">wm.b2b.editn:validateTransaction</value>
        <record javaclass="com.wm.app.tn.route.PreRoutingFlags" name="PreProcessingFlags">
          <value name="verify?">no</value>
          <value name="validate?">no</value>
          <value name="persist?">yes</value>
          <value name="unique?">no</value>
        </record>
        <value name="standard">EANCOM</value>
        <value name="version">01B</value>
        <value name="transaction">CONTRL</value>
      </idatacodable>
      <idatacodable javaclass="wm.b2b.editn.EDITransactionDocType" name="4s5h8a00ik9gguli00000dff">
        <value name="TypeID">4s5h8a00ik9gguli00000dff</value>
        <value name="TypeName">EANCOM 01B CREMUL</value>
        <null name="TypeDescription"/>
        <idatacodable javaclass="com.wm.data.MBoolean" name="Deleted">
          <value name="MBoolean">false</value>
        </idatacodable>
        <value name="LastModified">2025-02-17 16:31:17.682</value>
        <value name="ValidationSvc">wm.b2b.editn:validateTransaction</value>
        <record javaclass="com.wm.app.tn.route.PreRoutingFlags" name="PreProcessingFlags">
          <value name="verify?">no</value>
          <value name="validate?">no</value>
          <value name="persist?">yes</value>
          <value name="unique?">no</value>
        </record>
        <value name="standard">EANCOM</value>
        <value name="version">01B</value>
        <value name="transaction">CREMUL</value>
      </idatacodable>
      <idatacodable javaclass="wm.b2b.editn.EDITransactionDocType" name="4s5h8a00ik9gguli00000dfg">
        <value name="TypeID">4s5h8a00ik9gguli00000dfg</value>
        <value name="TypeName">EANCOM 01B DEBMUL</value>
        <null name="TypeDescription"/>
        <idatacodable javaclass="com.wm.data.MBoolean" name="Deleted">
          <value name="MBoolean">false</value>
        </idatacodable>
        <value name="LastModified">2025-02-17 16:31:17.682</value>
        <value name="ValidationSvc">wm.b2b.editn:validateTransaction</value>
        <record javaclass="com.wm.app.tn.route.PreRoutingFlags" name="PreProcessingFlags">
          <value name="verify?">no</value>
          <value name="validate?">no</value>
          <value name="persist?">yes</value>
          <value name="unique?">no</value>
        </record>
        <value name="standard">EANCOM</value>
        <value name="version">01B</value>
        <value name="transaction">DEBMUL</value>
      </idatacodable>
      <idatacodable javaclass="wm.b2b.editn.EDITransactionDocType" name="4s5h8a00ik9gguli00000dfh">
        <value name="TypeID">4s5h8a00ik9gguli00000dfh</value>
        <value name="TypeName">EANCOM 01B DELFOR</value>
        <null name="TypeDescription"/>
        <idatacodable javaclass="com.wm.data.MBoolean" name="Deleted">
          <value name="MBoolean">false</value>
        </idatacodable>
        <value name="LastModified">2025-02-17 16:31:17.682</value>
        <value name="ValidationSvc">wm.b2b.editn:validateTransaction</value>
        <record javaclass="com.wm.app.tn.route.PreRoutingFlags" name="PreProcessingFlags">
          <value name="verify?">no</value>
          <value name="validate?">no</value>
          <value name="persist?">yes</value>
          <value name="unique?">no</value>
        </record>
        <value name="standard">EANCOM</value>
        <value name="version">01B</value>
        <value name="transaction">DELFOR</value>
      </idatacodable>
      <idatacodable javaclass="wm.b2b.editn.EDITransactionDocType" name="4s5h8a00ik9gguli00000dfi">
        <value name="TypeID">4s5h8a00ik9gguli00000dfi</value>
        <value name="TypeName">EANCOM 01B DESADV</value>
        <null name="TypeDescription"/>
        <idatacodable javaclass="com.wm.data.MBoolean" name="Deleted">
          <value name="MBoolean">false</value>
        </idatacodable>
        <value name="LastModified">2025-02-17 16:31:17.682</value>
        <value name="ValidationSvc">wm.b2b.editn:validateTransaction</value>
        <record javaclass="com.wm.app.tn.route.PreRoutingFlags" name="PreProcessingFlags">
          <value name="verify?">no</value>
          <value name="validate?">no</value>
          <value name="persist?">yes</value>
          <value name="unique?">no</value>
        </record>
        <value name="standard">EANCOM</value>
        <value name="version">01B</value>
        <value name="transaction">DESADV</value>
      </idatacodable>
      <idatacodable javaclass="wm.b2b.editn.EDITransactionDocType" name="4s5h8a00ik9gguli00000dfj">
        <value name="TypeID">4s5h8a00ik9gguli00000dfj</value>
        <value name="TypeName">EANCOM 01B DIRDEB</value>
        <null name="TypeDescription"/>
        <idatacodable javaclass="com.wm.data.MBoolean" name="Deleted">
          <value name="MBoolean">false</value>
        </idatacodable>
        <value name="LastModified">2025-02-17 16:31:17.682</value>
        <value name="ValidationSvc">wm.b2b.editn:validateTransaction</value>
        <record javaclass="com.wm.app.tn.route.PreRoutingFlags" name="PreProcessingFlags">
          <value name="verify?">no</value>
          <value name="validate?">no</value>
          <value name="persist?">yes</value>
          <value name="unique?">no</value>
        </record>
        <value name="standard">EANCOM</value>
        <value name="version">01B</value>
        <value name="transaction">DIRDEB</value>
      </idatacodable>
      <idatacodable javaclass="wm.b2b.editn.EDITransactionDocType" name="4s5h8a00ik9gguli00000dfk">
        <value name="TypeID">4s5h8a00ik9gguli00000dfk</value>
        <value name="TypeName">EANCOM 01B FINCAN</value>
        <null name="TypeDescription"/>
        <idatacodable javaclass="com.wm.data.MBoolean" name="Deleted">
          <value name="MBoolean">false</value>
        </idatacodable>
        <value name="LastModified">2025-02-17 16:31:17.682</value>
        <value name="ValidationSvc">wm.b2b.editn:validateTransaction</value>
        <record javaclass="com.wm.app.tn.route.PreRoutingFlags" name="PreProcessingFlags">
          <value name="verify?">no</value>
          <value name="validate?">no</value>
          <value name="persist?">yes</value>
          <value name="unique?">no</value>
        </record>
        <value name="standard">EANCOM</value>
        <value name="version">01B</value>
        <value name="transaction">FINCAN</value>
      </idatacodable>
      <idatacodable javaclass="wm.b2b.editn.EDITransactionDocType" name="4s5h8a00ik9gguli00000dfl">
        <value name="TypeID">4s5h8a00ik9gguli00000dfl</value>
        <value name="TypeName">EANCOM 01B FINSTA</value>
        <null name="TypeDescription"/>
        <idatacodable javaclass="com.wm.data.MBoolean" name="Deleted">
          <value name="MBoolean">false</value>
        </idatacodable>
        <value name="LastModified">2025-02-17 16:31:17.682</value>
        <value name="ValidationSvc">wm.b2b.editn:validateTransaction</value>
        <record javaclass="com.wm.app.tn.route.PreRoutingFlags" name="PreProcessingFlags">
          <value name="verify?">no</value>
          <value name="validate?">no</value>
          <value name="persist?">yes</value>
          <value name="unique?">no</value>
        </record>
        <value name="standard">EANCOM</value>
        <value name="version">01B</value>
        <value name="transaction">FINSTA</value>
      </idatacodable>
      <idatacodable javaclass="wm.b2b.editn.EDITransactionDocType" name="4s5h8a00ik9gguli00000dfm">
        <value name="TypeID">4s5h8a00ik9gguli00000dfm</value>
        <value name="TypeName">EANCOM 01B GENRAL</value>
        <null name="TypeDescription"/>
        <idatacodable javaclass="com.wm.data.MBoolean" name="Deleted">
          <value name="MBoolean">false</value>
        </idatacodable>
        <value name="LastModified">2025-02-17 16:31:17.682</value>
        <value name="ValidationSvc">wm.b2b.editn:validateTransaction</value>
        <record javaclass="com.wm.app.tn.route.PreRoutingFlags" name="PreProcessingFlags">
          <value name="verify?">no</value>
          <value name="validate?">no</value>
          <value name="persist?">yes</value>
          <value name="unique?">no</value>
        </record>
        <value name="standard">EANCOM</value>
        <value name="version">01B</value>
        <value name="transaction">GENRAL</value>
      </idatacodable>
      <idatacodable javaclass="wm.b2b.editn.EDITransactionDocType" name="4s5h8a00ik9gguli00000dfn">
        <value name="TypeID">4s5h8a00ik9gguli00000dfn</value>
        <value name="TypeName">EANCOM 01B HANMOV</value>
        <null name="TypeDescription"/>
        <idatacodable javaclass="com.wm.data.MBoolean" name="Deleted">
          <value name="MBoolean">false</value>
        </idatacodable>
        <value name="LastModified">2025-02-17 16:31:17.682</value>
        <value name="ValidationSvc">wm.b2b.editn:validateTransaction</value>
        <record javaclass="com.wm.app.tn.route.PreRoutingFlags" name="PreProcessingFlags">
          <value name="verify?">no</value>
          <value name="validate?">no</value>
          <value name="persist?">yes</value>
          <value name="unique?">no</value>
        </record>
        <value name="standard">EANCOM</value>
        <value name="version">01B</value>
        <value name="transaction">HANMOV</value>
      </idatacodable>
      <idatacodable javaclass="wm.b2b.editn.EDITransactionDocType" name="4s5h8a00ik9gguli00000dfo">
        <value name="TypeID">4s5h8a00ik9gguli00000dfo</value>
        <value name="TypeName">EANCOM 01B IFCSUM</value>
        <null name="TypeDescription"/>
        <idatacodable javaclass="com.wm.data.MBoolean" name="Deleted">
          <value name="MBoolean">false</value>
        </idatacodable>
        <value name="LastModified">2025-02-17 16:31:17.682</value>
        <value name="ValidationSvc">wm.b2b.editn:validateTransaction</value>
        <record javaclass="com.wm.app.tn.route.PreRoutingFlags" name="PreProcessingFlags">
          <value name="verify?">no</value>
          <value name="validate?">no</value>
          <value name="persist?">yes</value>
          <value name="unique?">no</value>
        </record>
        <value name="standard">EANCOM</value>
        <value name="version">01B</value>
        <value name="transaction">IFCSUM</value>
      </idatacodable>
      <idatacodable javaclass="wm.b2b.editn.EDITransactionDocType" name="4s5h8a00ik9gguli00000dfp">
        <value name="TypeID">4s5h8a00ik9gguli00000dfp</value>
        <value name="TypeName">EANCOM 01B IFTMAN</value>
        <null name="TypeDescription"/>
        <idatacodable javaclass="com.wm.data.MBoolean" name="Deleted">
          <value name="MBoolean">false</value>
        </idatacodable>
        <value name="LastModified">2025-02-17 16:31:17.682</value>
        <value name="ValidationSvc">wm.b2b.editn:validateTransaction</value>
        <record javaclass="com.wm.app.tn.route.PreRoutingFlags" name="PreProcessingFlags">
          <value name="verify?">no</value>
          <value name="validate?">no</value>
          <value name="persist?">yes</value>
          <value name="unique?">no</value>
        </record>
        <value name="standard">EANCOM</value>
        <value name="version">01B</value>
        <value name="transaction">IFTMAN</value>
      </idatacodable>
      <idatacodable javaclass="wm.b2b.editn.EDITransactionDocType" name="4s5h8a00ik9gguli00000dfq">
        <value name="TypeID">4s5h8a00ik9gguli00000dfq</value>
        <value name="TypeName">EANCOM 01B IFTMBC</value>
        <null name="TypeDescription"/>
        <idatacodable javaclass="com.wm.data.MBoolean" name="Deleted">
          <value name="MBoolean">false</value>
        </idatacodable>
        <value name="LastModified">2025-02-17 16:31:17.682</value>
        <value name="ValidationSvc">wm.b2b.editn:validateTransaction</value>
        <record javaclass="com.wm.app.tn.route.PreRoutingFlags" name="PreProcessingFlags">
          <value name="verify?">no</value>
          <value name="validate?">no</value>
          <value name="persist?">yes</value>
          <value name="unique?">no</value>
        </record>
        <value name="standard">EANCOM</value>
        <value name="version">01B</value>
        <value name="transaction">IFTMBC</value>
      </idatacodable>
      <idatacodable javaclass="wm.b2b.editn.EDITransactionDocType" name="4s5h8a00ik9gguli00000dfr">
        <value name="TypeID">4s5h8a00ik9gguli00000dfr</value>
        <value name="TypeName">EANCOM 01B IFTMBF</value>
        <null name="TypeDescription"/>
        <idatacodable javaclass="com.wm.data.MBoolean" name="Deleted">
          <value name="MBoolean">false</value>
        </idatacodable>
        <value name="LastModified">2025-02-17 16:31:17.682</value>
        <value name="ValidationSvc">wm.b2b.editn:validateTransaction</value>
        <record javaclass="com.wm.app.tn.route.PreRoutingFlags" name="PreProcessingFlags">
          <value name="verify?">no</value>
          <value name="validate?">no</value>
          <value name="persist?">yes</value>
          <value name="unique?">no</value>
        </record>
        <value name="standard">EANCOM</value>
        <value name="version">01B</value>
        <value name="transaction">IFTMBF</value>
      </idatacodable>
      <idatacodable javaclass="wm.b2b.editn.EDITransactionDocType" name="4s5h8a00ik9gguli00000dfs">
        <value name="TypeID">4s5h8a00ik9gguli00000dfs</value>
        <value name="TypeName">EANCOM 01B IFTMIN</value>
        <null name="TypeDescription"/>
        <idatacodable javaclass="com.wm.data.MBoolean" name="Deleted">
          <value name="MBoolean">false</value>
        </idatacodable>
        <value name="LastModified">2025-02-17 16:31:17.682</value>
        <value name="ValidationSvc">wm.b2b.editn:validateTransaction</value>
        <record javaclass="com.wm.app.tn.route.PreRoutingFlags" name="PreProcessingFlags">
          <value name="verify?">no</value>
          <value name="validate?">no</value>
          <value name="persist?">yes</value>
          <value name="unique?">no</value>
        </record>
        <value name="standard">EANCOM</value>
        <value name="version">01B</value>
        <value name="transaction">IFTMIN</value>
      </idatacodable>
      <idatacodable javaclass="wm.b2b.editn.EDITransactionDocType" name="4s5h8a00ik9gguli00000dft">
        <value name="TypeID">4s5h8a00ik9gguli00000dft</value>
        <value name="TypeName">EANCOM 01B IFTSTA</value>
        <null name="TypeDescription"/>
        <idatacodable javaclass="com.wm.data.MBoolean" name="Deleted">
          <value name="MBoolean">false</value>
        </idatacodable>
        <value name="LastModified">2025-02-17 16:31:17.682</value>
        <value name="ValidationSvc">wm.b2b.editn:validateTransaction</value>
        <record javaclass="com.wm.app.tn.route.PreRoutingFlags" name="PreProcessingFlags">
          <value name="verify?">no</value>
          <value name="validate?">no</value>
          <value name="persist?">yes</value>
          <value name="unique?">no</value>
        </record>
        <value name="standard">EANCOM</value>
        <value name="version">01B</value>
        <value name="transaction">IFTSTA</value>
      </idatacodable>
      <idatacodable javaclass="wm.b2b.editn.EDITransactionDocType" name="4s5h8a00ik9gguli00000dfu">
        <value name="TypeID">4s5h8a00ik9gguli00000dfu</value>
        <value name="TypeName">EANCOM 01B INSDES</value>
        <null name="TypeDescription"/>
        <idatacodable javaclass="com.wm.data.MBoolean" name="Deleted">
          <value name="MBoolean">false</value>
        </idatacodable>
        <value name="LastModified">2025-02-17 16:31:17.682</value>
        <value name="ValidationSvc">wm.b2b.editn:validateTransaction</value>
        <record javaclass="com.wm.app.tn.route.PreRoutingFlags" name="PreProcessingFlags">
          <value name="verify?">no</value>
          <value name="validate?">no</value>
          <value name="persist?">yes</value>
          <value name="unique?">no</value>
        </record>
        <value name="standard">EANCOM</value>
        <value name="version">01B</value>
        <value name="transaction">INSDES</value>
      </idatacodable>
      <idatacodable javaclass="wm.b2b.editn.EDITransactionDocType" name="4s5h8a00ik9gguli00000dfv">
        <value name="TypeID">4s5h8a00ik9gguli00000dfv</value>
        <value name="TypeName">EANCOM 01B INVOIC</value>
        <null name="TypeDescription"/>
        <idatacodable javaclass="com.wm.data.MBoolean" name="Deleted">
          <value name="MBoolean">false</value>
        </idatacodable>
        <value name="LastModified">2025-02-17 16:31:17.682</value>
        <value name="ValidationSvc">wm.b2b.editn:validateTransaction</value>
        <record javaclass="com.wm.app.tn.route.PreRoutingFlags" name="PreProcessingFlags">
          <value name="verify?">no</value>
          <value name="validate?">no</value>
          <value name="persist?">yes</value>
          <value name="unique?">no</value>
        </record>
        <value name="standard">EANCOM</value>
        <value name="version">01B</value>
        <value name="transaction">INVOIC</value>
      </idatacodable>
      <idatacodable javaclass="wm.b2b.editn.EDITransactionDocType" name="4s5h8a00ik9gguli00000dg0">
        <value name="TypeID">4s5h8a00ik9gguli00000dg0</value>
        <value name="TypeName">EANCOM 01B INVRPT</value>
        <null name="TypeDescription"/>
        <idatacodable javaclass="com.wm.data.MBoolean" name="Deleted">
          <value name="MBoolean">false</value>
        </idatacodable>
        <value name="LastModified">2025-02-17 16:31:17.682</value>
        <value name="ValidationSvc">wm.b2b.editn:validateTransaction</value>
        <record javaclass="com.wm.app.tn.route.PreRoutingFlags" name="PreProcessingFlags">
          <value name="verify?">no</value>
          <value name="validate?">no</value>
          <value name="persist?">yes</value>
          <value name="unique?">no</value>
        </record>
        <value name="standard">EANCOM</value>
        <value name="version">01B</value>
        <value name="transaction">INVRPT</value>
      </idatacodable>
      <idatacodable javaclass="wm.b2b.editn.EDITransactionDocType" name="4s5h8a00ik9gguli00000dg1">
        <value name="TypeID">4s5h8a00ik9gguli00000dg1</value>
        <value name="TypeName">EANCOM 01B MSCONS</value>
        <null name="TypeDescription"/>
        <idatacodable javaclass="com.wm.data.MBoolean" name="Deleted">
          <value name="MBoolean">false</value>
        </idatacodable>
        <value name="LastModified">2025-02-17 16:31:17.682</value>
        <value name="ValidationSvc">wm.b2b.editn:validateTransaction</value>
        <record javaclass="com.wm.app.tn.route.PreRoutingFlags" name="PreProcessingFlags">
          <value name="verify?">no</value>
          <value name="validate?">no</value>
          <value name="persist?">yes</value>
          <value name="unique?">no</value>
        </record>
        <value name="standard">EANCOM</value>
        <value name="version">01B</value>
        <value name="transaction">MSCONS</value>
      </idatacodable>
      <idatacodable javaclass="wm.b2b.editn.EDITransactionDocType" name="4s5h8a00ik9gguli00000dg2">
        <value name="TypeID">4s5h8a00ik9gguli00000dg2</value>
        <value name="TypeName">EANCOM 01B ORDCHG</value>
        <null name="TypeDescription"/>
        <idatacodable javaclass="com.wm.data.MBoolean" name="Deleted">
          <value name="MBoolean">false</value>
        </idatacodable>
        <value name="LastModified">2025-02-17 16:31:17.682</value>
        <value name="ValidationSvc">wm.b2b.editn:validateTransaction</value>
        <record javaclass="com.wm.app.tn.route.PreRoutingFlags" name="PreProcessingFlags">
          <value name="verify?">no</value>
          <value name="validate?">no</value>
          <value name="persist?">yes</value>
          <value name="unique?">no</value>
        </record>
        <value name="standard">EANCOM</value>
        <value name="version">01B</value>
        <value name="transaction">ORDCHG</value>
      </idatacodable>
      <idatacodable javaclass="wm.b2b.editn.EDITransactionDocType" name="4s5h8a00ik9gguli00000dg3">
        <value name="TypeID">4s5h8a00ik9gguli00000dg3</value>
        <value name="TypeName">EANCOM 01B ORDERS</value>
        <null name="TypeDescription"/>
        <idatacodable javaclass="com.wm.data.MBoolean" name="Deleted">
          <value name="MBoolean">false</value>
        </idatacodable>
        <value name="LastModified">2025-02-17 16:31:17.682</value>
        <value name="ValidationSvc">wm.b2b.editn:validateTransaction</value>
        <record javaclass="com.wm.app.tn.route.PreRoutingFlags" name="PreProcessingFlags">
          <value name="verify?">no</value>
          <value name="validate?">no</value>
          <value name="persist?">yes</value>
          <value name="unique?">no</value>
        </record>
        <value name="standard">EANCOM</value>
        <value name="version">01B</value>
        <value name="transaction">ORDERS</value>
      </idatacodable>
      <idatacodable javaclass="wm.b2b.editn.EDITransactionDocType" name="4s5h8a00ik9gguli00000dg4">
        <value name="TypeID">4s5h8a00ik9gguli00000dg4</value>
        <value name="TypeName">EANCOM 01B ORDRSP</value>
        <null name="TypeDescription"/>
        <idatacodable javaclass="com.wm.data.MBoolean" name="Deleted">
          <value name="MBoolean">false</value>
        </idatacodable>
        <value name="LastModified">2025-02-17 16:31:17.682</value>
        <value name="ValidationSvc">wm.b2b.editn:validateTransaction</value>
        <record javaclass="com.wm.app.tn.route.PreRoutingFlags" name="PreProcessingFlags">
          <value name="verify?">no</value>
          <value name="validate?">no</value>
          <value name="persist?">yes</value>
          <value name="unique?">no</value>
        </record>
        <value name="standard">EANCOM</value>
        <value name="version">01B</value>
        <value name="transaction">ORDRSP</value>
      </idatacodable>
      <idatacodable javaclass="wm.b2b.editn.EDITransactionDocType" name="4s5h8a00ik9gguli00000dg5">
        <value name="TypeID">4s5h8a00ik9gguli00000dg5</value>
        <value name="TypeName">EANCOM 01B OSTENQ</value>
        <null name="TypeDescription"/>
        <idatacodable javaclass="com.wm.data.MBoolean" name="Deleted">
          <value name="MBoolean">false</value>
        </idatacodable>
        <value name="LastModified">2025-02-17 16:31:17.682</value>
        <value name="ValidationSvc">wm.b2b.editn:validateTransaction</value>
        <record javaclass="com.wm.app.tn.route.PreRoutingFlags" name="PreProcessingFlags">
          <value name="verify?">no</value>
          <value name="validate?">no</value>
          <value name="persist?">yes</value>
          <value name="unique?">no</value>
        </record>
        <value name="standard">EANCOM</value>
        <value name="version">01B</value>
        <value name="transaction">OSTENQ</value>
      </idatacodable>
      <idatacodable javaclass="wm.b2b.editn.EDITransactionDocType" name="4s5h8a00ik9gguli00000dg6">
        <value name="TypeID">4s5h8a00ik9gguli00000dg6</value>
        <value name="TypeName">EANCOM 01B OSTRPT</value>
        <null name="TypeDescription"/>
        <idatacodable javaclass="com.wm.data.MBoolean" name="Deleted">
          <value name="MBoolean">false</value>
        </idatacodable>
        <value name="LastModified">2025-02-17 16:31:17.682</value>
        <value name="ValidationSvc">wm.b2b.editn:validateTransaction</value>
        <record javaclass="com.wm.app.tn.route.PreRoutingFlags" name="PreProcessingFlags">
          <value name="verify?">no</value>
          <value name="validate?">no</value>
          <value name="persist?">yes</value>
          <value name="unique?">no</value>
        </record>
        <value name="standard">EANCOM</value>
        <value name="version">01B</value>
        <value name="transaction">OSTRPT</value>
      </idatacodable>
      <idatacodable javaclass="wm.b2b.editn.EDITransactionDocType" name="4s5h8a00ik9gguli00000dg7">
        <value name="TypeID">4s5h8a00ik9gguli00000dg7</value>
        <value name="TypeName">EANCOM 01B PARTIN</value>
        <null name="TypeDescription"/>
        <idatacodable javaclass="com.wm.data.MBoolean" name="Deleted">
          <value name="MBoolean">false</value>
        </idatacodable>
        <value name="LastModified">2025-02-17 16:31:17.682</value>
        <value name="ValidationSvc">wm.b2b.editn:validateTransaction</value>
        <record javaclass="com.wm.app.tn.route.PreRoutingFlags" name="PreProcessingFlags">
          <value name="verify?">no</value>
          <value name="validate?">no</value>
          <value name="persist?">yes</value>
          <value name="unique?">no</value>
        </record>
        <value name="standard">EANCOM</value>
        <value name="version">01B</value>
        <value name="transaction">PARTIN</value>
      </idatacodable>
      <idatacodable javaclass="wm.b2b.editn.EDITransactionDocType" name="4s5h8a00ik9gguli00000dg8">
        <value name="TypeID">4s5h8a00ik9gguli00000dg8</value>
        <value name="TypeName">EANCOM 01B PAYMUL</value>
        <null name="TypeDescription"/>
        <idatacodable javaclass="com.wm.data.MBoolean" name="Deleted">
          <value name="MBoolean">false</value>
        </idatacodable>
        <value name="LastModified">2025-02-17 16:31:17.682</value>
        <value name="ValidationSvc">wm.b2b.editn:validateTransaction</value>
        <record javaclass="com.wm.app.tn.route.PreRoutingFlags" name="PreProcessingFlags">
          <value name="verify?">no</value>
          <value name="validate?">no</value>
          <value name="persist?">yes</value>
          <value name="unique?">no</value>
        </record>
        <value name="standard">EANCOM</value>
        <value name="version">01B</value>
        <value name="transaction">PAYMUL</value>
      </idatacodable>
      <idatacodable javaclass="wm.b2b.editn.EDITransactionDocType" name="4s5h8a00ik9gguli00000dg9">
        <value name="TypeID">4s5h8a00ik9gguli00000dg9</value>
        <value name="TypeName">EANCOM 01B PRICAT</value>
        <null name="TypeDescription"/>
        <idatacodable javaclass="com.wm.data.MBoolean" name="Deleted">
          <value name="MBoolean">false</value>
        </idatacodable>
        <value name="LastModified">2025-02-17 16:31:17.682</value>
        <value name="ValidationSvc">wm.b2b.editn:validateTransaction</value>
        <record javaclass="com.wm.app.tn.route.PreRoutingFlags" name="PreProcessingFlags">
          <value name="verify?">no</value>
          <value name="validate?">no</value>
          <value name="persist?">yes</value>
          <value name="unique?">no</value>
        </record>
        <value name="standard">EANCOM</value>
        <value name="version">01B</value>
        <value name="transaction">PRICAT</value>
      </idatacodable>
      <idatacodable javaclass="wm.b2b.editn.EDITransactionDocType" name="4s5h8a00ik9gguli00000dga">
        <value name="TypeID">4s5h8a00ik9gguli00000dga</value>
        <value name="TypeName">EANCOM 01B PRODAT</value>
        <null name="TypeDescription"/>
        <idatacodable javaclass="com.wm.data.MBoolean" name="Deleted">
          <value name="MBoolean">false</value>
        </idatacodable>
        <value name="LastModified">2025-02-17 16:31:17.682</value>
        <value name="ValidationSvc">wm.b2b.editn:validateTransaction</value>
        <record javaclass="com.wm.app.tn.route.PreRoutingFlags" name="PreProcessingFlags">
          <value name="verify?">no</value>
          <value name="validate?">no</value>
          <value name="persist?">yes</value>
          <value name="unique?">no</value>
        </record>
        <value name="standard">EANCOM</value>
        <value name="version">01B</value>
        <value name="transaction">PRODAT</value>
      </idatacodable>
      <idatacodable javaclass="wm.b2b.editn.EDITransactionDocType" name="4s5h8a00ik9gguli00000dgb">
        <value name="TypeID">4s5h8a00ik9gguli00000dgb</value>
        <value name="TypeName">EANCOM 01B PROINQ</value>
        <null name="TypeDescription"/>
        <idatacodable javaclass="com.wm.data.MBoolean" name="Deleted">
          <value name="MBoolean">false</value>
        </idatacodable>
        <value name="LastModified">2025-02-17 16:31:17.682</value>
        <value name="ValidationSvc">wm.b2b.editn:validateTransaction</value>
        <record javaclass="com.wm.app.tn.route.PreRoutingFlags" name="PreProcessingFlags">
          <value name="verify?">no</value>
          <value name="validate?">no</value>
          <value name="persist?">yes</value>
          <value name="unique?">no</value>
        </record>
        <value name="standard">EANCOM</value>
        <value name="version">01B</value>
        <value name="transaction">PROINQ</value>
      </idatacodable>
      <idatacodable javaclass="wm.b2b.editn.EDITransactionDocType" name="4s5h8a00ik9gguli00000dgc">
        <value name="TypeID">4s5h8a00ik9gguli00000dgc</value>
        <value name="TypeName">EANCOM 01B QALITY</value>
        <null name="TypeDescription"/>
        <idatacodable javaclass="com.wm.data.MBoolean" name="Deleted">
          <value name="MBoolean">false</value>
        </idatacodable>
        <value name="LastModified">2025-02-17 16:31:17.682</value>
        <value name="ValidationSvc">wm.b2b.editn:validateTransaction</value>
        <record javaclass="com.wm.app.tn.route.PreRoutingFlags" name="PreProcessingFlags">
          <value name="verify?">no</value>
          <value name="validate?">no</value>
          <value name="persist?">yes</value>
          <value name="unique?">no</value>
        </record>
        <value name="standard">EANCOM</value>
        <value name="version">01B</value>
        <value name="transaction">QALITY</value>
      </idatacodable>
      <idatacodable javaclass="wm.b2b.editn.EDITransactionDocType" name="4s5h8a00ik9gguli00000dgd">
        <value name="TypeID">4s5h8a00ik9gguli00000dgd</value>
        <value name="TypeName">EANCOM 01B QUOTES</value>
        <null name="TypeDescription"/>
        <idatacodable javaclass="com.wm.data.MBoolean" name="Deleted">
          <value name="MBoolean">false</value>
        </idatacodable>
        <value name="LastModified">2025-02-17 16:31:17.682</value>
        <value name="ValidationSvc">wm.b2b.editn:validateTransaction</value>
        <record javaclass="com.wm.app.tn.route.PreRoutingFlags" name="PreProcessingFlags">
          <value name="verify?">no</value>
          <value name="validate?">no</value>
          <value name="persist?">yes</value>
          <value name="unique?">no</value>
        </record>
        <value name="standard">EANCOM</value>
        <value name="version">01B</value>
        <value name="transaction">QUOTES</value>
      </idatacodable>
      <idatacodable javaclass="wm.b2b.editn.EDITransactionDocType" name="4s5h8a00ik9gguli00000dge">
        <value name="TypeID">4s5h8a00ik9gguli00000dge</value>
        <value name="TypeName">EANCOM 01B RECADV</value>
        <null name="TypeDescription"/>
        <idatacodable javaclass="com.wm.data.MBoolean" name="Deleted">
          <value name="MBoolean">false</value>
        </idatacodable>
        <value name="LastModified">2025-02-17 16:31:17.682</value>
        <value name="ValidationSvc">wm.b2b.editn:validateTransaction</value>
        <record javaclass="com.wm.app.tn.route.PreRoutingFlags" name="PreProcessingFlags">
          <value name="verify?">no</value>
          <value name="validate?">no</value>
          <value name="persist?">yes</value>
          <value name="unique?">no</value>
        </record>
        <value name="standard">EANCOM</value>
        <value name="version">01B</value>
        <value name="transaction">RECADV</value>
      </idatacodable>
      <idatacodable javaclass="wm.b2b.editn.EDITransactionDocType" name="4s5h8a00ik9gguli00000dgf">
        <value name="TypeID">4s5h8a00ik9gguli00000dgf</value>
        <value name="TypeName">EANCOM 01B REMADV</value>
        <null name="TypeDescription"/>
        <idatacodable javaclass="com.wm.data.MBoolean" name="Deleted">
          <value name="MBoolean">false</value>
        </idatacodable>
        <value name="LastModified">2025-02-17 16:31:17.682</value>
        <value name="ValidationSvc">wm.b2b.editn:validateTransaction</value>
        <record javaclass="com.wm.app.tn.route.PreRoutingFlags" name="PreProcessingFlags">
          <value name="verify?">no</value>
          <value name="validate?">no</value>
          <value name="persist?">yes</value>
          <value name="unique?">no</value>
        </record>
        <value name="standard">EANCOM</value>
        <value name="version">01B</value>
        <value name="transaction">REMADV</value>
      </idatacodable>
      <idatacodable javaclass="wm.b2b.editn.EDITransactionDocType" name="4s5h8a00ik9gguli00000dgg">
        <value name="TypeID">4s5h8a00ik9gguli00000dgg</value>
        <value name="TypeName">EANCOM 01B REQOTE</value>
        <null name="TypeDescription"/>
        <idatacodable javaclass="com.wm.data.MBoolean" name="Deleted">
          <value name="MBoolean">false</value>
        </idatacodable>
        <value name="LastModified">2025-02-17 16:31:17.682</value>
        <value name="ValidationSvc">wm.b2b.editn:validateTransaction</value>
        <record javaclass="com.wm.app.tn.route.PreRoutingFlags" name="PreProcessingFlags">
          <value name="verify?">no</value>
          <value name="validate?">no</value>
          <value name="persist?">yes</value>
          <value name="unique?">no</value>
        </record>
        <value name="standard">EANCOM</value>
        <value name="version">01B</value>
        <value name="transaction">REQOTE</value>
      </idatacodable>
      <idatacodable javaclass="wm.b2b.editn.EDITransactionDocType" name="4s5h8a00ik9gguli00000dgh">
        <value name="TypeID">4s5h8a00ik9gguli00000dgh</value>
        <value name="TypeName">EANCOM 01B RETANN</value>
        <null name="TypeDescription"/>
        <idatacodable javaclass="com.wm.data.MBoolean" name="Deleted">
          <value name="MBoolean">false</value>
        </idatacodable>
        <value name="LastModified">2025-02-17 16:31:17.682</value>
        <value name="ValidationSvc">wm.b2b.editn:validateTransaction</value>
        <record javaclass="com.wm.app.tn.route.PreRoutingFlags" name="PreProcessingFlags">
          <value name="verify?">no</value>
          <value name="validate?">no</value>
          <value name="persist?">yes</value>
          <value name="unique?">no</value>
        </record>
        <value name="standard">EANCOM</value>
        <value name="version">01B</value>
        <value name="transaction">RETANN</value>
      </idatacodable>
      <idatacodable javaclass="wm.b2b.editn.EDITransactionDocType" name="4s5h8a00ik9gguli00000dgi">
        <value name="TypeID">4s5h8a00ik9gguli00000dgi</value>
        <value name="TypeName">EANCOM 01B RETINS</value>
        <null name="TypeDescription"/>
        <idatacodable javaclass="com.wm.data.MBoolean" name="Deleted">
          <value name="MBoolean">false</value>
        </idatacodable>
        <value name="LastModified">2025-02-17 16:31:17.682</value>
        <value name="ValidationSvc">wm.b2b.editn:validateTransaction</value>
        <record javaclass="com.wm.app.tn.route.PreRoutingFlags" name="PreProcessingFlags">
          <value name="verify?">no</value>
          <value name="validate?">no</value>
          <value name="persist?">yes</value>
          <value name="unique?">no</value>
        </record>
        <value name="standard">EANCOM</value>
        <value name="version">01B</value>
        <value name="transaction">RETINS</value>
      </idatacodable>
      <idatacodable javaclass="wm.b2b.editn.EDITransactionDocType" name="4s5h8a00ik9ggulj00000dgj">
        <value name="TypeID">4s5h8a00ik9ggulj00000dgj</value>
        <value name="TypeName">EANCOM 01B SLSFCT</value>
        <null name="TypeDescription"/>
        <idatacodable javaclass="com.wm.data.MBoolean" name="Deleted">
          <value name="MBoolean">false</value>
        </idatacodable>
        <value name="LastModified">2025-02-17 16:31:17.682</value>
        <value name="ValidationSvc">wm.b2b.editn:validateTransaction</value>
        <record javaclass="com.wm.app.tn.route.PreRoutingFlags" name="PreProcessingFlags">
          <value name="verify?">no</value>
          <value name="validate?">no</value>
          <value name="persist?">yes</value>
          <value name="unique?">no</value>
        </record>
        <value name="standard">EANCOM</value>
        <value name="version">01B</value>
        <value name="transaction">SLSFCT</value>
      </idatacodable>
      <idatacodable javaclass="wm.b2b.editn.EDITransactionDocType" name="4s5h8a00ik9ggulj00000dgk">
        <value name="TypeID">4s5h8a00ik9ggulj00000dgk</value>
        <value name="TypeName">EANCOM 01B SLSRPT</value>
        <null name="TypeDescription"/>
        <idatacodable javaclass="com.wm.data.MBoolean" name="Deleted">
          <value name="MBoolean">false</value>
        </idatacodable>
        <value name="LastModified">2025-02-17 16:31:17.682</value>
        <value name="ValidationSvc">wm.b2b.editn:validateTransaction</value>
        <record javaclass="com.wm.app.tn.route.PreRoutingFlags" name="PreProcessingFlags">
          <value name="verify?">no</value>
          <value name="validate?">no</value>
          <value name="persist?">yes</value>
          <value name="unique?">no</value>
        </record>
        <value name="standard">EANCOM</value>
        <value name="version">01B</value>
        <value name="transaction">SLSRPT</value>
      </idatacodable>
      <idatacodable javaclass="wm.b2b.editn.EDITransactionDocType" name="4s5h8a00ik9ggulj00000dgl">
        <value name="TypeID">4s5h8a00ik9ggulj00000dgl</value>
        <value name="TypeName">EANCOM 01B TAXCON</value>
        <null name="TypeDescription"/>
        <idatacodable javaclass="com.wm.data.MBoolean" name="Deleted">
          <value name="MBoolean">false</value>
        </idatacodable>
        <value name="LastModified">2025-02-17 16:31:17.682</value>
        <value name="ValidationSvc">wm.b2b.editn:validateTransaction</value>
        <record javaclass="com.wm.app.tn.route.PreRoutingFlags" name="PreProcessingFlags">
          <value name="verify?">no</value>
          <value name="validate?">no</value>
          <value name="persist?">yes</value>
          <value name="unique?">no</value>
        </record>
        <value name="standard">EANCOM</value>
        <value name="version">01B</value>
        <value name="transaction">TAXCON</value>
      </idatacodable>
    </record>
  </record>
</IDataXMLCoder>
