<?xml version="1.0" encoding="UTF-8"?><IDataXMLCoder version="1.0">
  <record javaclass="com.wm.data.BasicData">
    <record javaclass="com.wm.data.BasicData" name="version">
      <value name="major">1</value>
      <value name="minor">0</value>
    </record>
    <record javaclass="com.wm.data.BasicData" name="types">
      <idatacodable javaclass="wm.b2b.editn.EDITransactionDocType" name="4s5h8a00ik9ggv6000000dhd">
        <value name="TypeID">4s5h8a00ik9ggv6000000dhd</value>
        <value name="TypeName">EANCOM 96A APERAK</value>
        <null name="TypeDescription"/>
        <idatacodable javaclass="com.wm.data.MBoolean" name="Deleted">
          <value name="MBoolean">false</value>
        </idatacodable>
        <value name="LastModified">2025-02-17 16:31:18.208</value>
        <value name="ValidationSvc">wm.b2b.editn:validateTransaction</value>
        <record javaclass="com.wm.app.tn.route.PreRoutingFlags" name="PreProcessingFlags">
          <value name="verify?">no</value>
          <value name="validate?">no</value>
          <value name="persist?">yes</value>
          <value name="unique?">no</value>
        </record>
        <value name="standard">EANCOM</value>
        <value name="version">96A</value>
        <value name="transaction">APERAK</value>
      </idatacodable>
      <idatacodable javaclass="wm.b2b.editn.EDITransactionDocType" name="4s5h8a00ik9ggv6000000dhe">
        <value name="TypeID">4s5h8a00ik9ggv6000000dhe</value>
        <value name="TypeName">EANCOM 96A BANSTA</value>
        <null name="TypeDescription"/>
        <idatacodable javaclass="com.wm.data.MBoolean" name="Deleted">
          <value name="MBoolean">false</value>
        </idatacodable>
        <value name="LastModified">2025-02-17 16:31:18.208</value>
        <value name="ValidationSvc">wm.b2b.editn:validateTransaction</value>
        <record javaclass="com.wm.app.tn.route.PreRoutingFlags" name="PreProcessingFlags">
          <value name="verify?">no</value>
          <value name="validate?">no</value>
          <value name="persist?">yes</value>
          <value name="unique?">no</value>
        </record>
        <value name="standard">EANCOM</value>
        <value name="version">96A</value>
        <value name="transaction">BANSTA</value>
      </idatacodable>
      <idatacodable javaclass="wm.b2b.editn.EDITransactionDocType" name="4s5h8a00ik9ggv6000000dhf">
        <value name="TypeID">4s5h8a00ik9ggv6000000dhf</value>
        <value name="TypeName">EANCOM 96A CNTCND</value>
        <null name="TypeDescription"/>
        <idatacodable javaclass="com.wm.data.MBoolean" name="Deleted">
          <value name="MBoolean">false</value>
        </idatacodable>
        <value name="LastModified">2025-02-17 16:31:18.208</value>
        <value name="ValidationSvc">wm.b2b.editn:validateTransaction</value>
        <record javaclass="com.wm.app.tn.route.PreRoutingFlags" name="PreProcessingFlags">
          <value name="verify?">no</value>
          <value name="validate?">no</value>
          <value name="persist?">yes</value>
          <value name="unique?">no</value>
        </record>
        <value name="standard">EANCOM</value>
        <value name="version">96A</value>
        <value name="transaction">CNTCND</value>
      </idatacodable>
      <idatacodable javaclass="wm.b2b.editn.EDITransactionDocType" name="4s5h8a00ik9ggv6000000dhg">
        <value name="TypeID">4s5h8a00ik9ggv6000000dhg</value>
        <value name="TypeName">EANCOM 96A COACSU</value>
        <null name="TypeDescription"/>
        <idatacodable javaclass="com.wm.data.MBoolean" name="Deleted">
          <value name="MBoolean">false</value>
        </idatacodable>
        <value name="LastModified">2025-02-17 16:31:18.208</value>
        <value name="ValidationSvc">wm.b2b.editn:validateTransaction</value>
        <record javaclass="com.wm.app.tn.route.PreRoutingFlags" name="PreProcessingFlags">
          <value name="verify?">no</value>
          <value name="validate?">no</value>
          <value name="persist?">yes</value>
          <value name="unique?">no</value>
        </record>
        <value name="standard">EANCOM</value>
        <value name="version">96A</value>
        <value name="transaction">COACSU</value>
      </idatacodable>
      <idatacodable javaclass="wm.b2b.editn.EDITransactionDocType" name="4s5h8a00ik9ggv6000000dhh">
        <value name="TypeID">4s5h8a00ik9ggv6000000dhh</value>
        <value name="TypeName">EANCOM 96A COMDIS</value>
        <null name="TypeDescription"/>
        <idatacodable javaclass="com.wm.data.MBoolean" name="Deleted">
          <value name="MBoolean">false</value>
        </idatacodable>
        <value name="LastModified">2025-02-17 16:31:18.208</value>
        <value name="ValidationSvc">wm.b2b.editn:validateTransaction</value>
        <record javaclass="com.wm.app.tn.route.PreRoutingFlags" name="PreProcessingFlags">
          <value name="verify?">no</value>
          <value name="validate?">no</value>
          <value name="persist?">yes</value>
          <value name="unique?">no</value>
        </record>
        <value name="standard">EANCOM</value>
        <value name="version">96A</value>
        <value name="transaction">COMDIS</value>
      </idatacodable>
      <idatacodable javaclass="wm.b2b.editn.EDITransactionDocType" name="4s5h8a00ik9ggv6000000dhi">
        <value name="TypeID">4s5h8a00ik9ggv6000000dhi</value>
        <value name="TypeName">EANCOM 96A CONDRA</value>
        <null name="TypeDescription"/>
        <idatacodable javaclass="com.wm.data.MBoolean" name="Deleted">
          <value name="MBoolean">false</value>
        </idatacodable>
        <value name="LastModified">2025-02-17 16:31:18.208</value>
        <value name="ValidationSvc">wm.b2b.editn:validateTransaction</value>
        <record javaclass="com.wm.app.tn.route.PreRoutingFlags" name="PreProcessingFlags">
          <value name="verify?">no</value>
          <value name="validate?">no</value>
          <value name="persist?">yes</value>
          <value name="unique?">no</value>
        </record>
        <value name="standard">EANCOM</value>
        <value name="version">96A</value>
        <value name="transaction">CONDRA</value>
      </idatacodable>
      <idatacodable javaclass="wm.b2b.editn.EDITransactionDocType" name="4s5h8a00ik9ggv6000000dhj">
        <value name="TypeID">4s5h8a00ik9ggv6000000dhj</value>
        <value name="TypeName">EANCOM 96A CONTRL</value>
        <null name="TypeDescription"/>
        <idatacodable javaclass="com.wm.data.MBoolean" name="Deleted">
          <value name="MBoolean">false</value>
        </idatacodable>
        <value name="LastModified">2025-02-17 16:31:18.208</value>
        <value name="ValidationSvc">wm.b2b.editn:validateTransaction</value>
        <record javaclass="com.wm.app.tn.route.PreRoutingFlags" name="PreProcessingFlags">
          <value name="verify?">no</value>
          <value name="validate?">no</value>
          <value name="persist?">yes</value>
          <value name="unique?">no</value>
        </record>
        <value name="standard">EANCOM</value>
        <value name="version">96A</value>
        <value name="transaction">CONTRL</value>
      </idatacodable>
      <idatacodable javaclass="wm.b2b.editn.EDITransactionDocType" name="4s5h8a00ik9ggv6000000dhk">
        <value name="TypeID">4s5h8a00ik9ggv6000000dhk</value>
        <value name="TypeName">EANCOM 96A CREMUL</value>
        <null name="TypeDescription"/>
        <idatacodable javaclass="com.wm.data.MBoolean" name="Deleted">
          <value name="MBoolean">false</value>
        </idatacodable>
        <value name="LastModified">2025-02-17 16:31:18.208</value>
        <value name="ValidationSvc">wm.b2b.editn:validateTransaction</value>
        <record javaclass="com.wm.app.tn.route.PreRoutingFlags" name="PreProcessingFlags">
          <value name="verify?">no</value>
          <value name="validate?">no</value>
          <value name="persist?">yes</value>
          <value name="unique?">no</value>
        </record>
        <value name="standard">EANCOM</value>
        <value name="version">96A</value>
        <value name="transaction">CREMUL</value>
      </idatacodable>
      <idatacodable javaclass="wm.b2b.editn.EDITransactionDocType" name="4s5h8a00ik9ggv6000000dhl">
        <value name="TypeID">4s5h8a00ik9ggv6000000dhl</value>
        <value name="TypeName">EANCOM 96A DEBMUL</value>
        <null name="TypeDescription"/>
        <idatacodable javaclass="com.wm.data.MBoolean" name="Deleted">
          <value name="MBoolean">false</value>
        </idatacodable>
        <value name="LastModified">2025-02-17 16:31:18.208</value>
        <value name="ValidationSvc">wm.b2b.editn:validateTransaction</value>
        <record javaclass="com.wm.app.tn.route.PreRoutingFlags" name="PreProcessingFlags">
          <value name="verify?">no</value>
          <value name="validate?">no</value>
          <value name="persist?">yes</value>
          <value name="unique?">no</value>
        </record>
        <value name="standard">EANCOM</value>
        <value name="version">96A</value>
        <value name="transaction">DEBMUL</value>
      </idatacodable>
      <idatacodable javaclass="wm.b2b.editn.EDITransactionDocType" name="4s5h8a00ik9ggv6200000dhm">
        <value name="TypeID">4s5h8a00ik9ggv6200000dhm</value>
        <value name="TypeName">EANCOM 96A DELFOR</value>
        <null name="TypeDescription"/>
        <idatacodable javaclass="com.wm.data.MBoolean" name="Deleted">
          <value name="MBoolean">false</value>
        </idatacodable>
        <value name="LastModified">2025-02-17 16:31:18.208</value>
        <value name="ValidationSvc">wm.b2b.editn:validateTransaction</value>
        <record javaclass="com.wm.app.tn.route.PreRoutingFlags" name="PreProcessingFlags">
          <value name="verify?">no</value>
          <value name="validate?">no</value>
          <value name="persist?">yes</value>
          <value name="unique?">no</value>
        </record>
        <value name="standard">EANCOM</value>
        <value name="version">96A</value>
        <value name="transaction">DELFOR</value>
      </idatacodable>
      <idatacodable javaclass="wm.b2b.editn.EDITransactionDocType" name="4s5h8a00ik9ggv6200000dhn">
        <value name="TypeID">4s5h8a00ik9ggv6200000dhn</value>
        <value name="TypeName">EANCOM 96A DESADV</value>
        <null name="TypeDescription"/>
        <idatacodable javaclass="com.wm.data.MBoolean" name="Deleted">
          <value name="MBoolean">false</value>
        </idatacodable>
        <value name="LastModified">2025-02-17 16:31:18.208</value>
        <value name="ValidationSvc">wm.b2b.editn:validateTransaction</value>
        <record javaclass="com.wm.app.tn.route.PreRoutingFlags" name="PreProcessingFlags">
          <value name="verify?">no</value>
          <value name="validate?">no</value>
          <value name="persist?">yes</value>
          <value name="unique?">no</value>
        </record>
        <value name="standard">EANCOM</value>
        <value name="version">96A</value>
        <value name="transaction">DESADV</value>
      </idatacodable>
      <idatacodable javaclass="wm.b2b.editn.EDITransactionDocType" name="4s5h8a00ik9ggv6200000dho">
        <value name="TypeID">4s5h8a00ik9ggv6200000dho</value>
        <value name="TypeName">EANCOM 96A DIRDEB</value>
        <null name="TypeDescription"/>
        <idatacodable javaclass="com.wm.data.MBoolean" name="Deleted">
          <value name="MBoolean">false</value>
        </idatacodable>
        <value name="LastModified">2025-02-17 16:31:18.208</value>
        <value name="ValidationSvc">wm.b2b.editn:validateTransaction</value>
        <record javaclass="com.wm.app.tn.route.PreRoutingFlags" name="PreProcessingFlags">
          <value name="verify?">no</value>
          <value name="validate?">no</value>
          <value name="persist?">yes</value>
          <value name="unique?">no</value>
        </record>
        <value name="standard">EANCOM</value>
        <value name="version">96A</value>
        <value name="transaction">DIRDEB</value>
      </idatacodable>
      <idatacodable javaclass="wm.b2b.editn.EDITransactionDocType" name="4s5h8a00ik9ggv6200000dhp">
        <value name="TypeID">4s5h8a00ik9ggv6200000dhp</value>
        <value name="TypeName">EANCOM 96A FINCAN</value>
        <null name="TypeDescription"/>
        <idatacodable javaclass="com.wm.data.MBoolean" name="Deleted">
          <value name="MBoolean">false</value>
        </idatacodable>
        <value name="LastModified">2025-02-17 16:31:18.208</value>
        <value name="ValidationSvc">wm.b2b.editn:validateTransaction</value>
        <record javaclass="com.wm.app.tn.route.PreRoutingFlags" name="PreProcessingFlags">
          <value name="verify?">no</value>
          <value name="validate?">no</value>
          <value name="persist?">yes</value>
          <value name="unique?">no</value>
        </record>
        <value name="standard">EANCOM</value>
        <value name="version">96A</value>
        <value name="transaction">FINCAN</value>
      </idatacodable>
      <idatacodable javaclass="wm.b2b.editn.EDITransactionDocType" name="4s5h8a00ik9ggv6200000dhq">
        <value name="TypeID">4s5h8a00ik9ggv6200000dhq</value>
        <value name="TypeName">EANCOM 96A FINSTA</value>
        <null name="TypeDescription"/>
        <idatacodable javaclass="com.wm.data.MBoolean" name="Deleted">
          <value name="MBoolean">false</value>
        </idatacodable>
        <value name="LastModified">2025-02-17 16:31:18.208</value>
        <value name="ValidationSvc">wm.b2b.editn:validateTransaction</value>
        <record javaclass="com.wm.app.tn.route.PreRoutingFlags" name="PreProcessingFlags">
          <value name="verify?">no</value>
          <value name="validate?">no</value>
          <value name="persist?">yes</value>
          <value name="unique?">no</value>
        </record>
        <value name="standard">EANCOM</value>
        <value name="version">96A</value>
        <value name="transaction">FINSTA</value>
      </idatacodable>
      <idatacodable javaclass="wm.b2b.editn.EDITransactionDocType" name="4s5h8a00ik9ggv6200000dhr">
        <value name="TypeID">4s5h8a00ik9ggv6200000dhr</value>
        <value name="TypeName">EANCOM 96A GENRAL</value>
        <null name="TypeDescription"/>
        <idatacodable javaclass="com.wm.data.MBoolean" name="Deleted">
          <value name="MBoolean">false</value>
        </idatacodable>
        <value name="LastModified">2025-02-17 16:31:18.208</value>
        <value name="ValidationSvc">wm.b2b.editn:validateTransaction</value>
        <record javaclass="com.wm.app.tn.route.PreRoutingFlags" name="PreProcessingFlags">
          <value name="verify?">no</value>
          <value name="validate?">no</value>
          <value name="persist?">yes</value>
          <value name="unique?">no</value>
        </record>
        <value name="standard">EANCOM</value>
        <value name="version">96A</value>
        <value name="transaction">GENRAL</value>
      </idatacodable>
      <idatacodable javaclass="wm.b2b.editn.EDITransactionDocType" name="4s5h8a00ik9ggv6200000dhs">
        <value name="TypeID">4s5h8a00ik9ggv6200000dhs</value>
        <value name="TypeName">EANCOM 96A HANMOV</value>
        <null name="TypeDescription"/>
        <idatacodable javaclass="com.wm.data.MBoolean" name="Deleted">
          <value name="MBoolean">false</value>
        </idatacodable>
        <value name="LastModified">2025-02-17 16:31:18.208</value>
        <value name="ValidationSvc">wm.b2b.editn:validateTransaction</value>
        <record javaclass="com.wm.app.tn.route.PreRoutingFlags" name="PreProcessingFlags">
          <value name="verify?">no</value>
          <value name="validate?">no</value>
          <value name="persist?">yes</value>
          <value name="unique?">no</value>
        </record>
        <value name="standard">EANCOM</value>
        <value name="version">96A</value>
        <value name="transaction">HANMOV</value>
      </idatacodable>
      <idatacodable javaclass="wm.b2b.editn.EDITransactionDocType" name="4s5h8a00ik9ggv6200000dht">
        <value name="TypeID">4s5h8a00ik9ggv6200000dht</value>
        <value name="TypeName">EANCOM 96A IFCSUM</value>
        <null name="TypeDescription"/>
        <idatacodable javaclass="com.wm.data.MBoolean" name="Deleted">
          <value name="MBoolean">false</value>
        </idatacodable>
        <value name="LastModified">2025-02-17 16:31:18.208</value>
        <value name="ValidationSvc">wm.b2b.editn:validateTransaction</value>
        <record javaclass="com.wm.app.tn.route.PreRoutingFlags" name="PreProcessingFlags">
          <value name="verify?">no</value>
          <value name="validate?">no</value>
          <value name="persist?">yes</value>
          <value name="unique?">no</value>
        </record>
        <value name="standard">EANCOM</value>
        <value name="version">96A</value>
        <value name="transaction">IFCSUM</value>
      </idatacodable>
      <idatacodable javaclass="wm.b2b.editn.EDITransactionDocType" name="4s5h8a00ik9ggv6200000dhu">
        <value name="TypeID">4s5h8a00ik9ggv6200000dhu</value>
        <value name="TypeName">EANCOM 96A IFTMAN</value>
        <null name="TypeDescription"/>
        <idatacodable javaclass="com.wm.data.MBoolean" name="Deleted">
          <value name="MBoolean">false</value>
        </idatacodable>
        <value name="LastModified">2025-02-17 16:31:18.208</value>
        <value name="ValidationSvc">wm.b2b.editn:validateTransaction</value>
        <record javaclass="com.wm.app.tn.route.PreRoutingFlags" name="PreProcessingFlags">
          <value name="verify?">no</value>
          <value name="validate?">no</value>
          <value name="persist?">yes</value>
          <value name="unique?">no</value>
        </record>
        <value name="standard">EANCOM</value>
        <value name="version">96A</value>
        <value name="transaction">IFTMAN</value>
      </idatacodable>
      <idatacodable javaclass="wm.b2b.editn.EDITransactionDocType" name="4s5h8a00ik9ggv6200000dhv">
        <value name="TypeID">4s5h8a00ik9ggv6200000dhv</value>
        <value name="TypeName">EANCOM 96A IFTMBC</value>
        <null name="TypeDescription"/>
        <idatacodable javaclass="com.wm.data.MBoolean" name="Deleted">
          <value name="MBoolean">false</value>
        </idatacodable>
        <value name="LastModified">2025-02-17 16:31:18.208</value>
        <value name="ValidationSvc">wm.b2b.editn:validateTransaction</value>
        <record javaclass="com.wm.app.tn.route.PreRoutingFlags" name="PreProcessingFlags">
          <value name="verify?">no</value>
          <value name="validate?">no</value>
          <value name="persist?">yes</value>
          <value name="unique?">no</value>
        </record>
        <value name="standard">EANCOM</value>
        <value name="version">96A</value>
        <value name="transaction">IFTMBC</value>
      </idatacodable>
      <idatacodable javaclass="wm.b2b.editn.EDITransactionDocType" name="4s5h8a00ik9ggv6200000di0">
        <value name="TypeID">4s5h8a00ik9ggv6200000di0</value>
        <value name="TypeName">EANCOM 96A IFTMBF</value>
        <null name="TypeDescription"/>
        <idatacodable javaclass="com.wm.data.MBoolean" name="Deleted">
          <value name="MBoolean">false</value>
        </idatacodable>
        <value name="LastModified">2025-02-17 16:31:18.208</value>
        <value name="ValidationSvc">wm.b2b.editn:validateTransaction</value>
        <record javaclass="com.wm.app.tn.route.PreRoutingFlags" name="PreProcessingFlags">
          <value name="verify?">no</value>
          <value name="validate?">no</value>
          <value name="persist?">yes</value>
          <value name="unique?">no</value>
        </record>
        <value name="standard">EANCOM</value>
        <value name="version">96A</value>
        <value name="transaction">IFTMBF</value>
      </idatacodable>
      <idatacodable javaclass="wm.b2b.editn.EDITransactionDocType" name="4s5h8a00ik9ggv6200000di1">
        <value name="TypeID">4s5h8a00ik9ggv6200000di1</value>
        <value name="TypeName">EANCOM 96A IFTMIN</value>
        <null name="TypeDescription"/>
        <idatacodable javaclass="com.wm.data.MBoolean" name="Deleted">
          <value name="MBoolean">false</value>
        </idatacodable>
        <value name="LastModified">2025-02-17 16:31:18.208</value>
        <value name="ValidationSvc">wm.b2b.editn:validateTransaction</value>
        <record javaclass="com.wm.app.tn.route.PreRoutingFlags" name="PreProcessingFlags">
          <value name="verify?">no</value>
          <value name="validate?">no</value>
          <value name="persist?">yes</value>
          <value name="unique?">no</value>
        </record>
        <value name="standard">EANCOM</value>
        <value name="version">96A</value>
        <value name="transaction">IFTMIN</value>
      </idatacodable>
      <idatacodable javaclass="wm.b2b.editn.EDITransactionDocType" name="4s5h8a00ik9ggv6200000di2">
        <value name="TypeID">4s5h8a00ik9ggv6200000di2</value>
        <value name="TypeName">EANCOM 96A IFTSTA</value>
        <null name="TypeDescription"/>
        <idatacodable javaclass="com.wm.data.MBoolean" name="Deleted">
          <value name="MBoolean">false</value>
        </idatacodable>
        <value name="LastModified">2025-02-17 16:31:18.208</value>
        <value name="ValidationSvc">wm.b2b.editn:validateTransaction</value>
        <record javaclass="com.wm.app.tn.route.PreRoutingFlags" name="PreProcessingFlags">
          <value name="verify?">no</value>
          <value name="validate?">no</value>
          <value name="persist?">yes</value>
          <value name="unique?">no</value>
        </record>
        <value name="standard">EANCOM</value>
        <value name="version">96A</value>
        <value name="transaction">IFTSTA</value>
      </idatacodable>
      <idatacodable javaclass="wm.b2b.editn.EDITransactionDocType" name="4s5h8a00ik9ggv6200000di3">
        <value name="TypeID">4s5h8a00ik9ggv6200000di3</value>
        <value name="TypeName">EANCOM 96A INSDES</value>
        <null name="TypeDescription"/>
        <idatacodable javaclass="com.wm.data.MBoolean" name="Deleted">
          <value name="MBoolean">false</value>
        </idatacodable>
        <value name="LastModified">2025-02-17 16:31:18.208</value>
        <value name="ValidationSvc">wm.b2b.editn:validateTransaction</value>
        <record javaclass="com.wm.app.tn.route.PreRoutingFlags" name="PreProcessingFlags">
          <value name="verify?">no</value>
          <value name="validate?">no</value>
          <value name="persist?">yes</value>
          <value name="unique?">no</value>
        </record>
        <value name="standard">EANCOM</value>
        <value name="version">96A</value>
        <value name="transaction">INSDES</value>
      </idatacodable>
      <idatacodable javaclass="wm.b2b.editn.EDITransactionDocType" name="4s5h8a00ik9ggv6200000di4">
        <value name="TypeID">4s5h8a00ik9ggv6200000di4</value>
        <value name="TypeName">EANCOM 96A INVOIC</value>
        <null name="TypeDescription"/>
        <idatacodable javaclass="com.wm.data.MBoolean" name="Deleted">
          <value name="MBoolean">false</value>
        </idatacodable>
        <value name="LastModified">2025-02-17 16:31:18.208</value>
        <value name="ValidationSvc">wm.b2b.editn:validateTransaction</value>
        <record javaclass="com.wm.app.tn.route.PreRoutingFlags" name="PreProcessingFlags">
          <value name="verify?">no</value>
          <value name="validate?">no</value>
          <value name="persist?">yes</value>
          <value name="unique?">no</value>
        </record>
        <value name="standard">EANCOM</value>
        <value name="version">96A</value>
        <value name="transaction">INVOIC</value>
      </idatacodable>
      <idatacodable javaclass="wm.b2b.editn.EDITransactionDocType" name="4s5h8a00ik9ggv6200000di5">
        <value name="TypeID">4s5h8a00ik9ggv6200000di5</value>
        <value name="TypeName">EANCOM 96A INVRPT</value>
        <null name="TypeDescription"/>
        <idatacodable javaclass="com.wm.data.MBoolean" name="Deleted">
          <value name="MBoolean">false</value>
        </idatacodable>
        <value name="LastModified">2025-02-17 16:31:18.208</value>
        <value name="ValidationSvc">wm.b2b.editn:validateTransaction</value>
        <record javaclass="com.wm.app.tn.route.PreRoutingFlags" name="PreProcessingFlags">
          <value name="verify?">no</value>
          <value name="validate?">no</value>
          <value name="persist?">yes</value>
          <value name="unique?">no</value>
        </record>
        <value name="standard">EANCOM</value>
        <value name="version">96A</value>
        <value name="transaction">INVRPT</value>
      </idatacodable>
      <idatacodable javaclass="wm.b2b.editn.EDITransactionDocType" name="4s5h8a00ik9ggv6200000di6">
        <value name="TypeID">4s5h8a00ik9ggv6200000di6</value>
        <value name="TypeName">EANCOM 96A MSCONS</value>
        <null name="TypeDescription"/>
        <idatacodable javaclass="com.wm.data.MBoolean" name="Deleted">
          <value name="MBoolean">false</value>
        </idatacodable>
        <value name="LastModified">2025-02-17 16:31:18.208</value>
        <value name="ValidationSvc">wm.b2b.editn:validateTransaction</value>
        <record javaclass="com.wm.app.tn.route.PreRoutingFlags" name="PreProcessingFlags">
          <value name="verify?">no</value>
          <value name="validate?">no</value>
          <value name="persist?">yes</value>
          <value name="unique?">no</value>
        </record>
        <value name="standard">EANCOM</value>
        <value name="version">96A</value>
        <value name="transaction">MSCONS</value>
      </idatacodable>
      <idatacodable javaclass="wm.b2b.editn.EDITransactionDocType" name="4s5h8a00ik9ggv6200000di7">
        <value name="TypeID">4s5h8a00ik9ggv6200000di7</value>
        <value name="TypeName">EANCOM 96A ORDCHG</value>
        <null name="TypeDescription"/>
        <idatacodable javaclass="com.wm.data.MBoolean" name="Deleted">
          <value name="MBoolean">false</value>
        </idatacodable>
        <value name="LastModified">2025-02-17 16:31:18.208</value>
        <value name="ValidationSvc">wm.b2b.editn:validateTransaction</value>
        <record javaclass="com.wm.app.tn.route.PreRoutingFlags" name="PreProcessingFlags">
          <value name="verify?">no</value>
          <value name="validate?">no</value>
          <value name="persist?">yes</value>
          <value name="unique?">no</value>
        </record>
        <value name="standard">EANCOM</value>
        <value name="version">96A</value>
        <value name="transaction">ORDCHG</value>
      </idatacodable>
      <idatacodable javaclass="wm.b2b.editn.EDITransactionDocType" name="4s5h8a00ik9ggv6200000di8">
        <value name="TypeID">4s5h8a00ik9ggv6200000di8</value>
        <value name="TypeName">EANCOM 96A ORDERS</value>
        <null name="TypeDescription"/>
        <idatacodable javaclass="com.wm.data.MBoolean" name="Deleted">
          <value name="MBoolean">false</value>
        </idatacodable>
        <value name="LastModified">2025-02-17 16:31:18.208</value>
        <value name="ValidationSvc">wm.b2b.editn:validateTransaction</value>
        <record javaclass="com.wm.app.tn.route.PreRoutingFlags" name="PreProcessingFlags">
          <value name="verify?">no</value>
          <value name="validate?">no</value>
          <value name="persist?">yes</value>
          <value name="unique?">no</value>
        </record>
        <value name="standard">EANCOM</value>
        <value name="version">96A</value>
        <value name="transaction">ORDERS</value>
      </idatacodable>
      <idatacodable javaclass="wm.b2b.editn.EDITransactionDocType" name="4s5h8a00ik9ggv6200000di9">
        <value name="TypeID">4s5h8a00ik9ggv6200000di9</value>
        <value name="TypeName">EANCOM 96A ORDRSP</value>
        <null name="TypeDescription"/>
        <idatacodable javaclass="com.wm.data.MBoolean" name="Deleted">
          <value name="MBoolean">false</value>
        </idatacodable>
        <value name="LastModified">2025-02-17 16:31:18.208</value>
        <value name="ValidationSvc">wm.b2b.editn:validateTransaction</value>
        <record javaclass="com.wm.app.tn.route.PreRoutingFlags" name="PreProcessingFlags">
          <value name="verify?">no</value>
          <value name="validate?">no</value>
          <value name="persist?">yes</value>
          <value name="unique?">no</value>
        </record>
        <value name="standard">EANCOM</value>
        <value name="version">96A</value>
        <value name="transaction">ORDRSP</value>
      </idatacodable>
      <idatacodable javaclass="wm.b2b.editn.EDITransactionDocType" name="4s5h8a00ik9ggv6200000dia">
        <value name="TypeID">4s5h8a00ik9ggv6200000dia</value>
        <value name="TypeName">EANCOM 96A OSTENQ</value>
        <null name="TypeDescription"/>
        <idatacodable javaclass="com.wm.data.MBoolean" name="Deleted">
          <value name="MBoolean">false</value>
        </idatacodable>
        <value name="LastModified">2025-02-17 16:31:18.208</value>
        <value name="ValidationSvc">wm.b2b.editn:validateTransaction</value>
        <record javaclass="com.wm.app.tn.route.PreRoutingFlags" name="PreProcessingFlags">
          <value name="verify?">no</value>
          <value name="validate?">no</value>
          <value name="persist?">yes</value>
          <value name="unique?">no</value>
        </record>
        <value name="standard">EANCOM</value>
        <value name="version">96A</value>
        <value name="transaction">OSTENQ</value>
      </idatacodable>
      <idatacodable javaclass="wm.b2b.editn.EDITransactionDocType" name="4s5h8a00ik9ggv6200000dib">
        <value name="TypeID">4s5h8a00ik9ggv6200000dib</value>
        <value name="TypeName">EANCOM 96A OSTRPT</value>
        <null name="TypeDescription"/>
        <idatacodable javaclass="com.wm.data.MBoolean" name="Deleted">
          <value name="MBoolean">false</value>
        </idatacodable>
        <value name="LastModified">2025-02-17 16:31:18.208</value>
        <value name="ValidationSvc">wm.b2b.editn:validateTransaction</value>
        <record javaclass="com.wm.app.tn.route.PreRoutingFlags" name="PreProcessingFlags">
          <value name="verify?">no</value>
          <value name="validate?">no</value>
          <value name="persist?">yes</value>
          <value name="unique?">no</value>
        </record>
        <value name="standard">EANCOM</value>
        <value name="version">96A</value>
        <value name="transaction">OSTRPT</value>
      </idatacodable>
      <idatacodable javaclass="wm.b2b.editn.EDITransactionDocType" name="4s5h8a00ik9ggv6200000dic">
        <value name="TypeID">4s5h8a00ik9ggv6200000dic</value>
        <value name="TypeName">EANCOM 96A PARTIN</value>
        <null name="TypeDescription"/>
        <idatacodable javaclass="com.wm.data.MBoolean" name="Deleted">
          <value name="MBoolean">false</value>
        </idatacodable>
        <value name="LastModified">2025-02-17 16:31:18.208</value>
        <value name="ValidationSvc">wm.b2b.editn:validateTransaction</value>
        <record javaclass="com.wm.app.tn.route.PreRoutingFlags" name="PreProcessingFlags">
          <value name="verify?">no</value>
          <value name="validate?">no</value>
          <value name="persist?">yes</value>
          <value name="unique?">no</value>
        </record>
        <value name="standard">EANCOM</value>
        <value name="version">96A</value>
        <value name="transaction">PARTIN</value>
      </idatacodable>
      <idatacodable javaclass="wm.b2b.editn.EDITransactionDocType" name="4s5h8a00ik9ggv6200000did">
        <value name="TypeID">4s5h8a00ik9ggv6200000did</value>
        <value name="TypeName">EANCOM 96A PAYDUC</value>
        <null name="TypeDescription"/>
        <idatacodable javaclass="com.wm.data.MBoolean" name="Deleted">
          <value name="MBoolean">false</value>
        </idatacodable>
        <value name="LastModified">2025-02-17 16:31:18.208</value>
        <value name="ValidationSvc">wm.b2b.editn:validateTransaction</value>
        <record javaclass="com.wm.app.tn.route.PreRoutingFlags" name="PreProcessingFlags">
          <value name="verify?">no</value>
          <value name="validate?">no</value>
          <value name="persist?">yes</value>
          <value name="unique?">no</value>
        </record>
        <value name="standard">EANCOM</value>
        <value name="version">96A</value>
        <value name="transaction">PAYDUC</value>
      </idatacodable>
      <idatacodable javaclass="wm.b2b.editn.EDITransactionDocType" name="4s5h8a00ik9ggv6200000die">
        <value name="TypeID">4s5h8a00ik9ggv6200000die</value>
        <value name="TypeName">EANCOM 96A PAYMUL</value>
        <null name="TypeDescription"/>
        <idatacodable javaclass="com.wm.data.MBoolean" name="Deleted">
          <value name="MBoolean">false</value>
        </idatacodable>
        <value name="LastModified">2025-02-17 16:31:18.208</value>
        <value name="ValidationSvc">wm.b2b.editn:validateTransaction</value>
        <record javaclass="com.wm.app.tn.route.PreRoutingFlags" name="PreProcessingFlags">
          <value name="verify?">no</value>
          <value name="validate?">no</value>
          <value name="persist?">yes</value>
          <value name="unique?">no</value>
        </record>
        <value name="standard">EANCOM</value>
        <value name="version">96A</value>
        <value name="transaction">PAYMUL</value>
      </idatacodable>
      <idatacodable javaclass="wm.b2b.editn.EDITransactionDocType" name="4s5h8a00ik9ggv6200000dif">
        <value name="TypeID">4s5h8a00ik9ggv6200000dif</value>
        <value name="TypeName">EANCOM 96A PRICAT</value>
        <null name="TypeDescription"/>
        <idatacodable javaclass="com.wm.data.MBoolean" name="Deleted">
          <value name="MBoolean">false</value>
        </idatacodable>
        <value name="LastModified">2025-02-17 16:31:18.208</value>
        <value name="ValidationSvc">wm.b2b.editn:validateTransaction</value>
        <record javaclass="com.wm.app.tn.route.PreRoutingFlags" name="PreProcessingFlags">
          <value name="verify?">no</value>
          <value name="validate?">no</value>
          <value name="persist?">yes</value>
          <value name="unique?">no</value>
        </record>
        <value name="standard">EANCOM</value>
        <value name="version">96A</value>
        <value name="transaction">PRICAT</value>
      </idatacodable>
      <idatacodable javaclass="wm.b2b.editn.EDITransactionDocType" name="4s5h8a00ik9ggv6200000dig">
        <value name="TypeID">4s5h8a00ik9ggv6200000dig</value>
        <value name="TypeName">EANCOM 96A PRODAT</value>
        <null name="TypeDescription"/>
        <idatacodable javaclass="com.wm.data.MBoolean" name="Deleted">
          <value name="MBoolean">false</value>
        </idatacodable>
        <value name="LastModified">2025-02-17 16:31:18.208</value>
        <value name="ValidationSvc">wm.b2b.editn:validateTransaction</value>
        <record javaclass="com.wm.app.tn.route.PreRoutingFlags" name="PreProcessingFlags">
          <value name="verify?">no</value>
          <value name="validate?">no</value>
          <value name="persist?">yes</value>
          <value name="unique?">no</value>
        </record>
        <value name="standard">EANCOM</value>
        <value name="version">96A</value>
        <value name="transaction">PRODAT</value>
      </idatacodable>
      <idatacodable javaclass="wm.b2b.editn.EDITransactionDocType" name="4s5h8a00ik9ggv6200000dih">
        <value name="TypeID">4s5h8a00ik9ggv6200000dih</value>
        <value name="TypeName">EANCOM 96A PROINQ</value>
        <null name="TypeDescription"/>
        <idatacodable javaclass="com.wm.data.MBoolean" name="Deleted">
          <value name="MBoolean">false</value>
        </idatacodable>
        <value name="LastModified">2025-02-17 16:31:18.208</value>
        <value name="ValidationSvc">wm.b2b.editn:validateTransaction</value>
        <record javaclass="com.wm.app.tn.route.PreRoutingFlags" name="PreProcessingFlags">
          <value name="verify?">no</value>
          <value name="validate?">no</value>
          <value name="persist?">yes</value>
          <value name="unique?">no</value>
        </record>
        <value name="standard">EANCOM</value>
        <value name="version">96A</value>
        <value name="transaction">PROINQ</value>
      </idatacodable>
      <idatacodable javaclass="wm.b2b.editn.EDITransactionDocType" name="4s5h8a00ik9ggv6200000dii">
        <value name="TypeID">4s5h8a00ik9ggv6200000dii</value>
        <value name="TypeName">EANCOM 96A QALITY</value>
        <null name="TypeDescription"/>
        <idatacodable javaclass="com.wm.data.MBoolean" name="Deleted">
          <value name="MBoolean">false</value>
        </idatacodable>
        <value name="LastModified">2025-02-17 16:31:18.208</value>
        <value name="ValidationSvc">wm.b2b.editn:validateTransaction</value>
        <record javaclass="com.wm.app.tn.route.PreRoutingFlags" name="PreProcessingFlags">
          <value name="verify?">no</value>
          <value name="validate?">no</value>
          <value name="persist?">yes</value>
          <value name="unique?">no</value>
        </record>
        <value name="standard">EANCOM</value>
        <value name="version">96A</value>
        <value name="transaction">QALITY</value>
      </idatacodable>
      <idatacodable javaclass="wm.b2b.editn.EDITransactionDocType" name="4s5h8a00ik9ggv6200000dij">
        <value name="TypeID">4s5h8a00ik9ggv6200000dij</value>
        <value name="TypeName">EANCOM 96A QUOTES</value>
        <null name="TypeDescription"/>
        <idatacodable javaclass="com.wm.data.MBoolean" name="Deleted">
          <value name="MBoolean">false</value>
        </idatacodable>
        <value name="LastModified">2025-02-17 16:31:18.208</value>
        <value name="ValidationSvc">wm.b2b.editn:validateTransaction</value>
        <record javaclass="com.wm.app.tn.route.PreRoutingFlags" name="PreProcessingFlags">
          <value name="verify?">no</value>
          <value name="validate?">no</value>
          <value name="persist?">yes</value>
          <value name="unique?">no</value>
        </record>
        <value name="standard">EANCOM</value>
        <value name="version">96A</value>
        <value name="transaction">QUOTES</value>
      </idatacodable>
      <idatacodable javaclass="wm.b2b.editn.EDITransactionDocType" name="4s5h8a00ik9ggv6200000dik">
        <value name="TypeID">4s5h8a00ik9ggv6200000dik</value>
        <value name="TypeName">EANCOM 96A RECADV</value>
        <null name="TypeDescription"/>
        <idatacodable javaclass="com.wm.data.MBoolean" name="Deleted">
          <value name="MBoolean">false</value>
        </idatacodable>
        <value name="LastModified">2025-02-17 16:31:18.208</value>
        <value name="ValidationSvc">wm.b2b.editn:validateTransaction</value>
        <record javaclass="com.wm.app.tn.route.PreRoutingFlags" name="PreProcessingFlags">
          <value name="verify?">no</value>
          <value name="validate?">no</value>
          <value name="persist?">yes</value>
          <value name="unique?">no</value>
        </record>
        <value name="standard">EANCOM</value>
        <value name="version">96A</value>
        <value name="transaction">RECADV</value>
      </idatacodable>
      <idatacodable javaclass="wm.b2b.editn.EDITransactionDocType" name="4s5h8a00ik9ggv6200000dil">
        <value name="TypeID">4s5h8a00ik9ggv6200000dil</value>
        <value name="TypeName">EANCOM 96A REMADV</value>
        <null name="TypeDescription"/>
        <idatacodable javaclass="com.wm.data.MBoolean" name="Deleted">
          <value name="MBoolean">false</value>
        </idatacodable>
        <value name="LastModified">2025-02-17 16:31:18.208</value>
        <value name="ValidationSvc">wm.b2b.editn:validateTransaction</value>
        <record javaclass="com.wm.app.tn.route.PreRoutingFlags" name="PreProcessingFlags">
          <value name="verify?">no</value>
          <value name="validate?">no</value>
          <value name="persist?">yes</value>
          <value name="unique?">no</value>
        </record>
        <value name="standard">EANCOM</value>
        <value name="version">96A</value>
        <value name="transaction">REMADV</value>
      </idatacodable>
      <idatacodable javaclass="wm.b2b.editn.EDITransactionDocType" name="4s5h8a00ik9ggv6200000dim">
        <value name="TypeID">4s5h8a00ik9ggv6200000dim</value>
        <value name="TypeName">EANCOM 96A REQOTE</value>
        <null name="TypeDescription"/>
        <idatacodable javaclass="com.wm.data.MBoolean" name="Deleted">
          <value name="MBoolean">false</value>
        </idatacodable>
        <value name="LastModified">2025-02-17 16:31:18.208</value>
        <value name="ValidationSvc">wm.b2b.editn:validateTransaction</value>
        <record javaclass="com.wm.app.tn.route.PreRoutingFlags" name="PreProcessingFlags">
          <value name="verify?">no</value>
          <value name="validate?">no</value>
          <value name="persist?">yes</value>
          <value name="unique?">no</value>
        </record>
        <value name="standard">EANCOM</value>
        <value name="version">96A</value>
        <value name="transaction">REQOTE</value>
      </idatacodable>
      <idatacodable javaclass="wm.b2b.editn.EDITransactionDocType" name="4s5h8a00ik9ggv6200000din">
        <value name="TypeID">4s5h8a00ik9ggv6200000din</value>
        <value name="TypeName">EANCOM 96A RETANN</value>
        <null name="TypeDescription"/>
        <idatacodable javaclass="com.wm.data.MBoolean" name="Deleted">
          <value name="MBoolean">false</value>
        </idatacodable>
        <value name="LastModified">2025-02-17 16:31:18.208</value>
        <value name="ValidationSvc">wm.b2b.editn:validateTransaction</value>
        <record javaclass="com.wm.app.tn.route.PreRoutingFlags" name="PreProcessingFlags">
          <value name="verify?">no</value>
          <value name="validate?">no</value>
          <value name="persist?">yes</value>
          <value name="unique?">no</value>
        </record>
        <value name="standard">EANCOM</value>
        <value name="version">96A</value>
        <value name="transaction">RETANN</value>
      </idatacodable>
      <idatacodable javaclass="wm.b2b.editn.EDITransactionDocType" name="4s5h8a00ik9ggv6200000dio">
        <value name="TypeID">4s5h8a00ik9ggv6200000dio</value>
        <value name="TypeName">EANCOM 96A RETINS</value>
        <null name="TypeDescription"/>
        <idatacodable javaclass="com.wm.data.MBoolean" name="Deleted">
          <value name="MBoolean">false</value>
        </idatacodable>
        <value name="LastModified">2025-02-17 16:31:18.208</value>
        <value name="ValidationSvc">wm.b2b.editn:validateTransaction</value>
        <record javaclass="com.wm.app.tn.route.PreRoutingFlags" name="PreProcessingFlags">
          <value name="verify?">no</value>
          <value name="validate?">no</value>
          <value name="persist?">yes</value>
          <value name="unique?">no</value>
        </record>
        <value name="standard">EANCOM</value>
        <value name="version">96A</value>
        <value name="transaction">RETINS</value>
      </idatacodable>
      <idatacodable javaclass="wm.b2b.editn.EDITransactionDocType" name="4s5h8a00ik9ggv6200000dip">
        <value name="TypeID">4s5h8a00ik9ggv6200000dip</value>
        <value name="TypeName">EANCOM 96A SLSFCT</value>
        <null name="TypeDescription"/>
        <idatacodable javaclass="com.wm.data.MBoolean" name="Deleted">
          <value name="MBoolean">false</value>
        </idatacodable>
        <value name="LastModified">2025-02-17 16:31:18.208</value>
        <value name="ValidationSvc">wm.b2b.editn:validateTransaction</value>
        <record javaclass="com.wm.app.tn.route.PreRoutingFlags" name="PreProcessingFlags">
          <value name="verify?">no</value>
          <value name="validate?">no</value>
          <value name="persist?">yes</value>
          <value name="unique?">no</value>
        </record>
        <value name="standard">EANCOM</value>
        <value name="version">96A</value>
        <value name="transaction">SLSFCT</value>
      </idatacodable>
      <idatacodable javaclass="wm.b2b.editn.EDITransactionDocType" name="4s5h8a00ik9ggv6200000diq">
        <value name="TypeID">4s5h8a00ik9ggv6200000diq</value>
        <value name="TypeName">EANCOM 96A SLSRPT</value>
        <null name="TypeDescription"/>
        <idatacodable javaclass="com.wm.data.MBoolean" name="Deleted">
          <value name="MBoolean">false</value>
        </idatacodable>
        <value name="LastModified">2025-02-17 16:31:18.208</value>
        <value name="ValidationSvc">wm.b2b.editn:validateTransaction</value>
        <record javaclass="com.wm.app.tn.route.PreRoutingFlags" name="PreProcessingFlags">
          <value name="verify?">no</value>
          <value name="validate?">no</value>
          <value name="persist?">yes</value>
          <value name="unique?">no</value>
        </record>
        <value name="standard">EANCOM</value>
        <value name="version">96A</value>
        <value name="transaction">SLSRPT</value>
      </idatacodable>
      <idatacodable javaclass="wm.b2b.editn.EDITransactionDocType" name="4s5h8a00ik9ggv6200000dir">
        <value name="TypeID">4s5h8a00ik9ggv6200000dir</value>
        <value name="TypeName">EANCOM 96A TAXCON</value>
        <null name="TypeDescription"/>
        <idatacodable javaclass="com.wm.data.MBoolean" name="Deleted">
          <value name="MBoolean">false</value>
        </idatacodable>
        <value name="LastModified">2025-02-17 16:31:18.208</value>
        <value name="ValidationSvc">wm.b2b.editn:validateTransaction</value>
        <record javaclass="com.wm.app.tn.route.PreRoutingFlags" name="PreProcessingFlags">
          <value name="verify?">no</value>
          <value name="validate?">no</value>
          <value name="persist?">yes</value>
          <value name="unique?">no</value>
        </record>
        <value name="standard">EANCOM</value>
        <value name="version">96A</value>
        <value name="transaction">TAXCON</value>
      </idatacodable>
    </record>
  </record>
</IDataXMLCoder>
