<?xml version="1.0" encoding="UTF-8"?><IDataXMLCoder version="1.0">
  <record javaclass="com.wm.data.BasicData">
    <record javaclass="com.wm.data.BasicData" name="version">
      <value name="major">1</value>
      <value name="minor">0</value>
    </record>
    <record javaclass="com.wm.data.BasicData" name="types">
      <idatacodable javaclass="wm.b2b.editn.EDITransactionDocType" name="4s5h8a00ik9ggvg700000dlk">
        <value name="TypeID">4s5h8a00ik9ggvg700000dlk</value>
        <value name="TypeName">UCS 4030 180</value>
        <null name="TypeDescription"/>
        <idatacodable javaclass="com.wm.data.MBoolean" name="Deleted">
          <value name="MBoolean">false</value>
        </idatacodable>
        <value name="LastModified">2025-02-17 16:31:18.535</value>
        <value name="ValidationSvc">wm.b2b.editn:validateTransaction</value>
        <record javaclass="com.wm.app.tn.route.PreRoutingFlags" name="PreProcessingFlags">
          <value name="verify?">no</value>
          <value name="validate?">no</value>
          <value name="persist?">yes</value>
          <value name="unique?">no</value>
        </record>
        <value name="standard">UCS</value>
        <value name="version">4030</value>
        <value name="transaction">180</value>
      </idatacodable>
      <idatacodable javaclass="wm.b2b.editn.EDITransactionDocType" name="4s5h8a00ik9ggvg700000dll">
        <value name="TypeID">4s5h8a00ik9ggvg700000dll</value>
        <value name="TypeName">UCS 4030 214</value>
        <null name="TypeDescription"/>
        <idatacodable javaclass="com.wm.data.MBoolean" name="Deleted">
          <value name="MBoolean">false</value>
        </idatacodable>
        <value name="LastModified">2025-02-17 16:31:18.535</value>
        <value name="ValidationSvc">wm.b2b.editn:validateTransaction</value>
        <record javaclass="com.wm.app.tn.route.PreRoutingFlags" name="PreProcessingFlags">
          <value name="verify?">no</value>
          <value name="validate?">no</value>
          <value name="persist?">yes</value>
          <value name="unique?">no</value>
        </record>
        <value name="standard">UCS</value>
        <value name="version">4030</value>
        <value name="transaction">214</value>
      </idatacodable>
      <idatacodable javaclass="wm.b2b.editn.EDITransactionDocType" name="4s5h8a00ik9ggvg700000dlm">
        <value name="TypeID">4s5h8a00ik9ggvg700000dlm</value>
        <value name="TypeName">UCS 4030 810</value>
        <null name="TypeDescription"/>
        <idatacodable javaclass="com.wm.data.MBoolean" name="Deleted">
          <value name="MBoolean">false</value>
        </idatacodable>
        <value name="LastModified">2025-02-17 16:31:18.535</value>
        <value name="ValidationSvc">wm.b2b.editn:validateTransaction</value>
        <record javaclass="com.wm.app.tn.route.PreRoutingFlags" name="PreProcessingFlags">
          <value name="verify?">no</value>
          <value name="validate?">no</value>
          <value name="persist?">yes</value>
          <value name="unique?">no</value>
        </record>
        <value name="standard">UCS</value>
        <value name="version">4030</value>
        <value name="transaction">810</value>
      </idatacodable>
      <idatacodable javaclass="wm.b2b.editn.EDITransactionDocType" name="4s5h8a00ik9ggvg700000dln">
        <value name="TypeID">4s5h8a00ik9ggvg700000dln</value>
        <value name="TypeName">UCS 4030 812</value>
        <null name="TypeDescription"/>
        <idatacodable javaclass="com.wm.data.MBoolean" name="Deleted">
          <value name="MBoolean">false</value>
        </idatacodable>
        <value name="LastModified">2025-02-17 16:31:18.535</value>
        <value name="ValidationSvc">wm.b2b.editn:validateTransaction</value>
        <record javaclass="com.wm.app.tn.route.PreRoutingFlags" name="PreProcessingFlags">
          <value name="verify?">no</value>
          <value name="validate?">no</value>
          <value name="persist?">yes</value>
          <value name="unique?">no</value>
        </record>
        <value name="standard">UCS</value>
        <value name="version">4030</value>
        <value name="transaction">812</value>
      </idatacodable>
      <idatacodable javaclass="wm.b2b.editn.EDITransactionDocType" name="4s5h8a00ik9ggvg700000dlo">
        <value name="TypeID">4s5h8a00ik9ggvg700000dlo</value>
        <value name="TypeName">UCS 4030 814</value>
        <null name="TypeDescription"/>
        <idatacodable javaclass="com.wm.data.MBoolean" name="Deleted">
          <value name="MBoolean">false</value>
        </idatacodable>
        <value name="LastModified">2025-02-17 16:31:18.535</value>
        <value name="ValidationSvc">wm.b2b.editn:validateTransaction</value>
        <record javaclass="com.wm.app.tn.route.PreRoutingFlags" name="PreProcessingFlags">
          <value name="verify?">no</value>
          <value name="validate?">no</value>
          <value name="persist?">yes</value>
          <value name="unique?">no</value>
        </record>
        <value name="standard">UCS</value>
        <value name="version">4030</value>
        <value name="transaction">814</value>
      </idatacodable>
      <idatacodable javaclass="wm.b2b.editn.EDITransactionDocType" name="4s5h8a00ik9ggvg700000dlp">
        <value name="TypeID">4s5h8a00ik9ggvg700000dlp</value>
        <value name="TypeName">UCS 4030 816</value>
        <null name="TypeDescription"/>
        <idatacodable javaclass="com.wm.data.MBoolean" name="Deleted">
          <value name="MBoolean">false</value>
        </idatacodable>
        <value name="LastModified">2025-02-17 16:31:18.535</value>
        <value name="ValidationSvc">wm.b2b.editn:validateTransaction</value>
        <record javaclass="com.wm.app.tn.route.PreRoutingFlags" name="PreProcessingFlags">
          <value name="verify?">no</value>
          <value name="validate?">no</value>
          <value name="persist?">yes</value>
          <value name="unique?">no</value>
        </record>
        <value name="standard">UCS</value>
        <value name="version">4030</value>
        <value name="transaction">816</value>
      </idatacodable>
      <idatacodable javaclass="wm.b2b.editn.EDITransactionDocType" name="4s5h8a00ik9ggvg700000dlq">
        <value name="TypeID">4s5h8a00ik9ggvg700000dlq</value>
        <value name="TypeName">UCS 4030 820</value>
        <null name="TypeDescription"/>
        <idatacodable javaclass="com.wm.data.MBoolean" name="Deleted">
          <value name="MBoolean">false</value>
        </idatacodable>
        <value name="LastModified">2025-02-17 16:31:18.535</value>
        <value name="ValidationSvc">wm.b2b.editn:validateTransaction</value>
        <record javaclass="com.wm.app.tn.route.PreRoutingFlags" name="PreProcessingFlags">
          <value name="verify?">no</value>
          <value name="validate?">no</value>
          <value name="persist?">yes</value>
          <value name="unique?">no</value>
        </record>
        <value name="standard">UCS</value>
        <value name="version">4030</value>
        <value name="transaction">820</value>
      </idatacodable>
      <idatacodable javaclass="wm.b2b.editn.EDITransactionDocType" name="4s5h8a00ik9ggvg700000dlr">
        <value name="TypeID">4s5h8a00ik9ggvg700000dlr</value>
        <value name="TypeName">UCS 4030 824</value>
        <null name="TypeDescription"/>
        <idatacodable javaclass="com.wm.data.MBoolean" name="Deleted">
          <value name="MBoolean">false</value>
        </idatacodable>
        <value name="LastModified">2025-02-17 16:31:18.535</value>
        <value name="ValidationSvc">wm.b2b.editn:validateTransaction</value>
        <record javaclass="com.wm.app.tn.route.PreRoutingFlags" name="PreProcessingFlags">
          <value name="verify?">no</value>
          <value name="validate?">no</value>
          <value name="persist?">yes</value>
          <value name="unique?">no</value>
        </record>
        <value name="standard">UCS</value>
        <value name="version">4030</value>
        <value name="transaction">824</value>
      </idatacodable>
      <idatacodable javaclass="wm.b2b.editn.EDITransactionDocType" name="4s5h8a00ik9ggvg700000dls">
        <value name="TypeID">4s5h8a00ik9ggvg700000dls</value>
        <value name="TypeName">UCS 4030 830</value>
        <null name="TypeDescription"/>
        <idatacodable javaclass="com.wm.data.MBoolean" name="Deleted">
          <value name="MBoolean">false</value>
        </idatacodable>
        <value name="LastModified">2025-02-17 16:31:18.535</value>
        <value name="ValidationSvc">wm.b2b.editn:validateTransaction</value>
        <record javaclass="com.wm.app.tn.route.PreRoutingFlags" name="PreProcessingFlags">
          <value name="verify?">no</value>
          <value name="validate?">no</value>
          <value name="persist?">yes</value>
          <value name="unique?">no</value>
        </record>
        <value name="standard">UCS</value>
        <value name="version">4030</value>
        <value name="transaction">830</value>
      </idatacodable>
      <idatacodable javaclass="wm.b2b.editn.EDITransactionDocType" name="4s5h8a00ik9ggvg700000dlt">
        <value name="TypeID">4s5h8a00ik9ggvg700000dlt</value>
        <value name="TypeName">UCS 4030 831</value>
        <null name="TypeDescription"/>
        <idatacodable javaclass="com.wm.data.MBoolean" name="Deleted">
          <value name="MBoolean">false</value>
        </idatacodable>
        <value name="LastModified">2025-02-17 16:31:18.535</value>
        <value name="ValidationSvc">wm.b2b.editn:validateTransaction</value>
        <record javaclass="com.wm.app.tn.route.PreRoutingFlags" name="PreProcessingFlags">
          <value name="verify?">no</value>
          <value name="validate?">no</value>
          <value name="persist?">yes</value>
          <value name="unique?">no</value>
        </record>
        <value name="standard">UCS</value>
        <value name="version">4030</value>
        <value name="transaction">831</value>
      </idatacodable>
      <idatacodable javaclass="wm.b2b.editn.EDITransactionDocType" name="4s5h8a00ik9ggvg700000dlu">
        <value name="TypeID">4s5h8a00ik9ggvg700000dlu</value>
        <value name="TypeName">UCS 4030 846</value>
        <null name="TypeDescription"/>
        <idatacodable javaclass="com.wm.data.MBoolean" name="Deleted">
          <value name="MBoolean">false</value>
        </idatacodable>
        <value name="LastModified">2025-02-17 16:31:18.535</value>
        <value name="ValidationSvc">wm.b2b.editn:validateTransaction</value>
        <record javaclass="com.wm.app.tn.route.PreRoutingFlags" name="PreProcessingFlags">
          <value name="verify?">no</value>
          <value name="validate?">no</value>
          <value name="persist?">yes</value>
          <value name="unique?">no</value>
        </record>
        <value name="standard">UCS</value>
        <value name="version">4030</value>
        <value name="transaction">846</value>
      </idatacodable>
      <idatacodable javaclass="wm.b2b.editn.EDITransactionDocType" name="4s5h8a00ik9ggvg700000dlv">
        <value name="TypeID">4s5h8a00ik9ggvg700000dlv</value>
        <value name="TypeName">UCS 4030 850</value>
        <null name="TypeDescription"/>
        <idatacodable javaclass="com.wm.data.MBoolean" name="Deleted">
          <value name="MBoolean">false</value>
        </idatacodable>
        <value name="LastModified">2025-02-17 16:31:18.535</value>
        <value name="ValidationSvc">wm.b2b.editn:validateTransaction</value>
        <record javaclass="com.wm.app.tn.route.PreRoutingFlags" name="PreProcessingFlags">
          <value name="verify?">no</value>
          <value name="validate?">no</value>
          <value name="persist?">yes</value>
          <value name="unique?">no</value>
        </record>
        <value name="standard">UCS</value>
        <value name="version">4030</value>
        <value name="transaction">850</value>
      </idatacodable>
      <idatacodable javaclass="wm.b2b.editn.EDITransactionDocType" name="4s5h8a00ik9ggvg700000dm0">
        <value name="TypeID">4s5h8a00ik9ggvg700000dm0</value>
        <value name="TypeName">UCS 4030 852</value>
        <null name="TypeDescription"/>
        <idatacodable javaclass="com.wm.data.MBoolean" name="Deleted">
          <value name="MBoolean">false</value>
        </idatacodable>
        <value name="LastModified">2025-02-17 16:31:18.535</value>
        <value name="ValidationSvc">wm.b2b.editn:validateTransaction</value>
        <record javaclass="com.wm.app.tn.route.PreRoutingFlags" name="PreProcessingFlags">
          <value name="verify?">no</value>
          <value name="validate?">no</value>
          <value name="persist?">yes</value>
          <value name="unique?">no</value>
        </record>
        <value name="standard">UCS</value>
        <value name="version">4030</value>
        <value name="transaction">852</value>
      </idatacodable>
      <idatacodable javaclass="wm.b2b.editn.EDITransactionDocType" name="4s5h8a00ik9ggvg700000dm1">
        <value name="TypeID">4s5h8a00ik9ggvg700000dm1</value>
        <value name="TypeName">UCS 4030 855</value>
        <null name="TypeDescription"/>
        <idatacodable javaclass="com.wm.data.MBoolean" name="Deleted">
          <value name="MBoolean">false</value>
        </idatacodable>
        <value name="LastModified">2025-02-17 16:31:18.535</value>
        <value name="ValidationSvc">wm.b2b.editn:validateTransaction</value>
        <record javaclass="com.wm.app.tn.route.PreRoutingFlags" name="PreProcessingFlags">
          <value name="verify?">no</value>
          <value name="validate?">no</value>
          <value name="persist?">yes</value>
          <value name="unique?">no</value>
        </record>
        <value name="standard">UCS</value>
        <value name="version">4030</value>
        <value name="transaction">855</value>
      </idatacodable>
      <idatacodable javaclass="wm.b2b.editn.EDITransactionDocType" name="4s5h8a00ik9ggvg700000dm2">
        <value name="TypeID">4s5h8a00ik9ggvg700000dm2</value>
        <value name="TypeName">UCS 4030 856</value>
        <null name="TypeDescription"/>
        <idatacodable javaclass="com.wm.data.MBoolean" name="Deleted">
          <value name="MBoolean">false</value>
        </idatacodable>
        <value name="LastModified">2025-02-17 16:31:18.535</value>
        <value name="ValidationSvc">wm.b2b.editn:validateTransaction</value>
        <record javaclass="com.wm.app.tn.route.PreRoutingFlags" name="PreProcessingFlags">
          <value name="verify?">no</value>
          <value name="validate?">no</value>
          <value name="persist?">yes</value>
          <value name="unique?">no</value>
        </record>
        <value name="standard">UCS</value>
        <value name="version">4030</value>
        <value name="transaction">856</value>
      </idatacodable>
      <idatacodable javaclass="wm.b2b.editn.EDITransactionDocType" name="4s5h8a00ik9ggvg700000dm3">
        <value name="TypeID">4s5h8a00ik9ggvg700000dm3</value>
        <value name="TypeName">UCS 4030 857</value>
        <null name="TypeDescription"/>
        <idatacodable javaclass="com.wm.data.MBoolean" name="Deleted">
          <value name="MBoolean">false</value>
        </idatacodable>
        <value name="LastModified">2025-02-17 16:31:18.535</value>
        <value name="ValidationSvc">wm.b2b.editn:validateTransaction</value>
        <record javaclass="com.wm.app.tn.route.PreRoutingFlags" name="PreProcessingFlags">
          <value name="verify?">no</value>
          <value name="validate?">no</value>
          <value name="persist?">yes</value>
          <value name="unique?">no</value>
        </record>
        <value name="standard">UCS</value>
        <value name="version">4030</value>
        <value name="transaction">857</value>
      </idatacodable>
      <idatacodable javaclass="wm.b2b.editn.EDITransactionDocType" name="4s5h8a00ik9ggvg700000dm4">
        <value name="TypeID">4s5h8a00ik9ggvg700000dm4</value>
        <value name="TypeName">UCS 4030 864</value>
        <null name="TypeDescription"/>
        <idatacodable javaclass="com.wm.data.MBoolean" name="Deleted">
          <value name="MBoolean">false</value>
        </idatacodable>
        <value name="LastModified">2025-02-17 16:31:18.535</value>
        <value name="ValidationSvc">wm.b2b.editn:validateTransaction</value>
        <record javaclass="com.wm.app.tn.route.PreRoutingFlags" name="PreProcessingFlags">
          <value name="verify?">no</value>
          <value name="validate?">no</value>
          <value name="persist?">yes</value>
          <value name="unique?">no</value>
        </record>
        <value name="standard">UCS</value>
        <value name="version">4030</value>
        <value name="transaction">864</value>
      </idatacodable>
      <idatacodable javaclass="wm.b2b.editn.EDITransactionDocType" name="4s5h8a00ik9ggvg700000dm5">
        <value name="TypeID">4s5h8a00ik9ggvg700000dm5</value>
        <value name="TypeName">UCS 4030 867</value>
        <null name="TypeDescription"/>
        <idatacodable javaclass="com.wm.data.MBoolean" name="Deleted">
          <value name="MBoolean">false</value>
        </idatacodable>
        <value name="LastModified">2025-02-17 16:31:18.535</value>
        <value name="ValidationSvc">wm.b2b.editn:validateTransaction</value>
        <record javaclass="com.wm.app.tn.route.PreRoutingFlags" name="PreProcessingFlags">
          <value name="verify?">no</value>
          <value name="validate?">no</value>
          <value name="persist?">yes</value>
          <value name="unique?">no</value>
        </record>
        <value name="standard">UCS</value>
        <value name="version">4030</value>
        <value name="transaction">867</value>
      </idatacodable>
      <idatacodable javaclass="wm.b2b.editn.EDITransactionDocType" name="4s5h8a00ik9ggvg800000dm6">
        <value name="TypeID">4s5h8a00ik9ggvg800000dm6</value>
        <value name="TypeName">UCS 4030 875</value>
        <null name="TypeDescription"/>
        <idatacodable javaclass="com.wm.data.MBoolean" name="Deleted">
          <value name="MBoolean">false</value>
        </idatacodable>
        <value name="LastModified">2025-02-17 16:31:18.535</value>
        <value name="ValidationSvc">wm.b2b.editn:validateTransaction</value>
        <record javaclass="com.wm.app.tn.route.PreRoutingFlags" name="PreProcessingFlags">
          <value name="verify?">no</value>
          <value name="validate?">no</value>
          <value name="persist?">yes</value>
          <value name="unique?">no</value>
        </record>
        <value name="standard">UCS</value>
        <value name="version">4030</value>
        <value name="transaction">875</value>
      </idatacodable>
      <idatacodable javaclass="wm.b2b.editn.EDITransactionDocType" name="4s5h8a00ik9ggvg800000dm7">
        <value name="TypeID">4s5h8a00ik9ggvg800000dm7</value>
        <value name="TypeName">UCS 4030 876</value>
        <null name="TypeDescription"/>
        <idatacodable javaclass="com.wm.data.MBoolean" name="Deleted">
          <value name="MBoolean">false</value>
        </idatacodable>
        <value name="LastModified">2025-02-17 16:31:18.535</value>
        <value name="ValidationSvc">wm.b2b.editn:validateTransaction</value>
        <record javaclass="com.wm.app.tn.route.PreRoutingFlags" name="PreProcessingFlags">
          <value name="verify?">no</value>
          <value name="validate?">no</value>
          <value name="persist?">yes</value>
          <value name="unique?">no</value>
        </record>
        <value name="standard">UCS</value>
        <value name="version">4030</value>
        <value name="transaction">876</value>
      </idatacodable>
      <idatacodable javaclass="wm.b2b.editn.EDITransactionDocType" name="4s5h8a00ik9ggvg800000dm8">
        <value name="TypeID">4s5h8a00ik9ggvg800000dm8</value>
        <value name="TypeName">UCS 4030 877</value>
        <null name="TypeDescription"/>
        <idatacodable javaclass="com.wm.data.MBoolean" name="Deleted">
          <value name="MBoolean">false</value>
        </idatacodable>
        <value name="LastModified">2025-02-17 16:31:18.535</value>
        <value name="ValidationSvc">wm.b2b.editn:validateTransaction</value>
        <record javaclass="com.wm.app.tn.route.PreRoutingFlags" name="PreProcessingFlags">
          <value name="verify?">no</value>
          <value name="validate?">no</value>
          <value name="persist?">yes</value>
          <value name="unique?">no</value>
        </record>
        <value name="standard">UCS</value>
        <value name="version">4030</value>
        <value name="transaction">877</value>
      </idatacodable>
      <idatacodable javaclass="wm.b2b.editn.EDITransactionDocType" name="4s5h8a00ik9ggvg800000dm9">
        <value name="TypeID">4s5h8a00ik9ggvg800000dm9</value>
        <value name="TypeName">UCS 4030 878</value>
        <null name="TypeDescription"/>
        <idatacodable javaclass="com.wm.data.MBoolean" name="Deleted">
          <value name="MBoolean">false</value>
        </idatacodable>
        <value name="LastModified">2025-02-17 16:31:18.535</value>
        <value name="ValidationSvc">wm.b2b.editn:validateTransaction</value>
        <record javaclass="com.wm.app.tn.route.PreRoutingFlags" name="PreProcessingFlags">
          <value name="verify?">no</value>
          <value name="validate?">no</value>
          <value name="persist?">yes</value>
          <value name="unique?">no</value>
        </record>
        <value name="standard">UCS</value>
        <value name="version">4030</value>
        <value name="transaction">878</value>
      </idatacodable>
      <idatacodable javaclass="wm.b2b.editn.EDITransactionDocType" name="4s5h8a00ik9ggvg800000dma">
        <value name="TypeID">4s5h8a00ik9ggvg800000dma</value>
        <value name="TypeName">UCS 4030 879</value>
        <null name="TypeDescription"/>
        <idatacodable javaclass="com.wm.data.MBoolean" name="Deleted">
          <value name="MBoolean">false</value>
        </idatacodable>
        <value name="LastModified">2025-02-17 16:31:18.535</value>
        <value name="ValidationSvc">wm.b2b.editn:validateTransaction</value>
        <record javaclass="com.wm.app.tn.route.PreRoutingFlags" name="PreProcessingFlags">
          <value name="verify?">no</value>
          <value name="validate?">no</value>
          <value name="persist?">yes</value>
          <value name="unique?">no</value>
        </record>
        <value name="standard">UCS</value>
        <value name="version">4030</value>
        <value name="transaction">879</value>
      </idatacodable>
      <idatacodable javaclass="wm.b2b.editn.EDITransactionDocType" name="4s5h8a00ik9ggvg800000dmb">
        <value name="TypeID">4s5h8a00ik9ggvg800000dmb</value>
        <value name="TypeName">UCS 4030 880</value>
        <null name="TypeDescription"/>
        <idatacodable javaclass="com.wm.data.MBoolean" name="Deleted">
          <value name="MBoolean">false</value>
        </idatacodable>
        <value name="LastModified">2025-02-17 16:31:18.535</value>
        <value name="ValidationSvc">wm.b2b.editn:validateTransaction</value>
        <record javaclass="com.wm.app.tn.route.PreRoutingFlags" name="PreProcessingFlags">
          <value name="verify?">no</value>
          <value name="validate?">no</value>
          <value name="persist?">yes</value>
          <value name="unique?">no</value>
        </record>
        <value name="standard">UCS</value>
        <value name="version">4030</value>
        <value name="transaction">880</value>
      </idatacodable>
      <idatacodable javaclass="wm.b2b.editn.EDITransactionDocType" name="4s5h8a00ik9ggvg800000dmc">
        <value name="TypeID">4s5h8a00ik9ggvg800000dmc</value>
        <value name="TypeName">UCS 4030 881</value>
        <null name="TypeDescription"/>
        <idatacodable javaclass="com.wm.data.MBoolean" name="Deleted">
          <value name="MBoolean">false</value>
        </idatacodable>
        <value name="LastModified">2025-02-17 16:31:18.535</value>
        <value name="ValidationSvc">wm.b2b.editn:validateTransaction</value>
        <record javaclass="com.wm.app.tn.route.PreRoutingFlags" name="PreProcessingFlags">
          <value name="verify?">no</value>
          <value name="validate?">no</value>
          <value name="persist?">yes</value>
          <value name="unique?">no</value>
        </record>
        <value name="standard">UCS</value>
        <value name="version">4030</value>
        <value name="transaction">881</value>
      </idatacodable>
      <idatacodable javaclass="wm.b2b.editn.EDITransactionDocType" name="4s5h8a00ik9ggvg800000dmd">
        <value name="TypeID">4s5h8a00ik9ggvg800000dmd</value>
        <value name="TypeName">UCS 4030 882</value>
        <null name="TypeDescription"/>
        <idatacodable javaclass="com.wm.data.MBoolean" name="Deleted">
          <value name="MBoolean">false</value>
        </idatacodable>
        <value name="LastModified">2025-02-17 16:31:18.535</value>
        <value name="ValidationSvc">wm.b2b.editn:validateTransaction</value>
        <record javaclass="com.wm.app.tn.route.PreRoutingFlags" name="PreProcessingFlags">
          <value name="verify?">no</value>
          <value name="validate?">no</value>
          <value name="persist?">yes</value>
          <value name="unique?">no</value>
        </record>
        <value name="standard">UCS</value>
        <value name="version">4030</value>
        <value name="transaction">882</value>
      </idatacodable>
      <idatacodable javaclass="wm.b2b.editn.EDITransactionDocType" name="4s5h8a00ik9ggvg800000dme">
        <value name="TypeID">4s5h8a00ik9ggvg800000dme</value>
        <value name="TypeName">UCS 4030 883</value>
        <null name="TypeDescription"/>
        <idatacodable javaclass="com.wm.data.MBoolean" name="Deleted">
          <value name="MBoolean">false</value>
        </idatacodable>
        <value name="LastModified">2025-02-17 16:31:18.535</value>
        <value name="ValidationSvc">wm.b2b.editn:validateTransaction</value>
        <record javaclass="com.wm.app.tn.route.PreRoutingFlags" name="PreProcessingFlags">
          <value name="verify?">no</value>
          <value name="validate?">no</value>
          <value name="persist?">yes</value>
          <value name="unique?">no</value>
        </record>
        <value name="standard">UCS</value>
        <value name="version">4030</value>
        <value name="transaction">883</value>
      </idatacodable>
      <idatacodable javaclass="wm.b2b.editn.EDITransactionDocType" name="4s5h8a00ik9ggvg800000dmf">
        <value name="TypeID">4s5h8a00ik9ggvg800000dmf</value>
        <value name="TypeName">UCS 4030 884</value>
        <null name="TypeDescription"/>
        <idatacodable javaclass="com.wm.data.MBoolean" name="Deleted">
          <value name="MBoolean">false</value>
        </idatacodable>
        <value name="LastModified">2025-02-17 16:31:18.535</value>
        <value name="ValidationSvc">wm.b2b.editn:validateTransaction</value>
        <record javaclass="com.wm.app.tn.route.PreRoutingFlags" name="PreProcessingFlags">
          <value name="verify?">no</value>
          <value name="validate?">no</value>
          <value name="persist?">yes</value>
          <value name="unique?">no</value>
        </record>
        <value name="standard">UCS</value>
        <value name="version">4030</value>
        <value name="transaction">884</value>
      </idatacodable>
      <idatacodable javaclass="wm.b2b.editn.EDITransactionDocType" name="4s5h8a00ik9ggvg800000dmg">
        <value name="TypeID">4s5h8a00ik9ggvg800000dmg</value>
        <value name="TypeName">UCS 4030 885</value>
        <null name="TypeDescription"/>
        <idatacodable javaclass="com.wm.data.MBoolean" name="Deleted">
          <value name="MBoolean">false</value>
        </idatacodable>
        <value name="LastModified">2025-02-17 16:31:18.535</value>
        <value name="ValidationSvc">wm.b2b.editn:validateTransaction</value>
        <record javaclass="com.wm.app.tn.route.PreRoutingFlags" name="PreProcessingFlags">
          <value name="verify?">no</value>
          <value name="validate?">no</value>
          <value name="persist?">yes</value>
          <value name="unique?">no</value>
        </record>
        <value name="standard">UCS</value>
        <value name="version">4030</value>
        <value name="transaction">885</value>
      </idatacodable>
      <idatacodable javaclass="wm.b2b.editn.EDITransactionDocType" name="4s5h8a00ik9ggvg800000dmh">
        <value name="TypeID">4s5h8a00ik9ggvg800000dmh</value>
        <value name="TypeName">UCS 4030 886</value>
        <null name="TypeDescription"/>
        <idatacodable javaclass="com.wm.data.MBoolean" name="Deleted">
          <value name="MBoolean">false</value>
        </idatacodable>
        <value name="LastModified">2025-02-17 16:31:18.535</value>
        <value name="ValidationSvc">wm.b2b.editn:validateTransaction</value>
        <record javaclass="com.wm.app.tn.route.PreRoutingFlags" name="PreProcessingFlags">
          <value name="verify?">no</value>
          <value name="validate?">no</value>
          <value name="persist?">yes</value>
          <value name="unique?">no</value>
        </record>
        <value name="standard">UCS</value>
        <value name="version">4030</value>
        <value name="transaction">886</value>
      </idatacodable>
      <idatacodable javaclass="wm.b2b.editn.EDITransactionDocType" name="4s5h8a00ik9ggvg800000dmi">
        <value name="TypeID">4s5h8a00ik9ggvg800000dmi</value>
        <value name="TypeName">UCS 4030 887</value>
        <null name="TypeDescription"/>
        <idatacodable javaclass="com.wm.data.MBoolean" name="Deleted">
          <value name="MBoolean">false</value>
        </idatacodable>
        <value name="LastModified">2025-02-17 16:31:18.535</value>
        <value name="ValidationSvc">wm.b2b.editn:validateTransaction</value>
        <record javaclass="com.wm.app.tn.route.PreRoutingFlags" name="PreProcessingFlags">
          <value name="verify?">no</value>
          <value name="validate?">no</value>
          <value name="persist?">yes</value>
          <value name="unique?">no</value>
        </record>
        <value name="standard">UCS</value>
        <value name="version">4030</value>
        <value name="transaction">887</value>
      </idatacodable>
      <idatacodable javaclass="wm.b2b.editn.EDITransactionDocType" name="4s5h8a00ik9ggvg800000dmj">
        <value name="TypeID">4s5h8a00ik9ggvg800000dmj</value>
        <value name="TypeName">UCS 4030 888</value>
        <null name="TypeDescription"/>
        <idatacodable javaclass="com.wm.data.MBoolean" name="Deleted">
          <value name="MBoolean">false</value>
        </idatacodable>
        <value name="LastModified">2025-02-17 16:31:18.535</value>
        <value name="ValidationSvc">wm.b2b.editn:validateTransaction</value>
        <record javaclass="com.wm.app.tn.route.PreRoutingFlags" name="PreProcessingFlags">
          <value name="verify?">no</value>
          <value name="validate?">no</value>
          <value name="persist?">yes</value>
          <value name="unique?">no</value>
        </record>
        <value name="standard">UCS</value>
        <value name="version">4030</value>
        <value name="transaction">888</value>
      </idatacodable>
      <idatacodable javaclass="wm.b2b.editn.EDITransactionDocType" name="4s5h8a00ik9ggvg800000dmk">
        <value name="TypeID">4s5h8a00ik9ggvg800000dmk</value>
        <value name="TypeName">UCS 4030 889</value>
        <null name="TypeDescription"/>
        <idatacodable javaclass="com.wm.data.MBoolean" name="Deleted">
          <value name="MBoolean">false</value>
        </idatacodable>
        <value name="LastModified">2025-02-17 16:31:18.535</value>
        <value name="ValidationSvc">wm.b2b.editn:validateTransaction</value>
        <record javaclass="com.wm.app.tn.route.PreRoutingFlags" name="PreProcessingFlags">
          <value name="verify?">no</value>
          <value name="validate?">no</value>
          <value name="persist?">yes</value>
          <value name="unique?">no</value>
        </record>
        <value name="standard">UCS</value>
        <value name="version">4030</value>
        <value name="transaction">889</value>
      </idatacodable>
      <idatacodable javaclass="wm.b2b.editn.EDITransactionDocType" name="4s5h8a00ik9ggvg800000dml">
        <value name="TypeID">4s5h8a00ik9ggvg800000dml</value>
        <value name="TypeName">UCS 4030 891</value>
        <null name="TypeDescription"/>
        <idatacodable javaclass="com.wm.data.MBoolean" name="Deleted">
          <value name="MBoolean">false</value>
        </idatacodable>
        <value name="LastModified">2025-02-17 16:31:18.535</value>
        <value name="ValidationSvc">wm.b2b.editn:validateTransaction</value>
        <record javaclass="com.wm.app.tn.route.PreRoutingFlags" name="PreProcessingFlags">
          <value name="verify?">no</value>
          <value name="validate?">no</value>
          <value name="persist?">yes</value>
          <value name="unique?">no</value>
        </record>
        <value name="standard">UCS</value>
        <value name="version">4030</value>
        <value name="transaction">891</value>
      </idatacodable>
      <idatacodable javaclass="wm.b2b.editn.EDITransactionDocType" name="4s5h8a00ik9ggvg800000dmm">
        <value name="TypeID">4s5h8a00ik9ggvg800000dmm</value>
        <value name="TypeName">UCS 4030 893</value>
        <null name="TypeDescription"/>
        <idatacodable javaclass="com.wm.data.MBoolean" name="Deleted">
          <value name="MBoolean">false</value>
        </idatacodable>
        <value name="LastModified">2025-02-17 16:31:18.535</value>
        <value name="ValidationSvc">wm.b2b.editn:validateTransaction</value>
        <record javaclass="com.wm.app.tn.route.PreRoutingFlags" name="PreProcessingFlags">
          <value name="verify?">no</value>
          <value name="validate?">no</value>
          <value name="persist?">yes</value>
          <value name="unique?">no</value>
        </record>
        <value name="standard">UCS</value>
        <value name="version">4030</value>
        <value name="transaction">893</value>
      </idatacodable>
      <idatacodable javaclass="wm.b2b.editn.EDITransactionDocType" name="4s5h8a00ik9ggvg800000dmn">
        <value name="TypeID">4s5h8a00ik9ggvg800000dmn</value>
        <value name="TypeName">UCS 4030 894</value>
        <null name="TypeDescription"/>
        <idatacodable javaclass="com.wm.data.MBoolean" name="Deleted">
          <value name="MBoolean">false</value>
        </idatacodable>
        <value name="LastModified">2025-02-17 16:31:18.535</value>
        <value name="ValidationSvc">wm.b2b.editn:validateTransaction</value>
        <record javaclass="com.wm.app.tn.route.PreRoutingFlags" name="PreProcessingFlags">
          <value name="verify?">no</value>
          <value name="validate?">no</value>
          <value name="persist?">yes</value>
          <value name="unique?">no</value>
        </record>
        <value name="standard">UCS</value>
        <value name="version">4030</value>
        <value name="transaction">894</value>
      </idatacodable>
      <idatacodable javaclass="wm.b2b.editn.EDITransactionDocType" name="4s5h8a00ik9ggvg800000dmo">
        <value name="TypeID">4s5h8a00ik9ggvg800000dmo</value>
        <value name="TypeName">UCS 4030 895</value>
        <null name="TypeDescription"/>
        <idatacodable javaclass="com.wm.data.MBoolean" name="Deleted">
          <value name="MBoolean">false</value>
        </idatacodable>
        <value name="LastModified">2025-02-17 16:31:18.535</value>
        <value name="ValidationSvc">wm.b2b.editn:validateTransaction</value>
        <record javaclass="com.wm.app.tn.route.PreRoutingFlags" name="PreProcessingFlags">
          <value name="verify?">no</value>
          <value name="validate?">no</value>
          <value name="persist?">yes</value>
          <value name="unique?">no</value>
        </record>
        <value name="standard">UCS</value>
        <value name="version">4030</value>
        <value name="transaction">895</value>
      </idatacodable>
      <idatacodable javaclass="wm.b2b.editn.EDITransactionDocType" name="4s5h8a00ik9ggvg800000dmp">
        <value name="TypeID">4s5h8a00ik9ggvg800000dmp</value>
        <value name="TypeName">UCS 4030 896</value>
        <null name="TypeDescription"/>
        <idatacodable javaclass="com.wm.data.MBoolean" name="Deleted">
          <value name="MBoolean">false</value>
        </idatacodable>
        <value name="LastModified">2025-02-17 16:31:18.535</value>
        <value name="ValidationSvc">wm.b2b.editn:validateTransaction</value>
        <record javaclass="com.wm.app.tn.route.PreRoutingFlags" name="PreProcessingFlags">
          <value name="verify?">no</value>
          <value name="validate?">no</value>
          <value name="persist?">yes</value>
          <value name="unique?">no</value>
        </record>
        <value name="standard">UCS</value>
        <value name="version">4030</value>
        <value name="transaction">896</value>
      </idatacodable>
      <idatacodable javaclass="wm.b2b.editn.EDITransactionDocType" name="4s5h8a00ik9ggvg800000dmq">
        <value name="TypeID">4s5h8a00ik9ggvg800000dmq</value>
        <value name="TypeName">UCS 4030 940</value>
        <null name="TypeDescription"/>
        <idatacodable javaclass="com.wm.data.MBoolean" name="Deleted">
          <value name="MBoolean">false</value>
        </idatacodable>
        <value name="LastModified">2025-02-17 16:31:18.535</value>
        <value name="ValidationSvc">wm.b2b.editn:validateTransaction</value>
        <record javaclass="com.wm.app.tn.route.PreRoutingFlags" name="PreProcessingFlags">
          <value name="verify?">no</value>
          <value name="validate?">no</value>
          <value name="persist?">yes</value>
          <value name="unique?">no</value>
        </record>
        <value name="standard">UCS</value>
        <value name="version">4030</value>
        <value name="transaction">940</value>
      </idatacodable>
      <idatacodable javaclass="wm.b2b.editn.EDITransactionDocType" name="4s5h8a00ik9ggvg800000dmr">
        <value name="TypeID">4s5h8a00ik9ggvg800000dmr</value>
        <value name="TypeName">UCS 4030 944</value>
        <null name="TypeDescription"/>
        <idatacodable javaclass="com.wm.data.MBoolean" name="Deleted">
          <value name="MBoolean">false</value>
        </idatacodable>
        <value name="LastModified">2025-02-17 16:31:18.535</value>
        <value name="ValidationSvc">wm.b2b.editn:validateTransaction</value>
        <record javaclass="com.wm.app.tn.route.PreRoutingFlags" name="PreProcessingFlags">
          <value name="verify?">no</value>
          <value name="validate?">no</value>
          <value name="persist?">yes</value>
          <value name="unique?">no</value>
        </record>
        <value name="standard">UCS</value>
        <value name="version">4030</value>
        <value name="transaction">944</value>
      </idatacodable>
      <idatacodable javaclass="wm.b2b.editn.EDITransactionDocType" name="4s5h8a00ik9ggvg800000dms">
        <value name="TypeID">4s5h8a00ik9ggvg800000dms</value>
        <value name="TypeName">UCS 4030 945</value>
        <null name="TypeDescription"/>
        <idatacodable javaclass="com.wm.data.MBoolean" name="Deleted">
          <value name="MBoolean">false</value>
        </idatacodable>
        <value name="LastModified">2025-02-17 16:31:18.535</value>
        <value name="ValidationSvc">wm.b2b.editn:validateTransaction</value>
        <record javaclass="com.wm.app.tn.route.PreRoutingFlags" name="PreProcessingFlags">
          <value name="verify?">no</value>
          <value name="validate?">no</value>
          <value name="persist?">yes</value>
          <value name="unique?">no</value>
        </record>
        <value name="standard">UCS</value>
        <value name="version">4030</value>
        <value name="transaction">945</value>
      </idatacodable>
      <idatacodable javaclass="wm.b2b.editn.EDITransactionDocType" name="4s5h8a00ik9ggvg800000dmt">
        <value name="TypeID">4s5h8a00ik9ggvg800000dmt</value>
        <value name="TypeName">UCS 4030 947</value>
        <null name="TypeDescription"/>
        <idatacodable javaclass="com.wm.data.MBoolean" name="Deleted">
          <value name="MBoolean">false</value>
        </idatacodable>
        <value name="LastModified">2025-02-17 16:31:18.535</value>
        <value name="ValidationSvc">wm.b2b.editn:validateTransaction</value>
        <record javaclass="com.wm.app.tn.route.PreRoutingFlags" name="PreProcessingFlags">
          <value name="verify?">no</value>
          <value name="validate?">no</value>
          <value name="persist?">yes</value>
          <value name="unique?">no</value>
        </record>
        <value name="standard">UCS</value>
        <value name="version">4030</value>
        <value name="transaction">947</value>
      </idatacodable>
      <idatacodable javaclass="wm.b2b.editn.EDITransactionDocType" name="4s5h8a00ik9ggvg800000dmu">
        <value name="TypeID">4s5h8a00ik9ggvg800000dmu</value>
        <value name="TypeName">UCS 4030 997</value>
        <null name="TypeDescription"/>
        <idatacodable javaclass="com.wm.data.MBoolean" name="Deleted">
          <value name="MBoolean">false</value>
        </idatacodable>
        <value name="LastModified">2025-02-17 16:31:18.535</value>
        <value name="ValidationSvc">wm.b2b.editn:validateTransaction</value>
        <record javaclass="com.wm.app.tn.route.PreRoutingFlags" name="PreProcessingFlags">
          <value name="verify?">no</value>
          <value name="validate?">no</value>
          <value name="persist?">yes</value>
          <value name="unique?">no</value>
        </record>
        <value name="standard">UCS</value>
        <value name="version">4030</value>
        <value name="transaction">997</value>
      </idatacodable>
    </record>
  </record>
</IDataXMLCoder>
