<?xml version="1.0" encoding="UTF-8"?><IDataXMLCoder version="1.0">
  <record javaclass="com.wm.data.BasicData">
    <record javaclass="com.wm.data.BasicData" name="version">
      <value name="major">1</value>
      <value name="minor">0</value>
    </record>
    <record javaclass="com.wm.data.BasicData" name="types">
      <idatacodable javaclass="wm.b2b.editn.EDITransactionDocType" name="4s5h8a00ik9ggdqd000000fn">
        <value name="TypeID">4s5h8a00ik9ggdqd000000fn</value>
        <value name="TypeName">VICS 4050 102</value>
        <null name="TypeDescription"/>
        <idatacodable javaclass="com.wm.data.MBoolean" name="Deleted">
          <value name="MBoolean">false</value>
        </idatacodable>
        <value name="LastModified">2025-02-17 16:31:00.429</value>
        <value name="ValidationSvc">wm.b2b.editn:validateTransaction</value>
        <record javaclass="com.wm.app.tn.route.PreRoutingFlags" name="PreProcessingFlags">
          <value name="verify?">no</value>
          <value name="validate?">no</value>
          <value name="persist?">yes</value>
          <value name="unique?">no</value>
        </record>
        <value name="standard">VICS</value>
        <value name="version">4050</value>
        <value name="transaction">102</value>
      </idatacodable>
      <idatacodable javaclass="wm.b2b.editn.EDITransactionDocType" name="4s5h8a00ik9ggdqd000000fo">
        <value name="TypeID">4s5h8a00ik9ggdqd000000fo</value>
        <value name="TypeName">VICS 4050 180</value>
        <null name="TypeDescription"/>
        <idatacodable javaclass="com.wm.data.MBoolean" name="Deleted">
          <value name="MBoolean">false</value>
        </idatacodable>
        <value name="LastModified">2025-02-17 16:31:00.429</value>
        <value name="ValidationSvc">wm.b2b.editn:validateTransaction</value>
        <record javaclass="com.wm.app.tn.route.PreRoutingFlags" name="PreProcessingFlags">
          <value name="verify?">no</value>
          <value name="validate?">no</value>
          <value name="persist?">yes</value>
          <value name="unique?">no</value>
        </record>
        <value name="standard">VICS</value>
        <value name="version">4050</value>
        <value name="transaction">180</value>
      </idatacodable>
      <idatacodable javaclass="wm.b2b.editn.EDITransactionDocType" name="4s5h8a00ik9ggdqd000000fp">
        <value name="TypeID">4s5h8a00ik9ggdqd000000fp</value>
        <value name="TypeName">VICS 4050 753</value>
        <null name="TypeDescription"/>
        <idatacodable javaclass="com.wm.data.MBoolean" name="Deleted">
          <value name="MBoolean">false</value>
        </idatacodable>
        <value name="LastModified">2025-02-17 16:31:00.429</value>
        <value name="ValidationSvc">wm.b2b.editn:validateTransaction</value>
        <record javaclass="com.wm.app.tn.route.PreRoutingFlags" name="PreProcessingFlags">
          <value name="verify?">no</value>
          <value name="validate?">no</value>
          <value name="persist?">yes</value>
          <value name="unique?">no</value>
        </record>
        <value name="standard">VICS</value>
        <value name="version">4050</value>
        <value name="transaction">753</value>
      </idatacodable>
      <idatacodable javaclass="wm.b2b.editn.EDITransactionDocType" name="4s5h8a00ik9ggdqd000000fq">
        <value name="TypeID">4s5h8a00ik9ggdqd000000fq</value>
        <value name="TypeName">VICS 4050 754</value>
        <null name="TypeDescription"/>
        <idatacodable javaclass="com.wm.data.MBoolean" name="Deleted">
          <value name="MBoolean">false</value>
        </idatacodable>
        <value name="LastModified">2025-02-17 16:31:00.429</value>
        <value name="ValidationSvc">wm.b2b.editn:validateTransaction</value>
        <record javaclass="com.wm.app.tn.route.PreRoutingFlags" name="PreProcessingFlags">
          <value name="verify?">no</value>
          <value name="validate?">no</value>
          <value name="persist?">yes</value>
          <value name="unique?">no</value>
        </record>
        <value name="standard">VICS</value>
        <value name="version">4050</value>
        <value name="transaction">754</value>
      </idatacodable>
      <idatacodable javaclass="wm.b2b.editn.EDITransactionDocType" name="4s5h8a00ik9ggdqd000000fr">
        <value name="TypeID">4s5h8a00ik9ggdqd000000fr</value>
        <value name="TypeName">VICS 4050 810</value>
        <null name="TypeDescription"/>
        <idatacodable javaclass="com.wm.data.MBoolean" name="Deleted">
          <value name="MBoolean">false</value>
        </idatacodable>
        <value name="LastModified">2025-02-17 16:31:00.429</value>
        <value name="ValidationSvc">wm.b2b.editn:validateTransaction</value>
        <record javaclass="com.wm.app.tn.route.PreRoutingFlags" name="PreProcessingFlags">
          <value name="verify?">no</value>
          <value name="validate?">no</value>
          <value name="persist?">yes</value>
          <value name="unique?">no</value>
        </record>
        <value name="standard">VICS</value>
        <value name="version">4050</value>
        <value name="transaction">810</value>
      </idatacodable>
      <idatacodable javaclass="wm.b2b.editn.EDITransactionDocType" name="4s5h8a00ik9ggdqd000000fs">
        <value name="TypeID">4s5h8a00ik9ggdqd000000fs</value>
        <value name="TypeName">VICS 4050 812</value>
        <null name="TypeDescription"/>
        <idatacodable javaclass="com.wm.data.MBoolean" name="Deleted">
          <value name="MBoolean">false</value>
        </idatacodable>
        <value name="LastModified">2025-02-17 16:31:00.429</value>
        <value name="ValidationSvc">wm.b2b.editn:validateTransaction</value>
        <record javaclass="com.wm.app.tn.route.PreRoutingFlags" name="PreProcessingFlags">
          <value name="verify?">no</value>
          <value name="validate?">no</value>
          <value name="persist?">yes</value>
          <value name="unique?">no</value>
        </record>
        <value name="standard">VICS</value>
        <value name="version">4050</value>
        <value name="transaction">812</value>
      </idatacodable>
      <idatacodable javaclass="wm.b2b.editn.EDITransactionDocType" name="4s5h8a00ik9ggdqd000000ft">
        <value name="TypeID">4s5h8a00ik9ggdqd000000ft</value>
        <value name="TypeName">VICS 4050 816</value>
        <null name="TypeDescription"/>
        <idatacodable javaclass="com.wm.data.MBoolean" name="Deleted">
          <value name="MBoolean">false</value>
        </idatacodable>
        <value name="LastModified">2025-02-17 16:31:00.429</value>
        <value name="ValidationSvc">wm.b2b.editn:validateTransaction</value>
        <record javaclass="com.wm.app.tn.route.PreRoutingFlags" name="PreProcessingFlags">
          <value name="verify?">no</value>
          <value name="validate?">no</value>
          <value name="persist?">yes</value>
          <value name="unique?">no</value>
        </record>
        <value name="standard">VICS</value>
        <value name="version">4050</value>
        <value name="transaction">816</value>
      </idatacodable>
      <idatacodable javaclass="wm.b2b.editn.EDITransactionDocType" name="4s5h8a00ik9ggdqd000000fu">
        <value name="TypeID">4s5h8a00ik9ggdqd000000fu</value>
        <value name="TypeName">VICS 4050 818</value>
        <null name="TypeDescription"/>
        <idatacodable javaclass="com.wm.data.MBoolean" name="Deleted">
          <value name="MBoolean">false</value>
        </idatacodable>
        <value name="LastModified">2025-02-17 16:31:00.429</value>
        <value name="ValidationSvc">wm.b2b.editn:validateTransaction</value>
        <record javaclass="com.wm.app.tn.route.PreRoutingFlags" name="PreProcessingFlags">
          <value name="verify?">no</value>
          <value name="validate?">no</value>
          <value name="persist?">yes</value>
          <value name="unique?">no</value>
        </record>
        <value name="standard">VICS</value>
        <value name="version">4050</value>
        <value name="transaction">818</value>
      </idatacodable>
      <idatacodable javaclass="wm.b2b.editn.EDITransactionDocType" name="4s5h8a00ik9ggdqd000000fv">
        <value name="TypeID">4s5h8a00ik9ggdqd000000fv</value>
        <value name="TypeName">VICS 4050 820</value>
        <null name="TypeDescription"/>
        <idatacodable javaclass="com.wm.data.MBoolean" name="Deleted">
          <value name="MBoolean">false</value>
        </idatacodable>
        <value name="LastModified">2025-02-17 16:31:00.429</value>
        <value name="ValidationSvc">wm.b2b.editn:validateTransaction</value>
        <record javaclass="com.wm.app.tn.route.PreRoutingFlags" name="PreProcessingFlags">
          <value name="verify?">no</value>
          <value name="validate?">no</value>
          <value name="persist?">yes</value>
          <value name="unique?">no</value>
        </record>
        <value name="standard">VICS</value>
        <value name="version">4050</value>
        <value name="transaction">820</value>
      </idatacodable>
      <idatacodable javaclass="wm.b2b.editn.EDITransactionDocType" name="4s5h8a00ik9ggdqd000000g0">
        <value name="TypeID">4s5h8a00ik9ggdqd000000g0</value>
        <value name="TypeName">VICS 4050 824</value>
        <null name="TypeDescription"/>
        <idatacodable javaclass="com.wm.data.MBoolean" name="Deleted">
          <value name="MBoolean">false</value>
        </idatacodable>
        <value name="LastModified">2025-02-17 16:31:00.429</value>
        <value name="ValidationSvc">wm.b2b.editn:validateTransaction</value>
        <record javaclass="com.wm.app.tn.route.PreRoutingFlags" name="PreProcessingFlags">
          <value name="verify?">no</value>
          <value name="validate?">no</value>
          <value name="persist?">yes</value>
          <value name="unique?">no</value>
        </record>
        <value name="standard">VICS</value>
        <value name="version">4050</value>
        <value name="transaction">824</value>
      </idatacodable>
      <idatacodable javaclass="wm.b2b.editn.EDITransactionDocType" name="4s5h8a00ik9ggdqe000000g1">
        <value name="TypeID">4s5h8a00ik9ggdqe000000g1</value>
        <value name="TypeName">VICS 4050 830</value>
        <null name="TypeDescription"/>
        <idatacodable javaclass="com.wm.data.MBoolean" name="Deleted">
          <value name="MBoolean">false</value>
        </idatacodable>
        <value name="LastModified">2025-02-17 16:31:00.429</value>
        <value name="ValidationSvc">wm.b2b.editn:validateTransaction</value>
        <record javaclass="com.wm.app.tn.route.PreRoutingFlags" name="PreProcessingFlags">
          <value name="verify?">no</value>
          <value name="validate?">no</value>
          <value name="persist?">yes</value>
          <value name="unique?">no</value>
        </record>
        <value name="standard">VICS</value>
        <value name="version">4050</value>
        <value name="transaction">830</value>
      </idatacodable>
      <idatacodable javaclass="wm.b2b.editn.EDITransactionDocType" name="4s5h8a00ik9ggdqe000000g2">
        <value name="TypeID">4s5h8a00ik9ggdqe000000g2</value>
        <value name="TypeName">VICS 4050 831</value>
        <null name="TypeDescription"/>
        <idatacodable javaclass="com.wm.data.MBoolean" name="Deleted">
          <value name="MBoolean">false</value>
        </idatacodable>
        <value name="LastModified">2025-02-17 16:31:00.429</value>
        <value name="ValidationSvc">wm.b2b.editn:validateTransaction</value>
        <record javaclass="com.wm.app.tn.route.PreRoutingFlags" name="PreProcessingFlags">
          <value name="verify?">no</value>
          <value name="validate?">no</value>
          <value name="persist?">yes</value>
          <value name="unique?">no</value>
        </record>
        <value name="standard">VICS</value>
        <value name="version">4050</value>
        <value name="transaction">831</value>
      </idatacodable>
      <idatacodable javaclass="wm.b2b.editn.EDITransactionDocType" name="4s5h8a00ik9ggdqe000000g3">
        <value name="TypeID">4s5h8a00ik9ggdqe000000g3</value>
        <value name="TypeName">VICS 4050 832</value>
        <null name="TypeDescription"/>
        <idatacodable javaclass="com.wm.data.MBoolean" name="Deleted">
          <value name="MBoolean">false</value>
        </idatacodable>
        <value name="LastModified">2025-02-17 16:31:00.429</value>
        <value name="ValidationSvc">wm.b2b.editn:validateTransaction</value>
        <record javaclass="com.wm.app.tn.route.PreRoutingFlags" name="PreProcessingFlags">
          <value name="verify?">no</value>
          <value name="validate?">no</value>
          <value name="persist?">yes</value>
          <value name="unique?">no</value>
        </record>
        <value name="standard">VICS</value>
        <value name="version">4050</value>
        <value name="transaction">832</value>
      </idatacodable>
      <idatacodable javaclass="wm.b2b.editn.EDITransactionDocType" name="4s5h8a00ik9ggdqe000000g4">
        <value name="TypeID">4s5h8a00ik9ggdqe000000g4</value>
        <value name="TypeName">VICS 4050 846</value>
        <null name="TypeDescription"/>
        <idatacodable javaclass="com.wm.data.MBoolean" name="Deleted">
          <value name="MBoolean">false</value>
        </idatacodable>
        <value name="LastModified">2025-02-17 16:31:00.429</value>
        <value name="ValidationSvc">wm.b2b.editn:validateTransaction</value>
        <record javaclass="com.wm.app.tn.route.PreRoutingFlags" name="PreProcessingFlags">
          <value name="verify?">no</value>
          <value name="validate?">no</value>
          <value name="persist?">yes</value>
          <value name="unique?">no</value>
        </record>
        <value name="standard">VICS</value>
        <value name="version">4050</value>
        <value name="transaction">846</value>
      </idatacodable>
      <idatacodable javaclass="wm.b2b.editn.EDITransactionDocType" name="4s5h8a00ik9ggdqe000000g5">
        <value name="TypeID">4s5h8a00ik9ggdqe000000g5</value>
        <value name="TypeName">VICS 4050 850</value>
        <null name="TypeDescription"/>
        <idatacodable javaclass="com.wm.data.MBoolean" name="Deleted">
          <value name="MBoolean">false</value>
        </idatacodable>
        <value name="LastModified">2025-02-17 16:31:00.429</value>
        <value name="ValidationSvc">wm.b2b.editn:validateTransaction</value>
        <record javaclass="com.wm.app.tn.route.PreRoutingFlags" name="PreProcessingFlags">
          <value name="verify?">no</value>
          <value name="validate?">no</value>
          <value name="persist?">yes</value>
          <value name="unique?">no</value>
        </record>
        <value name="standard">VICS</value>
        <value name="version">4050</value>
        <value name="transaction">850</value>
      </idatacodable>
      <idatacodable javaclass="wm.b2b.editn.EDITransactionDocType" name="4s5h8a00ik9ggdqe000000g6">
        <value name="TypeID">4s5h8a00ik9ggdqe000000g6</value>
        <value name="TypeName">VICS 4050 852</value>
        <null name="TypeDescription"/>
        <idatacodable javaclass="com.wm.data.MBoolean" name="Deleted">
          <value name="MBoolean">false</value>
        </idatacodable>
        <value name="LastModified">2025-02-17 16:31:00.429</value>
        <value name="ValidationSvc">wm.b2b.editn:validateTransaction</value>
        <record javaclass="com.wm.app.tn.route.PreRoutingFlags" name="PreProcessingFlags">
          <value name="verify?">no</value>
          <value name="validate?">no</value>
          <value name="persist?">yes</value>
          <value name="unique?">no</value>
        </record>
        <value name="standard">VICS</value>
        <value name="version">4050</value>
        <value name="transaction">852</value>
      </idatacodable>
      <idatacodable javaclass="wm.b2b.editn.EDITransactionDocType" name="4s5h8a00ik9ggdqe000000g7">
        <value name="TypeID">4s5h8a00ik9ggdqe000000g7</value>
        <value name="TypeName">VICS 4050 853</value>
        <null name="TypeDescription"/>
        <idatacodable javaclass="com.wm.data.MBoolean" name="Deleted">
          <value name="MBoolean">false</value>
        </idatacodable>
        <value name="LastModified">2025-02-17 16:31:00.429</value>
        <value name="ValidationSvc">wm.b2b.editn:validateTransaction</value>
        <record javaclass="com.wm.app.tn.route.PreRoutingFlags" name="PreProcessingFlags">
          <value name="verify?">no</value>
          <value name="validate?">no</value>
          <value name="persist?">yes</value>
          <value name="unique?">no</value>
        </record>
        <value name="standard">VICS</value>
        <value name="version">4050</value>
        <value name="transaction">853</value>
      </idatacodable>
      <idatacodable javaclass="wm.b2b.editn.EDITransactionDocType" name="4s5h8a00ik9ggdqe000000g8">
        <value name="TypeID">4s5h8a00ik9ggdqe000000g8</value>
        <value name="TypeName">VICS 4050 855</value>
        <null name="TypeDescription"/>
        <idatacodable javaclass="com.wm.data.MBoolean" name="Deleted">
          <value name="MBoolean">false</value>
        </idatacodable>
        <value name="LastModified">2025-02-17 16:31:00.429</value>
        <value name="ValidationSvc">wm.b2b.editn:validateTransaction</value>
        <record javaclass="com.wm.app.tn.route.PreRoutingFlags" name="PreProcessingFlags">
          <value name="verify?">no</value>
          <value name="validate?">no</value>
          <value name="persist?">yes</value>
          <value name="unique?">no</value>
        </record>
        <value name="standard">VICS</value>
        <value name="version">4050</value>
        <value name="transaction">855</value>
      </idatacodable>
      <idatacodable javaclass="wm.b2b.editn.EDITransactionDocType" name="4s5h8a00ik9ggdqe000000g9">
        <value name="TypeID">4s5h8a00ik9ggdqe000000g9</value>
        <value name="TypeName">VICS 4050 856</value>
        <null name="TypeDescription"/>
        <idatacodable javaclass="com.wm.data.MBoolean" name="Deleted">
          <value name="MBoolean">false</value>
        </idatacodable>
        <value name="LastModified">2025-02-17 16:31:00.429</value>
        <value name="ValidationSvc">wm.b2b.editn:validateTransaction</value>
        <record javaclass="com.wm.app.tn.route.PreRoutingFlags" name="PreProcessingFlags">
          <value name="verify?">no</value>
          <value name="validate?">no</value>
          <value name="persist?">yes</value>
          <value name="unique?">no</value>
        </record>
        <value name="standard">VICS</value>
        <value name="version">4050</value>
        <value name="transaction">856</value>
      </idatacodable>
      <idatacodable javaclass="wm.b2b.editn.EDITransactionDocType" name="4s5h8a00ik9ggdqe000000ga">
        <value name="TypeID">4s5h8a00ik9ggdqe000000ga</value>
        <value name="TypeName">VICS 4050 860</value>
        <null name="TypeDescription"/>
        <idatacodable javaclass="com.wm.data.MBoolean" name="Deleted">
          <value name="MBoolean">false</value>
        </idatacodable>
        <value name="LastModified">2025-02-17 16:31:00.429</value>
        <value name="ValidationSvc">wm.b2b.editn:validateTransaction</value>
        <record javaclass="com.wm.app.tn.route.PreRoutingFlags" name="PreProcessingFlags">
          <value name="verify?">no</value>
          <value name="validate?">no</value>
          <value name="persist?">yes</value>
          <value name="unique?">no</value>
        </record>
        <value name="standard">VICS</value>
        <value name="version">4050</value>
        <value name="transaction">860</value>
      </idatacodable>
      <idatacodable javaclass="wm.b2b.editn.EDITransactionDocType" name="4s5h8a00ik9ggdqe000000gb">
        <value name="TypeID">4s5h8a00ik9ggdqe000000gb</value>
        <value name="TypeName">VICS 4050 861</value>
        <null name="TypeDescription"/>
        <idatacodable javaclass="com.wm.data.MBoolean" name="Deleted">
          <value name="MBoolean">false</value>
        </idatacodable>
        <value name="LastModified">2025-02-17 16:31:00.429</value>
        <value name="ValidationSvc">wm.b2b.editn:validateTransaction</value>
        <record javaclass="com.wm.app.tn.route.PreRoutingFlags" name="PreProcessingFlags">
          <value name="verify?">no</value>
          <value name="validate?">no</value>
          <value name="persist?">yes</value>
          <value name="unique?">no</value>
        </record>
        <value name="standard">VICS</value>
        <value name="version">4050</value>
        <value name="transaction">861</value>
      </idatacodable>
      <idatacodable javaclass="wm.b2b.editn.EDITransactionDocType" name="4s5h8a00ik9ggdqe000000gc">
        <value name="TypeID">4s5h8a00ik9ggdqe000000gc</value>
        <value name="TypeName">VICS 4050 864</value>
        <null name="TypeDescription"/>
        <idatacodable javaclass="com.wm.data.MBoolean" name="Deleted">
          <value name="MBoolean">false</value>
        </idatacodable>
        <value name="LastModified">2025-02-17 16:31:00.429</value>
        <value name="ValidationSvc">wm.b2b.editn:validateTransaction</value>
        <record javaclass="com.wm.app.tn.route.PreRoutingFlags" name="PreProcessingFlags">
          <value name="verify?">no</value>
          <value name="validate?">no</value>
          <value name="persist?">yes</value>
          <value name="unique?">no</value>
        </record>
        <value name="standard">VICS</value>
        <value name="version">4050</value>
        <value name="transaction">864</value>
      </idatacodable>
      <idatacodable javaclass="wm.b2b.editn.EDITransactionDocType" name="4s5h8a00ik9ggdqe000000gd">
        <value name="TypeID">4s5h8a00ik9ggdqe000000gd</value>
        <value name="TypeName">VICS 4050 869</value>
        <null name="TypeDescription"/>
        <idatacodable javaclass="com.wm.data.MBoolean" name="Deleted">
          <value name="MBoolean">false</value>
        </idatacodable>
        <value name="LastModified">2025-02-17 16:31:00.429</value>
        <value name="ValidationSvc">wm.b2b.editn:validateTransaction</value>
        <record javaclass="com.wm.app.tn.route.PreRoutingFlags" name="PreProcessingFlags">
          <value name="verify?">no</value>
          <value name="validate?">no</value>
          <value name="persist?">yes</value>
          <value name="unique?">no</value>
        </record>
        <value name="standard">VICS</value>
        <value name="version">4050</value>
        <value name="transaction">869</value>
      </idatacodable>
      <idatacodable javaclass="wm.b2b.editn.EDITransactionDocType" name="4s5h8a00ik9ggdqe000000ge">
        <value name="TypeID">4s5h8a00ik9ggdqe000000ge</value>
        <value name="TypeName">VICS 4050 870</value>
        <null name="TypeDescription"/>
        <idatacodable javaclass="com.wm.data.MBoolean" name="Deleted">
          <value name="MBoolean">false</value>
        </idatacodable>
        <value name="LastModified">2025-02-17 16:31:00.429</value>
        <value name="ValidationSvc">wm.b2b.editn:validateTransaction</value>
        <record javaclass="com.wm.app.tn.route.PreRoutingFlags" name="PreProcessingFlags">
          <value name="verify?">no</value>
          <value name="validate?">no</value>
          <value name="persist?">yes</value>
          <value name="unique?">no</value>
        </record>
        <value name="standard">VICS</value>
        <value name="version">4050</value>
        <value name="transaction">870</value>
      </idatacodable>
      <idatacodable javaclass="wm.b2b.editn.EDITransactionDocType" name="4s5h8a00ik9ggdqe000000gf">
        <value name="TypeID">4s5h8a00ik9ggdqe000000gf</value>
        <value name="TypeName">VICS 4050 882</value>
        <null name="TypeDescription"/>
        <idatacodable javaclass="com.wm.data.MBoolean" name="Deleted">
          <value name="MBoolean">false</value>
        </idatacodable>
        <value name="LastModified">2025-02-17 16:31:00.429</value>
        <value name="ValidationSvc">wm.b2b.editn:validateTransaction</value>
        <record javaclass="com.wm.app.tn.route.PreRoutingFlags" name="PreProcessingFlags">
          <value name="verify?">no</value>
          <value name="validate?">no</value>
          <value name="persist?">yes</value>
          <value name="unique?">no</value>
        </record>
        <value name="standard">VICS</value>
        <value name="version">4050</value>
        <value name="transaction">882</value>
      </idatacodable>
      <idatacodable javaclass="wm.b2b.editn.EDITransactionDocType" name="4s5h8a00ik9ggdqe000000gg">
        <value name="TypeID">4s5h8a00ik9ggdqe000000gg</value>
        <value name="TypeName">VICS 4050 889</value>
        <null name="TypeDescription"/>
        <idatacodable javaclass="com.wm.data.MBoolean" name="Deleted">
          <value name="MBoolean">false</value>
        </idatacodable>
        <value name="LastModified">2025-02-17 16:31:00.429</value>
        <value name="ValidationSvc">wm.b2b.editn:validateTransaction</value>
        <record javaclass="com.wm.app.tn.route.PreRoutingFlags" name="PreProcessingFlags">
          <value name="verify?">no</value>
          <value name="validate?">no</value>
          <value name="persist?">yes</value>
          <value name="unique?">no</value>
        </record>
        <value name="standard">VICS</value>
        <value name="version">4050</value>
        <value name="transaction">889</value>
      </idatacodable>
      <idatacodable javaclass="wm.b2b.editn.EDITransactionDocType" name="4s5h8a00ik9ggdqe000000gh">
        <value name="TypeID">4s5h8a00ik9ggdqe000000gh</value>
        <value name="TypeName">VICS 4050 893</value>
        <null name="TypeDescription"/>
        <idatacodable javaclass="com.wm.data.MBoolean" name="Deleted">
          <value name="MBoolean">false</value>
        </idatacodable>
        <value name="LastModified">2025-02-17 16:31:00.429</value>
        <value name="ValidationSvc">wm.b2b.editn:validateTransaction</value>
        <record javaclass="com.wm.app.tn.route.PreRoutingFlags" name="PreProcessingFlags">
          <value name="verify?">no</value>
          <value name="validate?">no</value>
          <value name="persist?">yes</value>
          <value name="unique?">no</value>
        </record>
        <value name="standard">VICS</value>
        <value name="version">4050</value>
        <value name="transaction">893</value>
      </idatacodable>
      <idatacodable javaclass="wm.b2b.editn.EDITransactionDocType" name="4s5h8a00ik9ggdqe000000gi">
        <value name="TypeID">4s5h8a00ik9ggdqe000000gi</value>
        <value name="TypeName">VICS 4050 940</value>
        <null name="TypeDescription"/>
        <idatacodable javaclass="com.wm.data.MBoolean" name="Deleted">
          <value name="MBoolean">false</value>
        </idatacodable>
        <value name="LastModified">2025-02-17 16:31:00.429</value>
        <value name="ValidationSvc">wm.b2b.editn:validateTransaction</value>
        <record javaclass="com.wm.app.tn.route.PreRoutingFlags" name="PreProcessingFlags">
          <value name="verify?">no</value>
          <value name="validate?">no</value>
          <value name="persist?">yes</value>
          <value name="unique?">no</value>
        </record>
        <value name="standard">VICS</value>
        <value name="version">4050</value>
        <value name="transaction">940</value>
      </idatacodable>
      <idatacodable javaclass="wm.b2b.editn.EDITransactionDocType" name="4s5h8a00ik9ggdqe000000gj">
        <value name="TypeID">4s5h8a00ik9ggdqe000000gj</value>
        <value name="TypeName">VICS 4050 947</value>
        <null name="TypeDescription"/>
        <idatacodable javaclass="com.wm.data.MBoolean" name="Deleted">
          <value name="MBoolean">false</value>
        </idatacodable>
        <value name="LastModified">2025-02-17 16:31:00.429</value>
        <value name="ValidationSvc">wm.b2b.editn:validateTransaction</value>
        <record javaclass="com.wm.app.tn.route.PreRoutingFlags" name="PreProcessingFlags">
          <value name="verify?">no</value>
          <value name="validate?">no</value>
          <value name="persist?">yes</value>
          <value name="unique?">no</value>
        </record>
        <value name="standard">VICS</value>
        <value name="version">4050</value>
        <value name="transaction">947</value>
      </idatacodable>
      <idatacodable javaclass="wm.b2b.editn.EDITransactionDocType" name="4s5h8a00ik9ggdqe000000gk">
        <value name="TypeID">4s5h8a00ik9ggdqe000000gk</value>
        <value name="TypeName">VICS 4050 997</value>
        <null name="TypeDescription"/>
        <idatacodable javaclass="com.wm.data.MBoolean" name="Deleted">
          <value name="MBoolean">false</value>
        </idatacodable>
        <value name="LastModified">2025-02-17 16:31:00.429</value>
        <value name="ValidationSvc">wm.b2b.editn:validateTransaction</value>
        <record javaclass="com.wm.app.tn.route.PreRoutingFlags" name="PreProcessingFlags">
          <value name="verify?">no</value>
          <value name="validate?">no</value>
          <value name="persist?">yes</value>
          <value name="unique?">no</value>
        </record>
        <value name="standard">VICS</value>
        <value name="version">4050</value>
        <value name="transaction">997</value>
      </idatacodable>
    </record>
  </record>
</IDataXMLCoder>
