<?xml version="1.0" encoding="UTF-8"?><IDataXMLCoder version="1.0">
  <record javaclass="com.wm.data.BasicData">
    <record javaclass="com.wm.data.BasicData" name="version">
      <value name="major">1</value>
      <value name="minor">0</value>
    </record>
    <record javaclass="com.wm.data.BasicData" name="types">
      <idatacodable javaclass="wm.b2b.editn.EDITransactionDocType" name="4s5h8a00ik9ggdji000000d0">
        <value name="TypeID">4s5h8a00ik9ggdji000000d0</value>
        <value name="TypeName">VICS 4010 180</value>
        <null name="TypeDescription"/>
        <idatacodable javaclass="com.wm.data.MBoolean" name="Deleted">
          <value name="MBoolean">false</value>
        </idatacodable>
        <value name="LastModified">2025-02-17 16:31:00.210</value>
        <value name="ValidationSvc">wm.b2b.editn:validateTransaction</value>
        <record javaclass="com.wm.app.tn.route.PreRoutingFlags" name="PreProcessingFlags">
          <value name="verify?">no</value>
          <value name="validate?">no</value>
          <value name="persist?">yes</value>
          <value name="unique?">no</value>
        </record>
        <value name="standard">VICS</value>
        <value name="version">4010</value>
        <value name="transaction">180</value>
      </idatacodable>
      <idatacodable javaclass="wm.b2b.editn.EDITransactionDocType" name="4s5h8a00ik9ggdji000000d1">
        <value name="TypeID">4s5h8a00ik9ggdji000000d1</value>
        <value name="TypeName">VICS 4010 810</value>
        <null name="TypeDescription"/>
        <idatacodable javaclass="com.wm.data.MBoolean" name="Deleted">
          <value name="MBoolean">false</value>
        </idatacodable>
        <value name="LastModified">2025-02-17 16:31:00.210</value>
        <value name="ValidationSvc">wm.b2b.editn:validateTransaction</value>
        <record javaclass="com.wm.app.tn.route.PreRoutingFlags" name="PreProcessingFlags">
          <value name="verify?">no</value>
          <value name="validate?">no</value>
          <value name="persist?">yes</value>
          <value name="unique?">no</value>
        </record>
        <value name="standard">VICS</value>
        <value name="version">4010</value>
        <value name="transaction">810</value>
      </idatacodable>
      <idatacodable javaclass="wm.b2b.editn.EDITransactionDocType" name="4s5h8a00ik9ggdji000000d2">
        <value name="TypeID">4s5h8a00ik9ggdji000000d2</value>
        <value name="TypeName">VICS 4010 812</value>
        <null name="TypeDescription"/>
        <idatacodable javaclass="com.wm.data.MBoolean" name="Deleted">
          <value name="MBoolean">false</value>
        </idatacodable>
        <value name="LastModified">2025-02-17 16:31:00.210</value>
        <value name="ValidationSvc">wm.b2b.editn:validateTransaction</value>
        <record javaclass="com.wm.app.tn.route.PreRoutingFlags" name="PreProcessingFlags">
          <value name="verify?">no</value>
          <value name="validate?">no</value>
          <value name="persist?">yes</value>
          <value name="unique?">no</value>
        </record>
        <value name="standard">VICS</value>
        <value name="version">4010</value>
        <value name="transaction">812</value>
      </idatacodable>
      <idatacodable javaclass="wm.b2b.editn.EDITransactionDocType" name="4s5h8a00ik9ggdji000000d3">
        <value name="TypeID">4s5h8a00ik9ggdji000000d3</value>
        <value name="TypeName">VICS 4010 816</value>
        <null name="TypeDescription"/>
        <idatacodable javaclass="com.wm.data.MBoolean" name="Deleted">
          <value name="MBoolean">false</value>
        </idatacodable>
        <value name="LastModified">2025-02-17 16:31:00.210</value>
        <value name="ValidationSvc">wm.b2b.editn:validateTransaction</value>
        <record javaclass="com.wm.app.tn.route.PreRoutingFlags" name="PreProcessingFlags">
          <value name="verify?">no</value>
          <value name="validate?">no</value>
          <value name="persist?">yes</value>
          <value name="unique?">no</value>
        </record>
        <value name="standard">VICS</value>
        <value name="version">4010</value>
        <value name="transaction">816</value>
      </idatacodable>
      <idatacodable javaclass="wm.b2b.editn.EDITransactionDocType" name="4s5h8a00ik9ggdji000000d4">
        <value name="TypeID">4s5h8a00ik9ggdji000000d4</value>
        <value name="TypeName">VICS 4010 818</value>
        <null name="TypeDescription"/>
        <idatacodable javaclass="com.wm.data.MBoolean" name="Deleted">
          <value name="MBoolean">false</value>
        </idatacodable>
        <value name="LastModified">2025-02-17 16:31:00.210</value>
        <value name="ValidationSvc">wm.b2b.editn:validateTransaction</value>
        <record javaclass="com.wm.app.tn.route.PreRoutingFlags" name="PreProcessingFlags">
          <value name="verify?">no</value>
          <value name="validate?">no</value>
          <value name="persist?">yes</value>
          <value name="unique?">no</value>
        </record>
        <value name="standard">VICS</value>
        <value name="version">4010</value>
        <value name="transaction">818</value>
      </idatacodable>
      <idatacodable javaclass="wm.b2b.editn.EDITransactionDocType" name="4s5h8a00ik9ggdji000000d5">
        <value name="TypeID">4s5h8a00ik9ggdji000000d5</value>
        <value name="TypeName">VICS 4010 820</value>
        <null name="TypeDescription"/>
        <idatacodable javaclass="com.wm.data.MBoolean" name="Deleted">
          <value name="MBoolean">false</value>
        </idatacodable>
        <value name="LastModified">2025-02-17 16:31:00.210</value>
        <value name="ValidationSvc">wm.b2b.editn:validateTransaction</value>
        <record javaclass="com.wm.app.tn.route.PreRoutingFlags" name="PreProcessingFlags">
          <value name="verify?">no</value>
          <value name="validate?">no</value>
          <value name="persist?">yes</value>
          <value name="unique?">no</value>
        </record>
        <value name="standard">VICS</value>
        <value name="version">4010</value>
        <value name="transaction">820</value>
      </idatacodable>
      <idatacodable javaclass="wm.b2b.editn.EDITransactionDocType" name="4s5h8a00ik9ggdji000000d6">
        <value name="TypeID">4s5h8a00ik9ggdji000000d6</value>
        <value name="TypeName">VICS 4010 824</value>
        <null name="TypeDescription"/>
        <idatacodable javaclass="com.wm.data.MBoolean" name="Deleted">
          <value name="MBoolean">false</value>
        </idatacodable>
        <value name="LastModified">2025-02-17 16:31:00.210</value>
        <value name="ValidationSvc">wm.b2b.editn:validateTransaction</value>
        <record javaclass="com.wm.app.tn.route.PreRoutingFlags" name="PreProcessingFlags">
          <value name="verify?">no</value>
          <value name="validate?">no</value>
          <value name="persist?">yes</value>
          <value name="unique?">no</value>
        </record>
        <value name="standard">VICS</value>
        <value name="version">4010</value>
        <value name="transaction">824</value>
      </idatacodable>
      <idatacodable javaclass="wm.b2b.editn.EDITransactionDocType" name="4s5h8a00ik9ggdjj000000d7">
        <value name="TypeID">4s5h8a00ik9ggdjj000000d7</value>
        <value name="TypeName">VICS 4010 830</value>
        <null name="TypeDescription"/>
        <idatacodable javaclass="com.wm.data.MBoolean" name="Deleted">
          <value name="MBoolean">false</value>
        </idatacodable>
        <value name="LastModified">2025-02-17 16:31:00.210</value>
        <value name="ValidationSvc">wm.b2b.editn:validateTransaction</value>
        <record javaclass="com.wm.app.tn.route.PreRoutingFlags" name="PreProcessingFlags">
          <value name="verify?">no</value>
          <value name="validate?">no</value>
          <value name="persist?">yes</value>
          <value name="unique?">no</value>
        </record>
        <value name="standard">VICS</value>
        <value name="version">4010</value>
        <value name="transaction">830</value>
      </idatacodable>
      <idatacodable javaclass="wm.b2b.editn.EDITransactionDocType" name="4s5h8a00ik9ggdjj000000d8">
        <value name="TypeID">4s5h8a00ik9ggdjj000000d8</value>
        <value name="TypeName">VICS 4010 831</value>
        <null name="TypeDescription"/>
        <idatacodable javaclass="com.wm.data.MBoolean" name="Deleted">
          <value name="MBoolean">false</value>
        </idatacodable>
        <value name="LastModified">2025-02-17 16:31:00.210</value>
        <value name="ValidationSvc">wm.b2b.editn:validateTransaction</value>
        <record javaclass="com.wm.app.tn.route.PreRoutingFlags" name="PreProcessingFlags">
          <value name="verify?">no</value>
          <value name="validate?">no</value>
          <value name="persist?">yes</value>
          <value name="unique?">no</value>
        </record>
        <value name="standard">VICS</value>
        <value name="version">4010</value>
        <value name="transaction">831</value>
      </idatacodable>
      <idatacodable javaclass="wm.b2b.editn.EDITransactionDocType" name="4s5h8a00ik9ggdjj000000d9">
        <value name="TypeID">4s5h8a00ik9ggdjj000000d9</value>
        <value name="TypeName">VICS 4010 832</value>
        <null name="TypeDescription"/>
        <idatacodable javaclass="com.wm.data.MBoolean" name="Deleted">
          <value name="MBoolean">false</value>
        </idatacodable>
        <value name="LastModified">2025-02-17 16:31:00.210</value>
        <value name="ValidationSvc">wm.b2b.editn:validateTransaction</value>
        <record javaclass="com.wm.app.tn.route.PreRoutingFlags" name="PreProcessingFlags">
          <value name="verify?">no</value>
          <value name="validate?">no</value>
          <value name="persist?">yes</value>
          <value name="unique?">no</value>
        </record>
        <value name="standard">VICS</value>
        <value name="version">4010</value>
        <value name="transaction">832</value>
      </idatacodable>
      <idatacodable javaclass="wm.b2b.editn.EDITransactionDocType" name="4s5h8a00ik9ggdjj000000da">
        <value name="TypeID">4s5h8a00ik9ggdjj000000da</value>
        <value name="TypeName">VICS 4010 840</value>
        <null name="TypeDescription"/>
        <idatacodable javaclass="com.wm.data.MBoolean" name="Deleted">
          <value name="MBoolean">false</value>
        </idatacodable>
        <value name="LastModified">2025-02-17 16:31:00.210</value>
        <value name="ValidationSvc">wm.b2b.editn:validateTransaction</value>
        <record javaclass="com.wm.app.tn.route.PreRoutingFlags" name="PreProcessingFlags">
          <value name="verify?">no</value>
          <value name="validate?">no</value>
          <value name="persist?">yes</value>
          <value name="unique?">no</value>
        </record>
        <value name="standard">VICS</value>
        <value name="version">4010</value>
        <value name="transaction">840</value>
      </idatacodable>
      <idatacodable javaclass="wm.b2b.editn.EDITransactionDocType" name="4s5h8a00ik9ggdjj000000db">
        <value name="TypeID">4s5h8a00ik9ggdjj000000db</value>
        <value name="TypeName">VICS 4010 843</value>
        <null name="TypeDescription"/>
        <idatacodable javaclass="com.wm.data.MBoolean" name="Deleted">
          <value name="MBoolean">false</value>
        </idatacodable>
        <value name="LastModified">2025-02-17 16:31:00.210</value>
        <value name="ValidationSvc">wm.b2b.editn:validateTransaction</value>
        <record javaclass="com.wm.app.tn.route.PreRoutingFlags" name="PreProcessingFlags">
          <value name="verify?">no</value>
          <value name="validate?">no</value>
          <value name="persist?">yes</value>
          <value name="unique?">no</value>
        </record>
        <value name="standard">VICS</value>
        <value name="version">4010</value>
        <value name="transaction">843</value>
      </idatacodable>
      <idatacodable javaclass="wm.b2b.editn.EDITransactionDocType" name="4s5h8a00ik9ggdjj000000dc">
        <value name="TypeID">4s5h8a00ik9ggdjj000000dc</value>
        <value name="TypeName">VICS 4010 846</value>
        <null name="TypeDescription"/>
        <idatacodable javaclass="com.wm.data.MBoolean" name="Deleted">
          <value name="MBoolean">false</value>
        </idatacodable>
        <value name="LastModified">2025-02-17 16:31:00.210</value>
        <value name="ValidationSvc">wm.b2b.editn:validateTransaction</value>
        <record javaclass="com.wm.app.tn.route.PreRoutingFlags" name="PreProcessingFlags">
          <value name="verify?">no</value>
          <value name="validate?">no</value>
          <value name="persist?">yes</value>
          <value name="unique?">no</value>
        </record>
        <value name="standard">VICS</value>
        <value name="version">4010</value>
        <value name="transaction">846</value>
      </idatacodable>
      <idatacodable javaclass="wm.b2b.editn.EDITransactionDocType" name="4s5h8a00ik9ggdjj000000dd">
        <value name="TypeID">4s5h8a00ik9ggdjj000000dd</value>
        <value name="TypeName">VICS 4010 850</value>
        <null name="TypeDescription"/>
        <idatacodable javaclass="com.wm.data.MBoolean" name="Deleted">
          <value name="MBoolean">false</value>
        </idatacodable>
        <value name="LastModified">2025-02-17 16:31:00.210</value>
        <value name="ValidationSvc">wm.b2b.editn:validateTransaction</value>
        <record javaclass="com.wm.app.tn.route.PreRoutingFlags" name="PreProcessingFlags">
          <value name="verify?">no</value>
          <value name="validate?">no</value>
          <value name="persist?">yes</value>
          <value name="unique?">no</value>
        </record>
        <value name="standard">VICS</value>
        <value name="version">4010</value>
        <value name="transaction">850</value>
      </idatacodable>
      <idatacodable javaclass="wm.b2b.editn.EDITransactionDocType" name="4s5h8a00ik9ggdjj000000de">
        <value name="TypeID">4s5h8a00ik9ggdjj000000de</value>
        <value name="TypeName">VICS 4010 852</value>
        <null name="TypeDescription"/>
        <idatacodable javaclass="com.wm.data.MBoolean" name="Deleted">
          <value name="MBoolean">false</value>
        </idatacodable>
        <value name="LastModified">2025-02-17 16:31:00.210</value>
        <value name="ValidationSvc">wm.b2b.editn:validateTransaction</value>
        <record javaclass="com.wm.app.tn.route.PreRoutingFlags" name="PreProcessingFlags">
          <value name="verify?">no</value>
          <value name="validate?">no</value>
          <value name="persist?">yes</value>
          <value name="unique?">no</value>
        </record>
        <value name="standard">VICS</value>
        <value name="version">4010</value>
        <value name="transaction">852</value>
      </idatacodable>
      <idatacodable javaclass="wm.b2b.editn.EDITransactionDocType" name="4s5h8a00ik9ggdjj000000df">
        <value name="TypeID">4s5h8a00ik9ggdjj000000df</value>
        <value name="TypeName">VICS 4010 853</value>
        <null name="TypeDescription"/>
        <idatacodable javaclass="com.wm.data.MBoolean" name="Deleted">
          <value name="MBoolean">false</value>
        </idatacodable>
        <value name="LastModified">2025-02-17 16:31:00.210</value>
        <value name="ValidationSvc">wm.b2b.editn:validateTransaction</value>
        <record javaclass="com.wm.app.tn.route.PreRoutingFlags" name="PreProcessingFlags">
          <value name="verify?">no</value>
          <value name="validate?">no</value>
          <value name="persist?">yes</value>
          <value name="unique?">no</value>
        </record>
        <value name="standard">VICS</value>
        <value name="version">4010</value>
        <value name="transaction">853</value>
      </idatacodable>
      <idatacodable javaclass="wm.b2b.editn.EDITransactionDocType" name="4s5h8a00ik9ggdjj000000dg">
        <value name="TypeID">4s5h8a00ik9ggdjj000000dg</value>
        <value name="TypeName">VICS 4010 855</value>
        <null name="TypeDescription"/>
        <idatacodable javaclass="com.wm.data.MBoolean" name="Deleted">
          <value name="MBoolean">false</value>
        </idatacodable>
        <value name="LastModified">2025-02-17 16:31:00.210</value>
        <value name="ValidationSvc">wm.b2b.editn:validateTransaction</value>
        <record javaclass="com.wm.app.tn.route.PreRoutingFlags" name="PreProcessingFlags">
          <value name="verify?">no</value>
          <value name="validate?">no</value>
          <value name="persist?">yes</value>
          <value name="unique?">no</value>
        </record>
        <value name="standard">VICS</value>
        <value name="version">4010</value>
        <value name="transaction">855</value>
      </idatacodable>
      <idatacodable javaclass="wm.b2b.editn.EDITransactionDocType" name="4s5h8a00ik9ggdjj000000dh">
        <value name="TypeID">4s5h8a00ik9ggdjj000000dh</value>
        <value name="TypeName">VICS 4010 856</value>
        <null name="TypeDescription"/>
        <idatacodable javaclass="com.wm.data.MBoolean" name="Deleted">
          <value name="MBoolean">false</value>
        </idatacodable>
        <value name="LastModified">2025-02-17 16:31:00.210</value>
        <value name="ValidationSvc">wm.b2b.editn:validateTransaction</value>
        <record javaclass="com.wm.app.tn.route.PreRoutingFlags" name="PreProcessingFlags">
          <value name="verify?">no</value>
          <value name="validate?">no</value>
          <value name="persist?">yes</value>
          <value name="unique?">no</value>
        </record>
        <value name="standard">VICS</value>
        <value name="version">4010</value>
        <value name="transaction">856</value>
      </idatacodable>
      <idatacodable javaclass="wm.b2b.editn.EDITransactionDocType" name="4s5h8a00ik9ggdjj000000di">
        <value name="TypeID">4s5h8a00ik9ggdjj000000di</value>
        <value name="TypeName">VICS 4010 857</value>
        <null name="TypeDescription"/>
        <idatacodable javaclass="com.wm.data.MBoolean" name="Deleted">
          <value name="MBoolean">false</value>
        </idatacodable>
        <value name="LastModified">2025-02-17 16:31:00.210</value>
        <value name="ValidationSvc">wm.b2b.editn:validateTransaction</value>
        <record javaclass="com.wm.app.tn.route.PreRoutingFlags" name="PreProcessingFlags">
          <value name="verify?">no</value>
          <value name="validate?">no</value>
          <value name="persist?">yes</value>
          <value name="unique?">no</value>
        </record>
        <value name="standard">VICS</value>
        <value name="version">4010</value>
        <value name="transaction">857</value>
      </idatacodable>
      <idatacodable javaclass="wm.b2b.editn.EDITransactionDocType" name="4s5h8a00ik9ggdjj000000dj">
        <value name="TypeID">4s5h8a00ik9ggdjj000000dj</value>
        <value name="TypeName">VICS 4010 860</value>
        <null name="TypeDescription"/>
        <idatacodable javaclass="com.wm.data.MBoolean" name="Deleted">
          <value name="MBoolean">false</value>
        </idatacodable>
        <value name="LastModified">2025-02-17 16:31:00.210</value>
        <value name="ValidationSvc">wm.b2b.editn:validateTransaction</value>
        <record javaclass="com.wm.app.tn.route.PreRoutingFlags" name="PreProcessingFlags">
          <value name="verify?">no</value>
          <value name="validate?">no</value>
          <value name="persist?">yes</value>
          <value name="unique?">no</value>
        </record>
        <value name="standard">VICS</value>
        <value name="version">4010</value>
        <value name="transaction">860</value>
      </idatacodable>
      <idatacodable javaclass="wm.b2b.editn.EDITransactionDocType" name="4s5h8a00ik9ggdjj000000dk">
        <value name="TypeID">4s5h8a00ik9ggdjj000000dk</value>
        <value name="TypeName">VICS 4010 861</value>
        <null name="TypeDescription"/>
        <idatacodable javaclass="com.wm.data.MBoolean" name="Deleted">
          <value name="MBoolean">false</value>
        </idatacodable>
        <value name="LastModified">2025-02-17 16:31:00.210</value>
        <value name="ValidationSvc">wm.b2b.editn:validateTransaction</value>
        <record javaclass="com.wm.app.tn.route.PreRoutingFlags" name="PreProcessingFlags">
          <value name="verify?">no</value>
          <value name="validate?">no</value>
          <value name="persist?">yes</value>
          <value name="unique?">no</value>
        </record>
        <value name="standard">VICS</value>
        <value name="version">4010</value>
        <value name="transaction">861</value>
      </idatacodable>
      <idatacodable javaclass="wm.b2b.editn.EDITransactionDocType" name="4s5h8a00ik9ggdjj000000dl">
        <value name="TypeID">4s5h8a00ik9ggdjj000000dl</value>
        <value name="TypeName">VICS 4010 864</value>
        <null name="TypeDescription"/>
        <idatacodable javaclass="com.wm.data.MBoolean" name="Deleted">
          <value name="MBoolean">false</value>
        </idatacodable>
        <value name="LastModified">2025-02-17 16:31:00.210</value>
        <value name="ValidationSvc">wm.b2b.editn:validateTransaction</value>
        <record javaclass="com.wm.app.tn.route.PreRoutingFlags" name="PreProcessingFlags">
          <value name="verify?">no</value>
          <value name="validate?">no</value>
          <value name="persist?">yes</value>
          <value name="unique?">no</value>
        </record>
        <value name="standard">VICS</value>
        <value name="version">4010</value>
        <value name="transaction">864</value>
      </idatacodable>
      <idatacodable javaclass="wm.b2b.editn.EDITransactionDocType" name="4s5h8a00ik9ggdjj000000dm">
        <value name="TypeID">4s5h8a00ik9ggdjj000000dm</value>
        <value name="TypeName">VICS 4010 869</value>
        <null name="TypeDescription"/>
        <idatacodable javaclass="com.wm.data.MBoolean" name="Deleted">
          <value name="MBoolean">false</value>
        </idatacodable>
        <value name="LastModified">2025-02-17 16:31:00.210</value>
        <value name="ValidationSvc">wm.b2b.editn:validateTransaction</value>
        <record javaclass="com.wm.app.tn.route.PreRoutingFlags" name="PreProcessingFlags">
          <value name="verify?">no</value>
          <value name="validate?">no</value>
          <value name="persist?">yes</value>
          <value name="unique?">no</value>
        </record>
        <value name="standard">VICS</value>
        <value name="version">4010</value>
        <value name="transaction">869</value>
      </idatacodable>
      <idatacodable javaclass="wm.b2b.editn.EDITransactionDocType" name="4s5h8a00ik9ggdjj000000dn">
        <value name="TypeID">4s5h8a00ik9ggdjj000000dn</value>
        <value name="TypeName">VICS 4010 870</value>
        <null name="TypeDescription"/>
        <idatacodable javaclass="com.wm.data.MBoolean" name="Deleted">
          <value name="MBoolean">false</value>
        </idatacodable>
        <value name="LastModified">2025-02-17 16:31:00.210</value>
        <value name="ValidationSvc">wm.b2b.editn:validateTransaction</value>
        <record javaclass="com.wm.app.tn.route.PreRoutingFlags" name="PreProcessingFlags">
          <value name="verify?">no</value>
          <value name="validate?">no</value>
          <value name="persist?">yes</value>
          <value name="unique?">no</value>
        </record>
        <value name="standard">VICS</value>
        <value name="version">4010</value>
        <value name="transaction">870</value>
      </idatacodable>
      <idatacodable javaclass="wm.b2b.editn.EDITransactionDocType" name="4s5h8a00ik9ggdjj000000do">
        <value name="TypeID">4s5h8a00ik9ggdjj000000do</value>
        <value name="TypeName">VICS 4010 889</value>
        <null name="TypeDescription"/>
        <idatacodable javaclass="com.wm.data.MBoolean" name="Deleted">
          <value name="MBoolean">false</value>
        </idatacodable>
        <value name="LastModified">2025-02-17 16:31:00.210</value>
        <value name="ValidationSvc">wm.b2b.editn:validateTransaction</value>
        <record javaclass="com.wm.app.tn.route.PreRoutingFlags" name="PreProcessingFlags">
          <value name="verify?">no</value>
          <value name="validate?">no</value>
          <value name="persist?">yes</value>
          <value name="unique?">no</value>
        </record>
        <value name="standard">VICS</value>
        <value name="version">4010</value>
        <value name="transaction">889</value>
      </idatacodable>
      <idatacodable javaclass="wm.b2b.editn.EDITransactionDocType" name="4s5h8a00ik9ggdjk000000dp">
        <value name="TypeID">4s5h8a00ik9ggdjk000000dp</value>
        <value name="TypeName">VICS 4010 940</value>
        <null name="TypeDescription"/>
        <idatacodable javaclass="com.wm.data.MBoolean" name="Deleted">
          <value name="MBoolean">false</value>
        </idatacodable>
        <value name="LastModified">2025-02-17 16:31:00.210</value>
        <value name="ValidationSvc">wm.b2b.editn:validateTransaction</value>
        <record javaclass="com.wm.app.tn.route.PreRoutingFlags" name="PreProcessingFlags">
          <value name="verify?">no</value>
          <value name="validate?">no</value>
          <value name="persist?">yes</value>
          <value name="unique?">no</value>
        </record>
        <value name="standard">VICS</value>
        <value name="version">4010</value>
        <value name="transaction">940</value>
      </idatacodable>
      <idatacodable javaclass="wm.b2b.editn.EDITransactionDocType" name="4s5h8a00ik9ggdjk000000dq">
        <value name="TypeID">4s5h8a00ik9ggdjk000000dq</value>
        <value name="TypeName">VICS 4010 997</value>
        <null name="TypeDescription"/>
        <idatacodable javaclass="com.wm.data.MBoolean" name="Deleted">
          <value name="MBoolean">false</value>
        </idatacodable>
        <value name="LastModified">2025-02-17 16:31:00.210</value>
        <value name="ValidationSvc">wm.b2b.editn:validateTransaction</value>
        <record javaclass="com.wm.app.tn.route.PreRoutingFlags" name="PreProcessingFlags">
          <value name="verify?">no</value>
          <value name="validate?">no</value>
          <value name="persist?">yes</value>
          <value name="unique?">no</value>
        </record>
        <value name="standard">VICS</value>
        <value name="version">4010</value>
        <value name="transaction">997</value>
      </idatacodable>
    </record>
  </record>
</IDataXMLCoder>
